age,Medu,Fedu,traveltime,studytime,failures,famrel,freetime,goout,health,absences,G1,G2,Grade_Momentum,sex_F,sex_M,address_R,address_U,famsize_GT3,famsize_LE3,Pstatus_A,Pstatus_T,Mjob_at_home,Mjob_health,Mjob_other,Mjob_services,Mjob_teacher,Fjob_at_home,Fjob_health,Fjob_other,Fjob_services,Fjob_teacher,schoolsup_no,schoolsup_yes,famsup_no,famsup_yes,paid_no,paid_yes,activities_no,activities_yes,higher_no,higher_yes,internet_no,internet_yes
-1.4098842943814975,-0.4775011415997428,-0.2976983184073204,-0.7620794323257384,2.5725350158931213,-0.3840356986917804,1.1352010995399686,1.7300819112180217,0.7145598361838071,0.9958328199461243,0.4749689671975684,0.9370924610053615,0.5064622735791303,-0.7432514980203854,0.0,1.0,0.0,1.0,1.0,0.0,0.0,1.0,0.0,0.0,0.0,1.0,0.0,0.0,0.0,0.0,1.0,0.0,1.0,0.0,0.0,1.0,1.0,0.0,0.0,1.0,0.0,1.0,0.0,1.0
0.23445266917804672,-0.4775011415997428,-0.2976983184073204,0.5563179855977891,0.11143700068845773,-0.3840356986917804,0.09793108077017354,0.7839148807415693,0.7145598361838071,0.9958328199461243,0.4749689671975684,0.20186799046600779,0.15552246051161547,-0.07121747803331217,1.0,0.0,0.0,1.0,0.0,1.0,0.0,1.0,0.0,0.0,0.0,1.0,0.0,0.0,0.0,1.0,0.0,0.0,0.0,1.0,0.0,1.0,1.0,0.0,1.0,0.0,0.0,1.0,0.0,1.0
-1.4098842943814975,-0.4775011415997428,-0.2976983184073204,0.5563179855977891,0.11143700068845773,-0.3840356986917804,0.09793108077017354,-2.0545862106877877,-0.14789726841943915,0.3103722979938185,-0.8011771620977103,-0.16574424480366903,-0.5463571656234143,-0.7432514980203854,1.0,0.0,1.0,0.0,0.0,1.0,0.0,1.0,0.0,1.0,0.0,0.0,0.0,0.0,0.0,0.0,1.0,0.0,0.0,1.0,0.0,1.0,1.0,0.0,1.0,0.0,0.0,1.0,0.0,1.0
-1.4098842943814975,1.3053988043733975,1.5416520060379102,0.5563179855977891,0.11143700068845773,-0.3840356986917804,0.09793108077017354,0.7839148807415693,0.7145598361838071,0.9958328199461243,0.0495869240991422,0.20186799046600779,-0.1954173525558994,-0.7432514980203854,1.0,0.0,0.0,1.0,1.0,0.0,0.0,1.0,0.0,0.0,0.0,1.0,0.0,0.0,0.0,0.0,1.0,0.0,1.0,0.0,1.0,0.0,1.0,0.0,1.0,0.0,0.0,1.0,0.0,1.0
-1.4098842943814975,-0.4775011415997428,-1.2173734806299357,1.8747154035213165,1.3419860082907897,-0.3840356986917804,1.1352010995399686,-1.1084191802113352,-1.0103543730226854,0.3103722979938185,-0.8011771620977103,-0.5333564800733459,0.15552246051161547,1.2728505619408341,1.0,0.0,0.0,1.0,1.0,0.0,0.0,1.0,0.0,0.0,0.0,1.0,0.0,0.0,0.0,1.0,0.0,0.0,1.0,0.0,0.0,1.0,1.0,0.0,0.0,1.0,0.0,1.0,0.0,1.0
0.23445266917804672,-1.368951114586313,-0.2976983184073204,-0.7620794323257384,-1.1191120069138742,1.1978256316338864,1.1352010995399686,-0.16225214973488297,1.5770169407870533,-1.7460092678630987,1.7511150964928472,-2.003805421152053,-1.5991766048259588,0.600816541953761,0.0,1.0,0.0,1.0,1.0,0.0,0.0,1.0,0.0,0.0,1.0,0.0,0.0,0.0,0.0,1.0,0.0,0.0,1.0,0.0,0.0,1.0,1.0,0.0,0.0,1.0,1.0,0.0,0.0,1.0
0.23445266917804672,1.3053988043733975,1.5416520060379102,0.5563179855977891,1.3419860082907897,-0.3840356986917804,0.09793108077017354,-0.16225214973488297,-0.14789726841943915,0.3103722979938185,0.0495869240991422,1.3047046962750384,0.8574020866466452,-0.7432514980203854,1.0,0.0,0.0,1.0,1.0,0.0,0.0,1.0,0.0,0.0,0.0,0.0,1.0,0.0,0.0,0.0,0.0,1.0,1.0,0.0,0.0,1.0,1.0,0.0,1.0,0.0,0.0,1.0,0.0,1.0
0.23445266917804672,-0.4775011415997428,-1.2173734806299357,0.5563179855977891,1.3419860082907897,-0.3840356986917804,-0.9393389379996216,-1.1084191802113352,-0.14789726841943915,-0.3750882239584872,-0.8011771620977103,1.3047046962750384,1.2083418997141602,-0.07121747803331217,1.0,0.0,0.0,1.0,1.0,0.0,1.0,0.0,0.0,0.0,1.0,0.0,0.0,0.0,0.0,1.0,0.0,0.0,1.0,0.0,1.0,0.0,1.0,0.0,0.0,1.0,0.0,1.0,0.0,1.0
1.0566211509578187,0.41394883138682737,0.6219768438152948,0.5563179855977891,-1.1191120069138742,1.1978256316338864,0.09793108077017354,-2.0545862106877877,-1.8728114776259317,-0.3750882239584872,2.1764971395912736,-1.2685809506126995,-1.5991766048259588,-0.7432514980203854,1.0,0.0,0.0,1.0,1.0,0.0,0.0,1.0,0.0,0.0,1.0,0.0,0.0,0.0,0.0,1.0,0.0,0.0,1.0,0.0,1.0,0.0,1.0,0.0,1.0,0.0,1.0,0.0,0.0,1.0
0.23445266917804672,-0.4775011415997428,0.6219768438152948,0.5563179855977891,0.11143700068845773,-0.3840356986917804,0.09793108077017354,-1.1084191802113352,-1.8728114776259317,-0.3750882239584872,-0.37579511899928403,-0.16574424480366903,0.15552246051161547,0.600816541953761,1.0,0.0,0.0,1.0,1.0,0.0,0.0,1.0,0.0,0.0,1.0,0.0,0.0,0.0,0.0,1.0,0.0,0.0,1.0,0.0,1.0,0.0,1.0,0.0,0.0,1.0,0.0,1.0,0.0,1.0
0.23445266917804672,0.41394883138682737,-0.2976983184073204,-0.7620794323257384,-1.1191120069138742,4.36154829228522,1.1352010995399686,1.7300819112180217,1.5770169407870533,0.9958328199461243,-0.37579511899928403,-1.2685809506126995,-1.248236791758444,-0.07121747803331217,0.0,1.0,0.0,1.0,1.0,0.0,0.0,1.0,0.0,0.0,0.0,1.0,0.0,0.0,0.0,0.0,1.0,0.0,1.0,0.0,0.0,1.0,0.0,1.0,0.0,1.0,0.0,1.0,0.0,1.0
-1.4098842943814975,-1.368951114586313,-1.2173734806299357,1.8747154035213165,-1.1191120069138742,1.1978256316338864,1.1352010995399686,1.7300819112180217,1.5770169407870533,-1.7460092678630987,-0.37579511899928403,-1.2685809506126995,-0.8972969786909292,0.600816541953761,1.0,0.0,1.0,0.0,1.0,0.0,0.0,1.0,0.0,0.0,1.0,0.0,0.0,0.0,0.0,1.0,0.0,0.0,1.0,0.0,1.0,0.0,1.0,0.0,0.0,1.0,0.0,1.0,0.0,1.0
-0.5877158126017253,0.41394883138682737,-0.2976983184073204,0.5563179855977891,-1.1191120069138742,-0.3840356986917804,0.09793108077017354,1.7300819112180217,1.5770169407870533,0.9958328199461243,-0.37579511899928403,-0.16574424480366903,-0.8972969786909292,-1.4152855180074584,0.0,1.0,1.0,0.0,1.0,0.0,0.0,1.0,0.0,0.0,0.0,1.0,0.0,0.0,0.0,1.0,0.0,0.0,1.0,0.0,1.0,0.0,1.0,0.0,1.0,0.0,0.0,1.0,0.0,1.0
0.23445266917804672,-0.4775011415997428,1.5416520060379102,0.5563179855977891,0.11143700068845773,-0.3840356986917804,0.09793108077017354,-0.16225214973488297,-0.14789726841943915,-1.7460092678630987,0.4749689671975684,1.3047046962750384,1.559281712781675,0.600816541953761,1.0,0.0,0.0,1.0,1.0,0.0,0.0,1.0,1.0,0.0,0.0,0.0,0.0,0.0,1.0,0.0,0.0,0.0,1.0,0.0,0.0,1.0,1.0,0.0,1.0,0.0,0.0,1.0,0.0,1.0
1.8787896327375908,-0.4775011415997428,-0.2976983184073204,-0.7620794323257384,1.3419860082907897,-0.3840356986917804,1.1352010995399686,0.7839148807415693,1.5770169407870533,-1.7460092678630987,-0.8011771620977103,0.20186799046600779,0.5064622735791303,0.600816541953761,1.0,0.0,0.0,1.0,0.0,1.0,0.0,1.0,0.0,0.0,1.0,0.0,0.0,0.0,0.0,1.0,0.0,0.0,1.0,0.0,1.0,0.0,1.0,0.0,1.0,0.0,0.0,1.0,0.0,1.0
0.23445266917804672,1.3053988043733975,1.5416520060379102,0.5563179855977891,-1.1191120069138742,-0.3840356986917804,0.09793108077017354,-2.0545862106877877,-1.8728114776259317,0.9958328199461243,-0.8011771620977103,0.20186799046600779,0.5064622735791303,0.600816541953761,0.0,1.0,0.0,1.0,0.0,1.0,0.0,1.0,0.0,0.0,1.0,0.0,0.0,0.0,0.0,0.0,0.0,1.0,1.0,0.0,1.0,0.0,1.0,0.0,1.0,0.0,0.0,1.0,0.0,1.0
1.0566211509578187,-1.368951114586313,-1.2173734806299357,0.5563179855977891,0.11143700068845773,-0.3840356986917804,0.09793108077017354,-0.16225214973488297,-0.14789726841943915,0.9958328199461243,0.4749689671975684,-0.5333564800733459,-0.8972969786909292,-0.7432514980203854,0.0,1.0,0.0,1.0,0.0,1.0,0.0,1.0,1.0,0.0,0.0,0.0,0.0,1.0,0.0,0.0,0.0,0.0,1.0,0.0,0.0,1.0,1.0,0.0,0.0,1.0,0.0,1.0,1.0,0.0
1.0566211509578187,0.41394883138682737,-0.2976983184073204,0.5563179855977891,0.11143700068845773,-0.3840356986917804,0.09793108077017354,-2.0545862106877877,-1.8728114776259317,0.9958328199461243,2.3891881611404866,0.20186799046600779,-0.8972969786909292,-2.0873195379945315,1.0,0.0,1.0,0.0,1.0,0.0,1.0,0.0,0.0,0.0,1.0,0.0,0.0,0.0,0.0,0.0,1.0,0.0,1.0,0.0,1.0,0.0,1.0,0.0,1.0,0.0,1.0,0.0,0.0,1.0
1.0566211509578187,-0.4775011415997428,-1.2173734806299357,0.5563179855977891,0.11143700068845773,-0.3840356986917804,1.1352010995399686,-0.16225214973488297,-0.14789726841943915,-1.7460092678630987,-0.37579511899928403,0.20186799046600779,0.15552246051161547,-0.07121747803331217,1.0,0.0,0.0,1.0,1.0,0.0,0.0,1.0,0.0,0.0,0.0,1.0,0.0,0.0,0.0,1.0,0.0,0.0,1.0,0.0,0.0,1.0,1.0,0.0,0.0,1.0,0.0,1.0,0.0,1.0
-1.4098842943814975,-0.4775011415997428,-1.2173734806299357,-0.7620794323257384,0.11143700068845773,-0.3840356986917804,0.09793108077017354,0.7839148807415693,-1.0103543730226854,-1.060548745910793,-0.8011771620977103,-0.9009687153430227,-0.5463571656234143,0.600816541953761,1.0,0.0,0.0,1.0,1.0,0.0,0.0,1.0,1.0,0.0,0.0,0.0,0.0,0.0,0.0,1.0,0.0,0.0,0.0,1.0,0.0,1.0,1.0,0.0,1.0,0.0,0.0,1.0,0.0,1.0
-1.4098842943814975,-1.368951114586313,-1.2173734806299357,1.8747154035213165,-1.1191120069138742,-0.3840356986917804,0.09793108077017354,-0.16225214973488297,-0.14789726841943915,0.3103722979938185,0.4749689671975684,-0.16574424480366903,0.15552246051161547,0.600816541953761,1.0,0.0,0.0,1.0,1.0,0.0,0.0,1.0,1.0,0.0,0.0,0.0,0.0,0.0,0.0,1.0,0.0,0.0,1.0,0.0,0.0,1.0,1.0,0.0,0.0,1.0,0.0,1.0,0.0,1.0
-0.5877158126017253,-0.4775011415997428,-0.2976983184073204,0.5563179855977891,0.11143700068845773,-0.3840356986917804,0.09793108077017354,-2.0545862106877877,-1.0103543730226854,0.9958328199461243,-0.8011771620977103,0.20186799046600779,0.5064622735791303,0.600816541953761,0.0,1.0,0.0,1.0,0.0,1.0,1.0,0.0,0.0,0.0,1.0,0.0,0.0,0.0,0.0,0.0,1.0,0.0,1.0,0.0,0.0,1.0,1.0,0.0,1.0,0.0,0.0,1.0,0.0,1.0
1.0566211509578187,-1.368951114586313,-1.2173734806299357,-0.7620794323257384,0.11143700068845773,-0.3840356986917804,1.1352010995399686,-1.1084191802113352,-0.14789726841943915,-0.3750882239584872,-0.37579511899928403,-1.2685809506126995,-0.5463571656234143,1.2728505619408341,1.0,0.0,0.0,1.0,0.0,1.0,1.0,0.0,1.0,0.0,0.0,0.0,0.0,0.0,0.0,0.0,1.0,0.0,1.0,0.0,1.0,0.0,1.0,0.0,1.0,0.0,0.0,1.0,1.0,0.0
1.0566211509578187,-0.4775011415997428,-0.2976983184073204,-0.7620794323257384,1.3419860082907897,-0.3840356986917804,0.09793108077017354,-0.16225214973488297,-0.14789726841943915,-1.060548745910793,-0.8011771620977103,2.407541402084069,2.2611613389167045,-0.07121747803331217,1.0,0.0,0.0,1.0,1.0,0.0,0.0,1.0,1.0,0.0,0.0,0.0,0.0,1.0,0.0,0.0,0.0,0.0,1.0,0.0,0.0,1.0,1.0,0.0,1.0,0.0,0.0,1.0,0.0,1.0
1.0566211509578187,0.41394883138682737,-0.2976983184073204,1.8747154035213165,-1.1191120069138742,-0.3840356986917804,0.09793108077017354,0.7839148807415693,-1.8728114776259317,0.9958328199461243,0.0495869240991422,-0.5333564800733459,-0.1954173525558994,0.600816541953761,0.0,1.0,1.0,0.0,0.0,1.0,0.0,1.0,0.0,0.0,0.0,1.0,0.0,0.0,0.0,1.0,0.0,0.0,1.0,0.0,1.0,0.0,1.0,0.0,1.0,0.0,0.0,1.0,0.0,1.0
-1.4098842943814975,-0.4775011415997428,0.6219768438152948,-0.7620794323257384,1.3419860082907897,-0.3840356986917804,1.1352010995399686,-0.16225214973488297,-1.0103543730226854,0.9958328199461243,-0.37579511899928403,-0.5333564800733459,-0.8972969786909292,-0.7432514980203854,0.0,1.0,0.0,1.0,1.0,0.0,0.0,1.0,0.0,0.0,1.0,0.0,0.0,0.0,0.0,1.0,0.0,0.0,0.0,1.0,1.0,0.0,1.0,0.0,1.0,0.0,0.0,1.0,0.0,1.0
1.8787896327375908,-1.368951114586313,-1.2173734806299357,0.5563179855977891,0.11143700068845773,4.36154829228522,-0.9393389379996216,1.7300819112180217,0.7145598361838071,-1.7460092678630987,-0.8011771620977103,-1.2685809506126995,-4.055755296298563,-5.447489637929898,1.0,0.0,1.0,0.0,1.0,0.0,1.0,0.0,1.0,0.0,0.0,0.0,0.0,1.0,0.0,0.0,0.0,0.0,1.0,0.0,0.0,1.0,1.0,0.0,0.0,1.0,1.0,0.0,1.0,0.0
-0.5877158126017253,-1.368951114586313,-0.2976983184073204,0.5563179855977891,-1.1191120069138742,-0.3840356986917804,1.1352010995399686,0.7839148807415693,1.5770169407870533,-1.060548745910793,-0.8011771620977103,0.9370924610053615,0.8574020866466452,-0.07121747803331217,1.0,0.0,1.0,0.0,0.0,1.0,0.0,1.0,0.0,0.0,1.0,0.0,0.0,0.0,0.0,1.0,0.0,0.0,1.0,0.0,1.0,0.0,1.0,0.0,0.0,1.0,0.0,1.0,0.0,1.0
-1.4098842943814975,-1.368951114586313,-0.2976983184073204,-0.7620794323257384,0.11143700068845773,-0.3840356986917804,-1.9766089567694167,-0.16225214973488297,0.7145598361838071,-1.7460092678630987,0.4749689671975684,-0.16574424480366903,-0.1954173525558994,-0.07121747803331217,1.0,0.0,0.0,1.0,1.0,0.0,0.0,1.0,1.0,0.0,0.0,0.0,0.0,0.0,0.0,0.0,1.0,0.0,1.0,0.0,1.0,0.0,1.0,0.0,1.0,0.0,0.0,1.0,1.0,0.0
-1.4098842943814975,1.3053988043733975,-0.2976983184073204,-0.7620794323257384,2.5725350158931213,-0.3840356986917804,-0.9393389379996216,-0.16225214973488297,-0.14789726841943915,-0.3750882239584872,-0.8011771620977103,-0.16574424480366903,-0.8972969786909292,-1.4152855180074584,0.0,1.0,0.0,1.0,1.0,0.0,0.0,1.0,0.0,0.0,1.0,0.0,0.0,0.0,0.0,1.0,0.0,0.0,1.0,0.0,1.0,0.0,1.0,0.0,1.0,0.0,0.0,1.0,0.0,1.0
0.23445266917804672,-0.4775011415997428,-1.2173734806299357,0.5563179855977891,0.11143700068845773,-0.3840356986917804,0.09793108077017354,-0.16225214973488297,0.7145598361838071,-1.7460092678630987,1.325733053394421,0.20186799046600779,1.2083418997141602,1.9448845819279075,1.0,0.0,0.0,1.0,1.0,0.0,0.0,1.0,0.0,0.0,0.0,1.0,0.0,0.0,0.0,1.0,0.0,0.0,1.0,0.0,0.0,1.0,1.0,0.0,0.0,1.0,0.0,1.0,0.0,1.0
0.23445266917804672,1.3053988043733975,0.6219768438152948,-0.7620794323257384,0.11143700068845773,-0.3840356986917804,1.1352010995399686,-1.1084191802113352,-1.0103543730226854,0.9958328199461243,2.1764971395912736,1.3047046962750384,0.8574020866466452,-0.7432514980203854,1.0,0.0,0.0,1.0,1.0,0.0,1.0,0.0,0.0,0.0,0.0,1.0,0.0,0.0,0.0,0.0,1.0,0.0,1.0,0.0,0.0,1.0,1.0,0.0,1.0,0.0,0.0,1.0,0.0,1.0
-0.5877158126017253,0.41394883138682737,-1.2173734806299357,-0.7620794323257384,0.11143700068845773,-0.3840356986917804,-0.9393389379996216,-0.16225214973488297,-0.14789726841943915,-1.060548745910793,-0.8011771620977103,0.20186799046600779,0.5064622735791303,0.600816541953761,1.0,0.0,0.0,1.0,0.0,1.0,0.0,1.0,0.0,0.0,1.0,0.0,0.0,0.0,0.0,1.0,0.0,0.0,0.0,1.0,0.0,1.0,1.0,0.0,1.0,0.0,0.0,1.0,1.0,0.0
0.23445266917804672,1.3053988043733975,1.5416520060379102,-0.7620794323257384,-1.1191120069138742,-0.3840356986917804,1.1352010995399686,-1.1084191802113352,-0.14789726841943915,0.9958328199461243,0.0495869240991422,0.5694802257356846,0.5064622735791303,-0.07121747803331217,0.0,1.0,0.0,1.0,1.0,0.0,0.0,1.0,0.0,0.0,0.0,1.0,0.0,0.0,0.0,0.0,0.0,1.0,1.0,0.0,1.0,0.0,1.0,0.0,1.0,0.0,0.0,1.0,0.0,1.0
-1.4098842943814975,-1.368951114586313,-1.2173734806299357,3.193112821444844,0.11143700068845773,-0.3840356986917804,1.1352010995399686,0.7839148807415693,1.5770169407870533,0.3103722979938185,0.9003510102959947,-1.6361931858823764,-0.8972969786909292,1.2728505619408341,0.0,1.0,1.0,0.0,1.0,0.0,0.0,1.0,0.0,0.0,1.0,0.0,0.0,0.0,0.0,1.0,0.0,0.0,1.0,0.0,0.0,1.0,1.0,0.0,0.0,1.0,0.0,1.0,1.0,0.0
1.8787896327375908,-0.4775011415997428,0.6219768438152948,0.5563179855977891,-1.1191120069138742,1.1978256316338864,-1.9766089567694167,-1.1084191802113352,-0.14789726841943915,0.9958328199461243,2.6018791826896996,-0.5333564800733459,-0.1954173525558994,0.600816541953761,1.0,0.0,0.0,1.0,0.0,1.0,1.0,0.0,1.0,0.0,0.0,0.0,0.0,0.0,0.0,1.0,0.0,0.0,1.0,0.0,1.0,0.0,1.0,0.0,1.0,0.0,1.0,0.0,0.0,1.0
-1.4098842943814975,-1.368951114586313,-1.2173734806299357,-0.7620794323257384,0.11143700068845773,-0.3840356986917804,0.09793108077017354,0.7839148807415693,-1.0103543730226854,0.9958328199461243,-0.8011771620977103,0.20186799046600779,0.15552246051161547,-0.07121747803331217,1.0,0.0,0.0,1.0,1.0,0.0,0.0,1.0,0.0,0.0,1.0,0.0,0.0,0.0,0.0,0.0,1.0,0.0,1.0,0.0,0.0,1.0,1.0,0.0,1.0,0.0,0.0,1.0,0.0,1.0
-0.5877158126017253,1.3053988043733975,1.5416520060379102,0.5563179855977891,1.3419860082907897,-0.3840356986917804,0.09793108077017354,-1.1084191802113352,-1.0103543730226854,0.3103722979938185,0.4749689671975684,1.672316931544715,1.559281712781675,-0.07121747803331217,1.0,0.0,1.0,0.0,1.0,0.0,0.0,1.0,0.0,0.0,0.0,0.0,1.0,0.0,0.0,0.0,0.0,1.0,1.0,0.0,1.0,0.0,1.0,0.0,0.0,1.0,0.0,1.0,0.0,1.0
-1.4098842943814975,-0.4775011415997428,0.6219768438152948,-0.7620794323257384,-1.1191120069138742,-0.3840356986917804,-0.9393389379996216,-1.1084191802113352,-1.0103543730226854,-0.3750882239584872,-0.8011771620977103,-0.16574424480366903,-0.1954173525558994,-0.07121747803331217,0.0,1.0,0.0,1.0,1.0,0.0,0.0,1.0,0.0,0.0,1.0,0.0,0.0,0.0,0.0,0.0,1.0,0.0,0.0,1.0,0.0,1.0,1.0,0.0,0.0,1.0,0.0,1.0,0.0,1.0
-1.4098842943814975,-1.368951114586313,-1.2173734806299357,-0.7620794323257384,0.11143700068845773,-0.3840356986917804,-0.9393389379996216,-0.16225214973488297,0.7145598361838071,0.9958328199461243,-0.37579511899928403,0.5694802257356846,-0.1954173525558994,-1.4152855180074584,1.0,0.0,1.0,0.0,1.0,0.0,0.0,1.0,0.0,0.0,1.0,0.0,0.0,0.0,0.0,1.0,0.0,0.0,0.0,1.0,0.0,1.0,1.0,0.0,1.0,0.0,0.0,1.0,0.0,1.0
0.23445266917804672,-1.368951114586313,-1.2173734806299357,0.5563179855977891,-1.1191120069138742,1.1978256316338864,0.09793108077017354,0.7839148807415693,0.7145598361838071,0.9958328199461243,-0.8011771620977103,-0.9009687153430227,-0.5463571656234143,0.600816541953761,0.0,1.0,0.0,1.0,0.0,1.0,0.0,1.0,0.0,1.0,0.0,0.0,0.0,0.0,0.0,1.0,0.0,0.0,1.0,0.0,0.0,1.0,1.0,0.0,0.0,1.0,0.0,1.0,0.0,1.0
-0.5877158126017253,0.41394883138682737,0.6219768438152948,-0.7620794323257384,-1.1191120069138742,-0.3840356986917804,0.09793108077017354,1.7300819112180217,0.7145598361838071,0.3103722979938185,-0.8011771620977103,0.9370924610053615,0.5064622735791303,-0.7432514980203854,1.0,0.0,0.0,1.0,1.0,0.0,0.0,1.0,0.0,0.0,1.0,0.0,0.0,0.0,0.0,1.0,0.0,0.0,1.0,0.0,1.0,0.0,1.0,0.0,0.0,1.0,1.0,0.0,0.0,1.0
-1.4098842943814975,0.41394883138682737,0.6219768438152948,0.5563179855977891,1.3419860082907897,-0.3840356986917804,0.09793108077017354,-1.1084191802113352,-1.8728114776259317,-0.3750882239584872,-0.37579511899928403,0.5694802257356846,0.5064622735791303,-0.07121747803331217,1.0,0.0,1.0,0.0,1.0,0.0,0.0,1.0,0.0,0.0,0.0,1.0,0.0,0.0,0.0,0.0,1.0,0.0,1.0,0.0,0.0,1.0,0.0,1.0,0.0,1.0,0.0,1.0,0.0,1.0
-0.5877158126017253,-0.4775011415997428,-0.2976983184073204,0.5563179855977891,0.11143700068845773,-0.3840356986917804,-0.9393389379996216,0.7839148807415693,0.7145598361838071,0.9958328199461243,-0.8011771620977103,0.5694802257356846,0.15552246051161547,-0.7432514980203854,1.0,0.0,0.0,1.0,1.0,0.0,0.0,1.0,0.0,0.0,0.0,1.0,0.0,0.0,0.0,1.0,0.0,0.0,1.0,0.0,1.0,0.0,1.0,0.0,0.0,1.0,0.0,1.0,0.0,1.0
-0.5877158126017253,-0.4775011415997428,-1.2173734806299357,-0.7620794323257384,-1.1191120069138742,1.1978256316338864,0.09793108077017354,0.7839148807415693,0.7145598361838071,0.9958328199461243,0.4749689671975684,-0.9009687153430227,-0.5463571656234143,0.600816541953761,0.0,1.0,0.0,1.0,0.0,1.0,0.0,1.0,1.0,0.0,0.0,0.0,0.0,0.0,0.0,1.0,0.0,0.0,1.0,0.0,1.0,0.0,1.0,0.0,0.0,1.0,0.0,1.0,1.0,0.0
0.23445266917804672,0.41394883138682737,-0.2976983184073204,0.5563179855977891,-1.1191120069138742,4.36154829228522,0.09793108077017354,1.7300819112180217,-1.0103543730226854,-1.060548745910793,1.325733053394421,-1.2685809506126995,-1.5991766048259588,-0.7432514980203854,0.0,1.0,0.0,1.0,1.0,0.0,0.0,1.0,0.0,0.0,0.0,1.0,0.0,0.0,0.0,0.0,1.0,0.0,1.0,0.0,0.0,1.0,1.0,0.0,0.0,1.0,1.0,0.0,1.0,0.0
-0.5877158126017253,1.3053988043733975,1.5416520060379102,-0.7620794323257384,0.11143700068845773,-0.3840356986917804,0.09793108077017354,-0.16225214973488297,0.7145598361838071,-0.3750882239584872,0.0495869240991422,-1.2685809506126995,-1.248236791758444,-0.07121747803331217,1.0,0.0,0.0,1.0,1.0,0.0,0.0,1.0,0.0,1.0,0.0,0.0,0.0,0.0,1.0,0.0,0.0,0.0,1.0,0.0,0.0,1.0,1.0,0.0,1.0,0.0,0.0,1.0,0.0,1.0
-0.5877158126017253,1.3053988043733975,1.5416520060379102,-0.7620794323257384,1.3419860082907897,-0.3840356986917804,1.1352010995399686,-0.16225214973488297,-1.0103543730226854,0.9958328199461243,0.0495869240991422,1.3047046962750384,1.559281712781675,0.600816541953761,1.0,0.0,0.0,1.0,1.0,0.0,0.0,1.0,0.0,0.0,0.0,0.0,1.0,0.0,0.0,0.0,1.0,0.0,1.0,0.0,0.0,1.0,1.0,0.0,0.0,1.0,0.0,1.0,0.0,1.0
-0.5877158126017253,1.3053988043733975,-1.2173734806299357,-0.7620794323257384,0.11143700068845773,-0.3840356986917804,1.1352010995399686,-0.16225214973488297,-0.14789726841943915,0.9958328199461243,-0.8011771620977103,0.9370924610053615,0.5064622735791303,-0.7432514980203854,1.0,0.0,0.0,1.0,1.0,0.0,1.0,0.0,0.0,0.0,1.0,0.0,0.0,0.0,0.0,1.0,0.0,0.0,1.0,0.0,1.0,0.0,1.0,0.0,0.0,1.0,0.0,1.0,0.0,1.0
-0.5877158126017253,-0.4775011415997428,-1.2173734806299357,-0.7620794323257384,-1.1191120069138742,-0.3840356986917804,1.1352010995399686,0.7839148807415693,-0.14789726841943915,0.9958328199461243,-0.37579511899928403,-0.5333564800733459,-1.248236791758444,-1.4152855180074584,1.0,0.0,1.0,0.0,0.0,1.0,0.0,1.0,0.0,0.0,1.0,0.0,0.0,0.0,0.0,1.0,0.0,0.0,1.0,0.0,0.0,1.0,1.0,0.0,1.0,0.0,0.0,1.0,0.0,1.0
-1.4098842943814975,1.3053988043733975,1.5416520060379102,0.5563179855977891,0.11143700068845773,-0.3840356986917804,0.09793108077017354,0.7839148807415693,-0.14789726841943915,-1.060548745910793,0.0495869240991422,1.672316931544715,1.2083418997141602,-0.7432514980203854,0.0,1.0,0.0,1.0,1.0,0.0,0.0,1.0,0.0,0.0,1.0,0.0,0.0,0.0,0.0,0.0,0.0,1.0,1.0,0.0,0.0,1.0,1.0,0.0,0.0,1.0,0.0,1.0,1.0,0.0
0.23445266917804672,-0.4775011415997428,1.5416520060379102,-0.7620794323257384,0.11143700068845773,-0.3840356986917804,1.1352010995399686,0.7839148807415693,-1.0103543730226854,0.9958328199461243,-0.8011771620977103,2.039929166814392,2.2611613389167045,0.600816541953761,1.0,0.0,0.0,1.0,1.0,0.0,0.0,1.0,0.0,0.0,0.0,1.0,0.0,0.0,0.0,0.0,1.0,0.0,1.0,0.0,0.0,1.0,1.0,0.0,0.0,1.0,0.0,1.0,1.0,0.0
1.8787896327375908,-1.368951114586313,-1.2173734806299357,1.8747154035213165,1.3419860082907897,-0.3840356986917804,-3.013878975539212,1.7300819112180217,1.5770169407870533,0.9958328199461243,1.7511150964928472,-0.5333564800733459,-0.5463571656234143,-0.07121747803331217,1.0,0.0,0.0,1.0,1.0,0.0,0.0,1.0,0.0,0.0,1.0,0.0,0.0,0.0,0.0,1.0,0.0,0.0,1.0,0.0,1.0,0.0,1.0,0.0,0.0,1.0,1.0,0.0,1.0,0.0
-1.4098842943814975,0.41394883138682737,-0.2976983184073204,-0.7620794323257384,0.11143700068845773,-0.3840356986917804,0.09793108077017354,0.7839148807415693,0.7145598361838071,0.9958328199461243,0.0495869240991422,0.20186799046600779,-0.1954173525558994,-0.7432514980203854,1.0,0.0,0.0,1.0,0.0,1.0,0.0,1.0,0.0,0.0,0.0,1.0,0.0,0.0,0.0,1.0,0.0,0.0,1.0,0.0,0.0,1.0,1.0,0.0,1.0,0.0,0.0,1.0,0.0,1.0
1.0566211509578187,0.41394883138682737,0.6219768438152948,-0.7620794323257384,0.11143700068845773,-0.3840356986917804,0.09793108077017354,-2.0545862106877877,-0.14789726841943915,-1.7460092678630987,-0.5884861405484971,1.672316931544715,1.559281712781675,-0.07121747803331217,1.0,0.0,0.0,1.0,1.0,0.0,0.0,1.0,0.0,0.0,1.0,0.0,0.0,0.0,0.0,1.0,0.0,0.0,1.0,0.0,1.0,0.0,1.0,0.0,1.0,0.0,0.0,1.0,0.0,1.0
-0.5877158126017253,1.3053988043733975,0.6219768438152948,-0.7620794323257384,1.3419860082907897,-0.3840356986917804,1.1352010995399686,-0.16225214973488297,1.5770169407870533,-0.3750882239584872,-0.37579511899928403,0.20186799046600779,0.5064622735791303,0.600816541953761,1.0,0.0,0.0,1.0,1.0,0.0,0.0,1.0,0.0,0.0,1.0,0.0,0.0,1.0,0.0,0.0,0.0,0.0,0.0,1.0,0.0,1.0,1.0,0.0,1.0,0.0,0.0,1.0,0.0,1.0
-1.4098842943814975,-0.4775011415997428,-0.2976983184073204,-0.7620794323257384,-1.1191120069138742,-0.3840356986917804,0.09793108077017354,-0.16225214973488297,-1.8728114776259317,-1.060548745910793,0.9003510102959947,0.9370924610053615,0.5064622735791303,-0.7432514980203854,1.0,0.0,1.0,0.0,1.0,0.0,0.0,1.0,1.0,0.0,0.0,0.0,0.0,0.0,0.0,1.0,0.0,0.0,0.0,1.0,0.0,1.0,1.0,0.0,0.0,1.0,0.0,1.0,1.0,0.0
-0.5877158126017253,-0.4775011415997428,-1.2173734806299357,-0.7620794323257384,0.11143700068845773,-0.3840356986917804,0.09793108077017354,-0.16225214973488297,1.5770169407870533,0.9958328199461243,-0.8011771620977103,0.5694802257356846,0.15552246051161547,-0.7432514980203854,1.0,0.0,0.0,1.0,1.0,0.0,0.0,1.0,0.0,0.0,1.0,0.0,0.0,0.0,0.0,1.0,0.0,0.0,1.0,0.0,0.0,1.0,1.0,0.0,1.0,0.0,0.0,1.0,1.0,0.0
1.0566211509578187,0.41394883138682737,-0.2976983184073204,-0.7620794323257384,1.3419860082907897,-0.3840356986917804,0.09793108077017354,-0.16225214973488297,-0.14789726841943915,0.9958328199461243,1.325733053394421,0.20186799046600779,-0.1954173525558994,-0.7432514980203854,1.0,0.0,0.0,1.0,1.0,0.0,1.0,0.0,0.0,0.0,1.0,0.0,0.0,0.0,0.0,0.0,1.0,0.0,1.0,0.0,0.0,1.0,1.0,0.0,0.0,1.0,0.0,1.0,0.0,1.0
1.8787896327375908,0.41394883138682737,-0.2976983184073204,-0.7620794323257384,-1.1191120069138742,-0.3840356986917804,1.1352010995399686,-0.16225214973488297,0.7145598361838071,0.9958328199461243,-0.8011771620977103,-0.16574424480366903,-0.5463571656234143,-0.7432514980203854,0.0,1.0,1.0,0.0,1.0,0.0,0.0,1.0,1.0,0.0,0.0,0.0,0.0,0.0,0.0,0.0,1.0,0.0,1.0,0.0,0.0,1.0,1.0,0.0,1.0,0.0,0.0,1.0,1.0,0.0
0.23445266917804672,-0.4775011415997428,-0.2976983184073204,-0.7620794323257384,0.11143700068845773,-0.3840356986917804,-0.9393389379996216,-0.16225214973488297,-1.8728114776259317,0.3103722979938185,3.0272612257881257,-0.5333564800733459,0.15552246051161547,1.2728505619408341,1.0,0.0,0.0,1.0,1.0,0.0,1.0,0.0,1.0,0.0,0.0,0.0,0.0,1.0,0.0,0.0,0.0,0.0,1.0,0.0,0.0,1.0,1.0,0.0,1.0,0.0,0.0,1.0,0.0,1.0
0.23445266917804672,-0.4775011415997428,-0.2976983184073204,-0.7620794323257384,1.3419860082907897,-0.3840356986917804,-0.9393389379996216,0.7839148807415693,-0.14789726841943915,-0.3750882239584872,0.9003510102959947,-0.5333564800733459,-0.1954173525558994,0.600816541953761,1.0,0.0,0.0,1.0,1.0,0.0,0.0,1.0,0.0,0.0,1.0,0.0,0.0,1.0,0.0,0.0,0.0,0.0,1.0,0.0,1.0,0.0,1.0,0.0,0.0,1.0,0.0,1.0,1.0,0.0
1.0566211509578187,-0.4775011415997428,-0.2976983184073204,-0.7620794323257384,1.3419860082907897,-0.3840356986917804,0.09793108077017354,-0.16225214973488297,-0.14789726841943915,-0.3750882239584872,-0.8011771620977103,-0.16574424480366903,0.15552246051161547,0.600816541953761,1.0,0.0,0.0,1.0,1.0,0.0,0.0,1.0,1.0,0.0,0.0,0.0,0.0,0.0,0.0,0.0,1.0,0.0,1.0,0.0,0.0,1.0,1.0,0.0,0.0,1.0,0.0,1.0,0.0,1.0
0.23445266917804672,0.41394883138682737,0.6219768438152948,-0.7620794323257384,0.11143700068845773,-0.3840356986917804,0.09793108077017354,-0.16225214973488297,0.7145598361838071,0.3103722979938185,0.4749689671975684,-0.16574424480366903,0.5064622735791303,1.2728505619408341,0.0,1.0,0.0,1.0,1.0,0.0,0.0,1.0,0.0,0.0,0.0,1.0,0.0,0.0,0.0,0.0,1.0,0.0,1.0,0.0,0.0,1.0,1.0,0.0,0.0,1.0,0.0,1.0,0.0,1.0
1.0566211509578187,-0.4775011415997428,-1.2173734806299357,0.5563179855977891,1.3419860082907897,-0.3840356986917804,0.09793108077017354,0.7839148807415693,0.7145598361838071,-0.3750882239584872,1.325733053394421,0.20186799046600779,-0.5463571656234143,-1.4152855180074584,1.0,0.0,0.0,1.0,1.0,0.0,0.0,1.0,0.0,0.0,1.0,0.0,0.0,0.0,0.0,1.0,0.0,0.0,1.0,0.0,0.0,1.0,1.0,0.0,1.0,0.0,0.0,1.0,0.0,1.0
0.23445266917804672,-1.368951114586313,-0.2976983184073204,-0.7620794323257384,0.11143700068845773,-0.3840356986917804,-0.9393389379996216,-2.0545862106877877,-0.14789726841943915,-0.3750882239584872,0.4749689671975684,-0.9009687153430227,-0.8972969786909292,-0.07121747803331217,0.0,1.0,1.0,0.0,1.0,0.0,0.0,1.0,1.0,0.0,0.0,0.0,0.0,0.0,0.0,1.0,0.0,0.0,1.0,0.0,1.0,0.0,1.0,0.0,1.0,0.0,0.0,1.0,1.0,0.0
-0.5877158126017253,-1.368951114586313,-1.2173734806299357,3.193112821444844,1.3419860082907897,-0.3840356986917804,0.09793108077017354,0.7839148807415693,-0.14789726841943915,0.9958328199461243,-0.37579511899928403,-0.5333564800733459,-0.8972969786909292,-0.7432514980203854,1.0,0.0,1.0,0.0,1.0,0.0,0.0,1.0,1.0,0.0,0.0,0.0,0.0,0.0,0.0,1.0,0.0,0.0,0.0,1.0,0.0,1.0,1.0,0.0,1.0,0.0,0.0,1.0,1.0,0.0
1.0566211509578187,-0.4775011415997428,-0.2976983184073204,0.5563179855977891,1.3419860082907897,-0.3840356986917804,1.1352010995399686,0.7839148807415693,1.5770169407870533,-0.3750882239584872,-0.8011771620977103,-0.16574424480366903,0.15552246051161547,0.600816541953761,1.0,0.0,0.0,1.0,0.0,1.0,0.0,1.0,0.0,0.0,0.0,1.0,0.0,0.0,0.0,0.0,1.0,0.0,1.0,0.0,1.0,0.0,1.0,0.0,1.0,0.0,0.0,1.0,0.0,1.0
0.23445266917804672,-1.368951114586313,-2.137048642852551,-0.7620794323257384,-1.1191120069138742,-0.3840356986917804,0.09793108077017354,-2.0545862106877877,-1.0103543730226854,0.9958328199461243,0.0495869240991422,-0.16574424480366903,-0.1954173525558994,-0.07121747803331217,0.0,1.0,0.0,1.0,0.0,1.0,1.0,0.0,0.0,0.0,1.0,0.0,0.0,0.0,0.0,1.0,0.0,0.0,1.0,0.0,1.0,0.0,1.0,0.0,1.0,0.0,0.0,1.0,1.0,0.0
-0.5877158126017253,-0.4775011415997428,-0.2976983184073204,-0.7620794323257384,-1.1191120069138742,-0.3840356986917804,0.09793108077017354,-1.1084191802113352,1.5770169407870533,0.9958328199461243,-0.8011771620977103,2.039929166814392,1.559281712781675,-0.7432514980203854,1.0,0.0,0.0,1.0,1.0,0.0,0.0,1.0,0.0,0.0,0.0,1.0,0.0,0.0,0.0,1.0,0.0,0.0,1.0,0.0,0.0,1.0,0.0,1.0,0.0,1.0,0.0,1.0,1.0,0.0
0.23445266917804672,1.3053988043733975,-0.2976983184073204,0.5563179855977891,1.3419860082907897,-0.3840356986917804,0.09793108077017354,-0.16225214973488297,-0.14789726841943915,-0.3750882239584872,-0.8011771620977103,1.672316931544715,1.559281712781675,-0.07121747803331217,1.0,0.0,0.0,1.0,1.0,0.0,0.0,1.0,0.0,0.0,1.0,0.0,0.0,0.0,0.0,1.0,0.0,0.0,1.0,0.0,0.0,1.0,1.0,0.0,1.0,0.0,0.0,1.0,0.0,1.0
-0.5877158126017253,1.3053988043733975,-0.2976983184073204,-0.7620794323257384,-1.1191120069138742,-0.3840356986917804,0.09793108077017354,-0.16225214973488297,-0.14789726841943915,-0.3750882239584872,0.9003510102959947,-0.5333564800733459,-0.8972969786909292,-0.7432514980203854,0.0,1.0,1.0,0.0,1.0,0.0,0.0,1.0,0.0,0.0,0.0,0.0,1.0,0.0,0.0,0.0,1.0,0.0,1.0,0.0,0.0,1.0,1.0,0.0,0.0,1.0,0.0,1.0,0.0,1.0
-0.5877158126017253,-1.368951114586313,-1.2173734806299357,0.5563179855977891,-1.1191120069138742,-0.3840356986917804,-0.9393389379996216,-0.16225214973488297,-0.14789726841943915,-1.7460092678630987,0.9003510102959947,0.20186799046600779,-0.1954173525558994,-0.7432514980203854,1.0,0.0,1.0,0.0,1.0,0.0,0.0,1.0,0.0,0.0,1.0,0.0,0.0,0.0,0.0,0.0,1.0,0.0,1.0,0.0,0.0,1.0,1.0,0.0,0.0,1.0,0.0,1.0,1.0,0.0
1.0566211509578187,0.41394883138682737,1.5416520060379102,-0.7620794323257384,0.11143700068845773,-0.3840356986917804,0.09793108077017354,-0.16225214973488297,1.5770169407870533,-1.060548745910793,1.113042031845208,0.5694802257356846,0.8574020866466452,0.600816541953761,0.0,1.0,0.0,1.0,0.0,1.0,1.0,0.0,0.0,0.0,1.0,0.0,0.0,0.0,0.0,1.0,0.0,0.0,1.0,0.0,1.0,0.0,1.0,0.0,0.0,1.0,0.0,1.0,0.0,1.0
-1.4098842943814975,0.41394883138682737,0.6219768438152948,-0.7620794323257384,0.11143700068845773,-0.3840356986917804,0.09793108077017354,1.7300819112180217,0.7145598361838071,-1.7460092678630987,0.0495869240991422,0.5694802257356846,0.15552246051161547,-0.7432514980203854,1.0,0.0,1.0,0.0,1.0,0.0,0.0,1.0,0.0,0.0,0.0,1.0,0.0,0.0,0.0,1.0,0.0,0.0,1.0,0.0,0.0,1.0,1.0,0.0,1.0,0.0,0.0,1.0,0.0,1.0
-0.5877158126017253,1.3053988043733975,0.6219768438152948,-0.7620794323257384,0.11143700068845773,-0.3840356986917804,0.09793108077017354,-0.16225214973488297,1.5770169407870533,-1.060548745910793,-0.37579511899928403,0.9370924610053615,0.8574020866466452,-0.07121747803331217,1.0,0.0,0.0,1.0,1.0,0.0,0.0,1.0,0.0,1.0,0.0,0.0,0.0,0.0,0.0,1.0,0.0,0.0,1.0,0.0,0.0,1.0,1.0,0.0,0.0,1.0,0.0,1.0,0.0,1.0
0.23445266917804672,0.41394883138682737,-0.2976983184073204,-0.7620794323257384,2.5725350158931213,-0.3840356986917804,1.1352010995399686,-1.1084191802113352,-1.0103543730226854,0.9958328199461243,-0.8011771620977103,2.407541402084069,2.2611613389167045,-0.07121747803331217,1.0,0.0,0.0,1.0,1.0,0.0,0.0,1.0,0.0,1.0,0.0,0.0,0.0,0.0,1.0,0.0,0.0,0.0,1.0,0.0,0.0,1.0,1.0,0.0,0.0,1.0,0.0,1.0,0.0,1.0
1.0566211509578187,0.41394883138682737,0.6219768438152948,-0.7620794323257384,0.11143700068845773,2.7796869619595532,0.09793108077017354,0.7839148807415693,1.5770169407870533,-0.3750882239584872,1.113042031845208,-2.739029891691407,-1.248236791758444,2.6169186019149806,0.0,1.0,0.0,1.0,1.0,0.0,0.0,1.0,1.0,0.0,0.0,0.0,0.0,1.0,0.0,0.0,0.0,0.0,1.0,0.0,0.0,1.0,1.0,0.0,0.0,1.0,1.0,0.0,0.0,1.0
-1.4098842943814975,1.3053988043733975,0.6219768438152948,-0.7620794323257384,0.11143700068845773,-0.3840356986917804,0.09793108077017354,-0.16225214973488297,-1.0103543730226854,-1.7460092678630987,-0.8011771620977103,1.3047046962750384,0.8574020866466452,-0.7432514980203854,1.0,0.0,0.0,1.0,1.0,0.0,1.0,0.0,0.0,0.0,0.0,1.0,0.0,0.0,0.0,0.0,1.0,0.0,1.0,0.0,0.0,1.0,1.0,0.0,0.0,1.0,0.0,1.0,0.0,1.0
0.23445266917804672,-0.4775011415997428,-1.2173734806299357,-0.7620794323257384,-1.1191120069138742,-0.3840356986917804,0.09793108077017354,0.7839148807415693,-1.0103543730226854,0.9958328199461243,-0.8011771620977103,0.20186799046600779,0.15552246051161547,-0.07121747803331217,0.0,1.0,1.0,0.0,1.0,0.0,0.0,1.0,0.0,0.0,1.0,0.0,0.0,0.0,0.0,1.0,0.0,0.0,1.0,0.0,1.0,0.0,1.0,0.0,1.0,0.0,0.0,1.0,0.0,1.0
1.0566211509578187,0.41394883138682737,0.6219768438152948,-0.7620794323257384,0.11143700068845773,-0.3840356986917804,0.09793108077017354,-2.0545862106877877,0.7145598361838071,-0.3750882239584872,0.9003510102959947,-0.16574424480366903,0.15552246051161547,0.600816541953761,1.0,0.0,0.0,1.0,1.0,0.0,0.0,1.0,1.0,0.0,0.0,0.0,0.0,0.0,0.0,1.0,0.0,0.0,1.0,0.0,0.0,1.0,1.0,0.0,1.0,0.0,0.0,1.0,0.0,1.0
-0.5877158126017253,-0.4775011415997428,-0.2976983184073204,-0.7620794323257384,0.11143700068845773,-0.3840356986917804,1.1352010995399686,0.7839148807415693,0.7145598361838071,0.9958328199461243,-0.8011771620977103,0.20186799046600779,-0.1954173525558994,-0.7432514980203854,1.0,0.0,0.0,1.0,1.0,0.0,0.0,1.0,0.0,0.0,1.0,0.0,0.0,0.0,0.0,1.0,0.0,0.0,1.0,0.0,1.0,0.0,1.0,0.0,1.0,0.0,0.0,1.0,0.0,1.0
0.23445266917804672,-0.4775011415997428,-1.2173734806299357,1.8747154035213165,-1.1191120069138742,-0.3840356986917804,1.1352010995399686,1.7300819112180217,1.5770169407870533,-0.3750882239584872,0.9003510102959947,-1.2685809506126995,-0.5463571656234143,1.2728505619408341,0.0,1.0,1.0,0.0,1.0,0.0,0.0,1.0,0.0,0.0,1.0,0.0,0.0,0.0,0.0,1.0,0.0,0.0,1.0,0.0,1.0,0.0,1.0,0.0,0.0,1.0,1.0,0.0,1.0,0.0
-0.5877158126017253,-1.368951114586313,-0.2976983184073204,-0.7620794323257384,1.3419860082907897,-0.3840356986917804,0.09793108077017354,0.7839148807415693,-0.14789726841943915,0.9958328199461243,-0.8011771620977103,-0.5333564800733459,-0.1954173525558994,0.600816541953761,0.0,1.0,0.0,1.0,1.0,0.0,1.0,0.0,0.0,0.0,1.0,0.0,0.0,0.0,0.0,1.0,0.0,0.0,0.0,1.0,1.0,0.0,1.0,0.0,1.0,0.0,0.0,1.0,0.0,1.0
-0.5877158126017253,0.41394883138682737,0.6219768438152948,0.5563179855977891,0.11143700068845773,-0.3840356986917804,0.09793108077017354,0.7839148807415693,1.5770169407870533,0.3103722979938185,-0.8011771620977103,0.9370924610053615,0.8574020866466452,-0.07121747803331217,1.0,0.0,0.0,1.0,0.0,1.0,0.0,1.0,0.0,0.0,1.0,0.0,0.0,0.0,0.0,1.0,0.0,0.0,1.0,0.0,0.0,1.0,1.0,0.0,0.0,1.0,0.0,1.0,0.0,1.0
-1.4098842943814975,-0.4775011415997428,-1.2173734806299357,3.193112821444844,-1.1191120069138742,-0.3840356986917804,0.09793108077017354,1.7300819112180217,1.5770169407870533,0.9958328199461243,-0.8011771620977103,0.20186799046600779,-0.1954173525558994,-0.7432514980203854,0.0,1.0,0.0,1.0,0.0,1.0,1.0,0.0,0.0,0.0,0.0,1.0,0.0,0.0,0.0,1.0,0.0,0.0,1.0,0.0,1.0,0.0,1.0,0.0,1.0,0.0,0.0,1.0,0.0,1.0
0.23445266917804672,-0.4775011415997428,0.6219768438152948,0.5563179855977891,-1.1191120069138742,-0.3840356986917804,1.1352010995399686,1.7300819112180217,1.5770169407870533,-0.3750882239584872,-0.37579511899928403,-0.5333564800733459,-0.1954173525558994,0.600816541953761,1.0,0.0,1.0,0.0,1.0,0.0,0.0,1.0,0.0,0.0,1.0,0.0,0.0,0.0,0.0,1.0,0.0,0.0,1.0,0.0,0.0,1.0,1.0,0.0,1.0,0.0,0.0,1.0,0.0,1.0
-1.4098842943814975,1.3053988043733975,1.5416520060379102,-0.7620794323257384,0.11143700068845773,-0.3840356986917804,0.09793108077017354,-0.16225214973488297,-0.14789726841943915,0.9958328199461243,-0.8011771620977103,0.9370924610053615,1.2083418997141602,0.600816541953761,0.0,1.0,0.0,1.0,1.0,0.0,0.0,1.0,0.0,0.0,0.0,1.0,0.0,0.0,0.0,0.0,0.0,1.0,1.0,0.0,0.0,1.0,1.0,0.0,0.0,1.0,0.0,1.0,0.0,1.0
-1.4098842943814975,-0.4775011415997428,-1.2173734806299357,-0.7620794323257384,-1.1191120069138742,-0.3840356986917804,0.09793108077017354,-0.16225214973488297,-0.14789726841943915,0.9958328199461243,1.538424074943634,0.20186799046600779,0.5064622735791303,0.600816541953761,0.0,1.0,0.0,1.0,0.0,1.0,1.0,0.0,0.0,0.0,0.0,1.0,0.0,0.0,0.0,0.0,1.0,0.0,1.0,0.0,1.0,0.0,1.0,0.0,0.0,1.0,0.0,1.0,0.0,1.0
1.0566211509578187,0.41394883138682737,-1.2173734806299357,0.5563179855977891,-1.1191120069138742,-0.3840356986917804,-0.9393389379996216,-0.16225214973488297,0.7145598361838071,0.3103722979938185,-0.37579511899928403,-0.16574424480366903,-0.1954173525558994,-0.07121747803331217,0.0,1.0,0.0,1.0,0.0,1.0,0.0,1.0,0.0,0.0,0.0,1.0,0.0,0.0,0.0,0.0,1.0,0.0,1.0,0.0,1.0,0.0,1.0,0.0,0.0,1.0,0.0,1.0,0.0,1.0
0.23445266917804672,-1.368951114586313,-1.2173734806299357,-0.7620794323257384,0.11143700068845773,-0.3840356986917804,0.09793108077017354,1.7300819112180217,1.5770169407870533,-0.3750882239584872,-0.37579511899928403,-0.16574424480366903,-0.5463571656234143,-0.7432514980203854,1.0,0.0,0.0,1.0,1.0,0.0,1.0,0.0,1.0,0.0,0.0,0.0,0.0,1.0,0.0,0.0,0.0,0.0,1.0,0.0,1.0,0.0,1.0,0.0,0.0,1.0,0.0,1.0,0.0,1.0
0.23445266917804672,0.41394883138682737,-1.2173734806299357,0.5563179855977891,0.11143700068845773,4.36154829228522,1.1352010995399686,0.7839148807415693,0.7145598361838071,0.9958328199461243,-0.37579511899928403,-1.6361931858823764,-0.8972969786909292,1.2728505619408341,1.0,0.0,1.0,0.0,1.0,0.0,0.0,1.0,0.0,0.0,1.0,0.0,0.0,0.0,0.0,1.0,0.0,0.0,1.0,0.0,0.0,1.0,1.0,0.0,0.0,1.0,0.0,1.0,0.0,1.0
0.23445266917804672,0.41394883138682737,1.5416520060379102,1.8747154035213165,0.11143700068845773,-0.3840356986917804,1.1352010995399686,0.7839148807415693,1.5770169407870533,0.9958328199461243,-0.37579511899928403,-0.5333564800733459,-0.8972969786909292,-0.7432514980203854,0.0,1.0,1.0,0.0,1.0,0.0,0.0,1.0,1.0,0.0,0.0,0.0,0.0,0.0,0.0,1.0,0.0,0.0,1.0,0.0,1.0,0.0,1.0,0.0,1.0,0.0,0.0,1.0,1.0,0.0
-0.5877158126017253,-0.4775011415997428,-0.2976983184073204,0.5563179855977891,0.11143700068845773,-0.3840356986917804,-0.9393389379996216,-0.16225214973488297,-0.14789726841943915,-0.3750882239584872,2.6018791826896996,-0.16574424480366903,-0.1954173525558994,-0.07121747803331217,1.0,0.0,0.0,1.0,0.0,1.0,0.0,1.0,0.0,0.0,1.0,0.0,0.0,0.0,0.0,1.0,0.0,0.0,1.0,0.0,0.0,1.0,1.0,0.0,0.0,1.0,0.0,1.0,0.0,1.0
-0.5877158126017253,-0.4775011415997428,0.6219768438152948,1.8747154035213165,0.11143700068845773,-0.3840356986917804,0.09793108077017354,1.7300819112180217,0.7145598361838071,-1.7460092678630987,-0.37579511899928403,1.3047046962750384,1.2083418997141602,-0.07121747803331217,1.0,0.0,1.0,0.0,1.0,0.0,0.0,1.0,0.0,0.0,1.0,0.0,0.0,0.0,0.0,0.0,1.0,0.0,1.0,0.0,0.0,1.0,1.0,0.0,1.0,0.0,0.0,1.0,0.0,1.0
-0.5877158126017253,-0.4775011415997428,-0.2976983184073204,-0.7620794323257384,0.11143700068845773,-0.3840356986917804,0.09793108077017354,0.7839148807415693,0.7145598361838071,-0.3750882239584872,-0.8011771620977103,0.5694802257356846,0.15552246051161547,-0.7432514980203854,0.0,1.0,0.0,1.0,0.0,1.0,0.0,1.0,0.0,0.0,1.0,0.0,0.0,0.0,0.0,1.0,0.0,0.0,1.0,0.0,1.0,0.0,1.0,0.0,1.0,0.0,0.0,1.0,0.0,1.0
0.23445266917804672,-1.368951114586313,-1.2173734806299357,-0.7620794323257384,0.11143700068845773,-0.3840356986917804,0.09793108077017354,-0.16225214973488297,-1.0103543730226854,0.3103722979938185,1.325733053394421,-0.5333564800733459,-0.8972969786909292,-0.7432514980203854,1.0,0.0,0.0,1.0,1.0,0.0,0.0,1.0,1.0,0.0,0.0,0.0,0.0,0.0,0.0,1.0,0.0,0.0,0.0,1.0,1.0,0.0,1.0,0.0,1.0,0.0,0.0,1.0,1.0,0.0
-0.5877158126017253,1.3053988043733975,1.5416520060379102,-0.7620794323257384,-1.1191120069138742,-0.3840356986917804,1.1352010995399686,-0.16225214973488297,0.7145598361838071,-1.7460092678630987,0.0495869240991422,0.20186799046600779,0.5064622735791303,0.600816541953761,1.0,0.0,0.0,1.0,1.0,0.0,0.0,1.0,0.0,0.0,1.0,0.0,0.0,0.0,0.0,1.0,0.0,0.0,1.0,0.0,1.0,0.0,1.0,0.0,0.0,1.0,0.0,1.0,0.0,1.0
-0.5877158126017253,-0.4775011415997428,-0.2976983184073204,3.193112821444844,1.3419860082907897,-0.3840356986917804,1.1352010995399686,-2.0545862106877877,-0.14789726841943915,-0.3750882239584872,-0.8011771620977103,-0.5333564800733459,-0.8972969786909292,-0.7432514980203854,0.0,1.0,0.0,1.0,0.0,1.0,0.0,1.0,0.0,0.0,0.0,1.0,0.0,0.0,0.0,0.0,1.0,0.0,1.0,0.0,1.0,0.0,1.0,0.0,1.0,0.0,0.0,1.0,1.0,0.0
1.0566211509578187,1.3053988043733975,0.6219768438152948,-0.7620794323257384,0.11143700068845773,-0.3840356986917804,-0.9393389379996216,-2.0545862106877877,-1.0103543730226854,-1.060548745910793,-0.37579511899928403,1.3047046962750384,1.2083418997141602,-0.07121747803331217,1.0,0.0,0.0,1.0,1.0,0.0,0.0,1.0,0.0,0.0,0.0,1.0,0.0,0.0,0.0,1.0,0.0,0.0,1.0,0.0,0.0,1.0,1.0,0.0,1.0,0.0,0.0,1.0,0.0,1.0
1.0566211509578187,0.41394883138682737,0.6219768438152948,-0.7620794323257384,2.5725350158931213,-0.3840356986917804,1.1352010995399686,-0.16225214973488297,-0.14789726841943915,-1.7460092678630987,0.0495869240991422,0.9370924610053615,0.8574020866466452,-0.07121747803331217,1.0,0.0,0.0,1.0,0.0,1.0,0.0,1.0,0.0,0.0,0.0,1.0,0.0,0.0,0.0,0.0,1.0,0.0,1.0,0.0,0.0,1.0,1.0,0.0,1.0,0.0,0.0,1.0,0.0,1.0
0.23445266917804672,0.41394883138682737,-1.2173734806299357,-0.7620794323257384,-1.1191120069138742,1.1978256316338864,0.09793108077017354,-2.0545862106877877,-1.0103543730226854,-0.3750882239584872,0.4749689671975684,-0.5333564800733459,0.5064622735791303,1.9448845819279075,1.0,0.0,0.0,1.0,1.0,0.0,0.0,1.0,0.0,0.0,1.0,0.0,0.0,1.0,0.0,0.0,0.0,0.0,1.0,0.0,0.0,1.0,0.0,1.0,1.0,0.0,0.0,1.0,0.0,1.0
1.0566211509578187,0.41394883138682737,0.6219768438152948,-0.7620794323257384,0.11143700068845773,-0.3840356986917804,0.09793108077017354,-0.16225214973488297,-0.14789726841943915,0.9958328199461243,0.9003510102959947,-0.5333564800733459,-0.8972969786909292,-0.7432514980203854,0.0,1.0,1.0,0.0,0.0,1.0,0.0,1.0,0.0,0.0,1.0,0.0,0.0,0.0,0.0,0.0,1.0,0.0,1.0,0.0,0.0,1.0,1.0,0.0,1.0,0.0,0.0,1.0,0.0,1.0
-1.4098842943814975,1.3053988043733975,-0.2976983184073204,-0.7620794323257384,-1.1191120069138742,-0.3840356986917804,-1.9766089567694167,-1.1084191802113352,0.7145598361838071,-1.7460092678630987,-0.8011771620977103,-0.16574424480366903,-0.1954173525558994,-0.07121747803331217,0.0,1.0,0.0,1.0,1.0,0.0,0.0,1.0,0.0,1.0,0.0,0.0,0.0,0.0,0.0,0.0,1.0,0.0,1.0,0.0,1.0,0.0,1.0,0.0,1.0,0.0,0.0,1.0,0.0,1.0
1.0566211509578187,1.3053988043733975,-0.2976983184073204,-0.7620794323257384,0.11143700068845773,-0.3840356986917804,1.1352010995399686,-0.16225214973488297,-1.8728114776259317,0.9958328199461243,-0.8011771620977103,-2.37141765642173,-4.055755296298563,-3.4313875779686778,1.0,0.0,1.0,0.0,0.0,1.0,1.0,0.0,0.0,0.0,0.0,0.0,1.0,0.0,0.0,1.0,0.0,0.0,1.0,0.0,1.0,0.0,1.0,0.0,0.0,1.0,0.0,1.0,0.0,1.0
0.23445266917804672,0.41394883138682737,-0.2976983184073204,0.5563179855977891,0.11143700068845773,-0.3840356986917804,0.09793108077017354,-2.0545862106877877,-1.0103543730226854,-1.7460092678630987,-0.8011771620977103,0.5694802257356846,0.8574020866466452,0.600816541953761,0.0,1.0,0.0,1.0,1.0,0.0,0.0,1.0,0.0,0.0,1.0,0.0,0.0,0.0,0.0,1.0,0.0,0.0,1.0,0.0,0.0,1.0,0.0,1.0,1.0,0.0,0.0,1.0,0.0,1.0
-1.4098842943814975,1.3053988043733975,0.6219768438152948,-0.7620794323257384,0.11143700068845773,-0.3840356986917804,0.09793108077017354,0.7839148807415693,0.7145598361838071,-1.060548745910793,-0.8011771620977103,0.5694802257356846,0.15552246051161547,-0.7432514980203854,1.0,0.0,0.0,1.0,0.0,1.0,0.0,1.0,0.0,0.0,0.0,1.0,0.0,0.0,0.0,0.0,1.0,0.0,0.0,1.0,1.0,0.0,1.0,0.0,0.0,1.0,0.0,1.0,0.0,1.0
-0.5877158126017253,-0.4775011415997428,-0.2976983184073204,-0.7620794323257384,1.3419860082907897,-0.3840356986917804,0.09793108077017354,-0.16225214973488297,-0.14789726841943915,0.9958328199461243,-0.37579511899928403,-0.16574424480366903,-0.1954173525558994,-0.07121747803331217,1.0,0.0,1.0,0.0,0.0,1.0,0.0,1.0,0.0,0.0,1.0,0.0,0.0,0.0,0.0,1.0,0.0,0.0,1.0,0.0,0.0,1.0,1.0,0.0,1.0,0.0,0.0,1.0,1.0,0.0
0.23445266917804672,0.41394883138682737,0.6219768438152948,0.5563179855977891,2.5725350158931213,1.1978256316338864,1.1352010995399686,0.7839148807415693,1.5770169407870533,0.9958328199461243,-0.8011771620977103,-0.5333564800733459,-0.1954173525558994,0.600816541953761,0.0,1.0,0.0,1.0,1.0,0.0,0.0,1.0,0.0,0.0,0.0,1.0,0.0,1.0,0.0,0.0,0.0,0.0,1.0,0.0,0.0,1.0,0.0,1.0,0.0,1.0,0.0,1.0,1.0,0.0
0.23445266917804672,1.3053988043733975,1.5416520060379102,-0.7620794323257384,0.11143700068845773,-0.3840356986917804,1.1352010995399686,-0.16225214973488297,-1.8728114776259317,0.9958328199461243,-0.37579511899928403,-0.16574424480366903,-0.1954173525558994,-0.07121747803331217,1.0,0.0,0.0,1.0,1.0,0.0,0.0,1.0,0.0,0.0,0.0,0.0,1.0,0.0,0.0,0.0,1.0,0.0,1.0,0.0,0.0,1.0,0.0,1.0,1.0,0.0,0.0,1.0,0.0,1.0
1.0566211509578187,-0.4775011415997428,-0.2976983184073204,3.193112821444844,0.11143700068845773,-0.3840356986917804,0.09793108077017354,-1.1084191802113352,1.5770169407870533,-1.060548745910793,-0.37579511899928403,-0.5333564800733459,-0.8972969786909292,-0.7432514980203854,1.0,0.0,0.0,1.0,1.0,0.0,0.0,1.0,1.0,0.0,0.0,0.0,0.0,0.0,0.0,1.0,0.0,0.0,1.0,0.0,1.0,0.0,1.0,0.0,0.0,1.0,0.0,1.0,1.0,0.0
-1.4098842943814975,1.3053988043733975,1.5416520060379102,0.5563179855977891,-1.1191120069138742,-0.3840356986917804,-3.013878975539212,1.7300819112180217,-1.8728114776259317,0.9958328199461243,-0.8011771620977103,0.5694802257356846,0.8574020866466452,0.600816541953761,1.0,0.0,1.0,0.0,1.0,0.0,0.0,1.0,0.0,0.0,0.0,0.0,1.0,0.0,0.0,1.0,0.0,0.0,1.0,0.0,1.0,0.0,1.0,0.0,1.0,0.0,0.0,1.0,0.0,1.0
-0.5877158126017253,0.41394883138682737,0.6219768438152948,-0.7620794323257384,0.11143700068845773,-0.3840356986917804,0.09793108077017354,-0.16225214973488297,-1.0103543730226854,0.9958328199461243,-0.8011771620977103,-0.16574424480366903,0.5064622735791303,1.2728505619408341,1.0,0.0,0.0,1.0,1.0,0.0,0.0,1.0,0.0,0.0,1.0,0.0,0.0,0.0,0.0,1.0,0.0,0.0,1.0,0.0,0.0,1.0,1.0,0.0,1.0,0.0,0.0,1.0,1.0,0.0
0.23445266917804672,0.41394883138682737,0.6219768438152948,-0.7620794323257384,0.11143700068845773,-0.3840356986917804,-0.9393389379996216,-0.16225214973488297,-0.14789726841943915,-0.3750882239584872,1.325733053394421,0.20186799046600779,0.5064622735791303,0.600816541953761,1.0,0.0,0.0,1.0,1.0,0.0,1.0,0.0,0.0,1.0,0.0,0.0,0.0,0.0,0.0,1.0,0.0,0.0,1.0,0.0,0.0,1.0,1.0,0.0,1.0,0.0,0.0,1.0,0.0,1.0
-0.5877158126017253,-0.4775011415997428,0.6219768438152948,-0.7620794323257384,0.11143700068845773,-0.3840356986917804,0.09793108077017354,-0.16225214973488297,-0.14789726841943915,-1.060548745910793,0.4749689671975684,0.20186799046600779,0.15552246051161547,-0.07121747803331217,1.0,0.0,0.0,1.0,1.0,0.0,0.0,1.0,0.0,0.0,0.0,1.0,0.0,0.0,0.0,0.0,1.0,0.0,1.0,0.0,1.0,0.0,1.0,0.0,1.0,0.0,0.0,1.0,0.0,1.0
1.8787896327375908,-2.260401087572883,-1.2173734806299357,-0.7620794323257384,0.11143700068845773,2.7796869619595532,-0.9393389379996216,0.7839148807415693,-1.0103543730226854,0.9958328199461243,-0.8011771620977103,-0.9009687153430227,-0.5463571656234143,0.600816541953761,1.0,0.0,0.0,1.0,1.0,0.0,0.0,1.0,1.0,0.0,0.0,0.0,0.0,0.0,0.0,1.0,0.0,0.0,1.0,0.0,0.0,1.0,1.0,0.0,1.0,0.0,1.0,0.0,1.0,0.0
0.23445266917804672,1.3053988043733975,0.6219768438152948,0.5563179855977891,1.3419860082907897,-0.3840356986917804,0.09793108077017354,0.7839148807415693,-1.0103543730226854,0.3103722979938185,-0.8011771620977103,-0.16574424480366903,0.15552246051161547,0.600816541953761,1.0,0.0,1.0,0.0,1.0,0.0,0.0,1.0,0.0,0.0,0.0,0.0,1.0,0.0,0.0,1.0,0.0,0.0,1.0,0.0,0.0,1.0,1.0,0.0,0.0,1.0,0.0,1.0,0.0,1.0
0.23445266917804672,-1.368951114586313,-1.2173734806299357,0.5563179855977891,-1.1191120069138742,-0.3840356986917804,0.09793108077017354,0.7839148807415693,1.5770169407870533,0.9958328199461243,-0.8011771620977103,-0.16574424480366903,-0.1954173525558994,-0.07121747803331217,1.0,0.0,1.0,0.0,1.0,0.0,0.0,1.0,1.0,0.0,0.0,0.0,0.0,0.0,0.0,1.0,0.0,0.0,1.0,0.0,0.0,1.0,1.0,0.0,0.0,1.0,0.0,1.0,0.0,1.0
-1.4098842943814975,-0.4775011415997428,-0.2976983184073204,1.8747154035213165,-1.1191120069138742,-0.3840356986917804,0.09793108077017354,-0.16225214973488297,-0.14789726841943915,0.3103722979938185,-0.5884861405484971,0.5694802257356846,0.15552246051161547,-0.7432514980203854,0.0,1.0,0.0,1.0,1.0,0.0,0.0,1.0,0.0,1.0,0.0,0.0,0.0,0.0,0.0,1.0,0.0,0.0,1.0,0.0,1.0,0.0,1.0,0.0,1.0,0.0,0.0,1.0,1.0,0.0
-1.4098842943814975,0.41394883138682737,0.6219768438152948,0.5563179855977891,-1.1191120069138742,-0.3840356986917804,1.1352010995399686,0.7839148807415693,0.7145598361838071,0.9958328199461243,0.0495869240991422,-0.5333564800733459,-0.5463571656234143,-0.07121747803331217,1.0,0.0,1.0,0.0,1.0,0.0,0.0,1.0,1.0,0.0,0.0,0.0,0.0,0.0,0.0,1.0,0.0,0.0,1.0,0.0,0.0,1.0,1.0,0.0,1.0,0.0,0.0,1.0,0.0,1.0
0.23445266917804672,0.41394883138682737,-1.2173734806299357,-0.7620794323257384,0.11143700068845773,-0.3840356986917804,1.1352010995399686,0.7839148807415693,0.7145598361838071,0.9958328199461243,-0.8011771620977103,-0.16574424480366903,-0.1954173525558994,-0.07121747803331217,0.0,1.0,0.0,1.0,1.0,0.0,0.0,1.0,0.0,0.0,0.0,1.0,0.0,0.0,0.0,1.0,0.0,0.0,1.0,0.0,1.0,0.0,1.0,0.0,0.0,1.0,0.0,1.0,0.0,1.0
1.0566211509578187,0.41394883138682737,-1.2173734806299357,-0.7620794323257384,0.11143700068845773,-0.3840356986917804,1.1352010995399686,-0.16225214973488297,-0.14789726841943915,0.3103722979938185,0.0495869240991422,-1.2685809506126995,-1.248236791758444,-0.07121747803331217,1.0,0.0,1.0,0.0,1.0,0.0,0.0,1.0,0.0,0.0,1.0,0.0,0.0,0.0,0.0,1.0,0.0,0.0,1.0,0.0,1.0,0.0,1.0,0.0,0.0,1.0,0.0,1.0,0.0,1.0
1.8787896327375908,-1.368951114586313,-1.2173734806299357,-0.7620794323257384,-1.1191120069138742,-0.3840356986917804,-3.013878975539212,0.7839148807415693,0.7145598361838071,0.9958328199461243,-0.8011771620977103,-2.003805421152053,-1.248236791758444,1.2728505619408341,1.0,0.0,0.0,1.0,0.0,1.0,1.0,0.0,1.0,0.0,0.0,0.0,0.0,0.0,0.0,1.0,0.0,0.0,1.0,0.0,0.0,1.0,1.0,0.0,1.0,0.0,1.0,0.0,1.0,0.0
0.23445266917804672,-0.4775011415997428,-1.2173734806299357,0.5563179855977891,0.11143700068845773,-0.3840356986917804,1.1352010995399686,-0.16225214973488297,-0.14789726841943915,-1.060548745910793,0.2622779456483553,-0.16574424480366903,-0.1954173525558994,-0.07121747803331217,1.0,0.0,1.0,0.0,0.0,1.0,1.0,0.0,0.0,0.0,0.0,1.0,0.0,0.0,0.0,1.0,0.0,0.0,1.0,0.0,1.0,0.0,1.0,0.0,0.0,1.0,0.0,1.0,0.0,1.0
3.523126596297135,-1.368951114586313,-1.2173734806299357,0.5563179855977891,0.11143700068845773,2.7796869619595532,1.1352010995399686,-0.16225214973488297,-0.14789726841943915,0.3103722979938185,3.6653342904357653,-0.9009687153430227,-0.5463571656234143,0.600816541953761,0.0,1.0,1.0,0.0,0.0,1.0,0.0,1.0,1.0,0.0,0.0,0.0,0.0,0.0,0.0,1.0,0.0,0.0,1.0,0.0,0.0,1.0,1.0,0.0,0.0,1.0,1.0,0.0,0.0,1.0
-1.4098842943814975,-0.4775011415997428,-0.2976983184073204,-0.7620794323257384,1.3419860082907897,-0.3840356986917804,0.09793108077017354,0.7839148807415693,-0.14789726841943915,0.9958328199461243,-0.37579511899928403,0.9370924610053615,-0.1954173525558994,-2.0873195379945315,1.0,0.0,1.0,0.0,0.0,1.0,0.0,1.0,0.0,0.0,1.0,0.0,0.0,0.0,0.0,1.0,0.0,0.0,0.0,1.0,0.0,1.0,1.0,0.0,1.0,0.0,0.0,1.0,1.0,0.0
1.8787896327375908,1.3053988043733975,1.5416520060379102,-0.7620794323257384,-1.1191120069138742,1.1978256316338864,-0.9393389379996216,-1.1084191802113352,1.5770169407870533,0.9958328199461243,0.2622779456483553,-0.9009687153430227,-0.5463571656234143,0.600816541953761,1.0,0.0,0.0,1.0,1.0,0.0,0.0,1.0,0.0,0.0,0.0,0.0,1.0,0.0,0.0,1.0,0.0,0.0,1.0,0.0,0.0,1.0,1.0,0.0,1.0,0.0,0.0,1.0,0.0,1.0
-1.4098842943814975,-1.368951114586313,-1.2173734806299357,0.5563179855977891,0.11143700068845773,-0.3840356986917804,0.09793108077017354,-0.16225214973488297,-0.14789726841943915,-1.060548745910793,-0.5884861405484971,-0.16574424480366903,-0.5463571656234143,-0.7432514980203854,1.0,0.0,1.0,0.0,1.0,0.0,0.0,1.0,1.0,0.0,0.0,0.0,0.0,0.0,0.0,1.0,0.0,0.0,1.0,0.0,0.0,1.0,1.0,0.0,0.0,1.0,0.0,1.0,0.0,1.0
0.23445266917804672,-1.368951114586313,0.6219768438152948,0.5563179855977891,-1.1191120069138742,-0.3840356986917804,1.1352010995399686,-2.0545862106877877,-1.0103543730226854,0.9958328199461243,-0.37579511899928403,0.20186799046600779,-0.1954173525558994,-0.7432514980203854,0.0,1.0,1.0,0.0,0.0,1.0,0.0,1.0,0.0,0.0,1.0,0.0,0.0,0.0,0.0,1.0,0.0,0.0,1.0,0.0,1.0,0.0,1.0,0.0,0.0,1.0,0.0,1.0,1.0,0.0
1.0566211509578187,-1.368951114586313,-1.2173734806299357,0.5563179855977891,-1.1191120069138742,1.1978256316338864,1.1352010995399686,-0.16225214973488297,-0.14789726841943915,0.9958328199461243,-0.37579511899928403,-0.9009687153430227,-1.5991766048259588,-1.4152855180074584,0.0,1.0,1.0,0.0,1.0,0.0,0.0,1.0,0.0,0.0,0.0,1.0,0.0,0.0,0.0,1.0,0.0,0.0,1.0,0.0,0.0,1.0,1.0,0.0,1.0,0.0,1.0,0.0,0.0,1.0
1.0566211509578187,-1.368951114586313,1.5416520060379102,-0.7620794323257384,0.11143700068845773,-0.3840356986917804,-0.9393389379996216,0.7839148807415693,0.7145598361838071,0.9958328199461243,-0.37579511899928403,-0.5333564800733459,-0.5463571656234143,-0.07121747803331217,1.0,0.0,0.0,1.0,1.0,0.0,0.0,1.0,0.0,0.0,1.0,0.0,0.0,0.0,0.0,0.0,0.0,1.0,0.0,1.0,0.0,1.0,1.0,0.0,1.0,0.0,0.0,1.0,1.0,0.0
-0.5877158126017253,-1.368951114586313,-1.2173734806299357,0.5563179855977891,0.11143700068845773,4.36154829228522,-0.9393389379996216,0.7839148807415693,-0.14789726841943915,-1.7460092678630987,-0.8011771620977103,-1.6361931858823764,-1.5991766048259588,-0.07121747803331217,1.0,0.0,1.0,0.0,1.0,0.0,0.0,1.0,1.0,0.0,0.0,0.0,0.0,0.0,0.0,1.0,0.0,0.0,0.0,1.0,0.0,1.0,1.0,0.0,1.0,0.0,0.0,1.0,1.0,0.0
0.23445266917804672,-0.4775011415997428,-1.2173734806299357,-0.7620794323257384,0.11143700068845773,-0.3840356986917804,0.09793108077017354,-1.1084191802113352,-0.14789726841943915,-1.060548745910793,-0.37579511899928403,-0.16574424480366903,0.15552246051161547,0.600816541953761,1.0,0.0,0.0,1.0,0.0,1.0,0.0,1.0,0.0,0.0,1.0,0.0,0.0,0.0,0.0,1.0,0.0,0.0,1.0,0.0,1.0,0.0,1.0,0.0,0.0,1.0,0.0,1.0,0.0,1.0
1.0566211509578187,-0.4775011415997428,-1.2173734806299357,0.5563179855977891,0.11143700068845773,-0.3840356986917804,0.09793108077017354,-0.16225214973488297,1.5770169407870533,-0.3750882239584872,1.7511150964928472,-1.2685809506126995,-0.8972969786909292,0.600816541953761,1.0,0.0,1.0,0.0,1.0,0.0,0.0,1.0,0.0,0.0,1.0,0.0,0.0,0.0,0.0,1.0,0.0,0.0,1.0,0.0,0.0,1.0,1.0,0.0,1.0,0.0,1.0,0.0,0.0,1.0
0.23445266917804672,0.41394883138682737,-0.2976983184073204,-0.7620794323257384,0.11143700068845773,-0.3840356986917804,1.1352010995399686,0.7839148807415693,-1.0103543730226854,-0.3750882239584872,0.0495869240991422,0.9370924610053615,0.8574020866466452,-0.07121747803331217,1.0,0.0,0.0,1.0,1.0,0.0,0.0,1.0,0.0,0.0,1.0,0.0,0.0,0.0,0.0,1.0,0.0,0.0,1.0,0.0,1.0,0.0,1.0,0.0,0.0,1.0,0.0,1.0,1.0,0.0
1.0566211509578187,-0.4775011415997428,-1.2173734806299357,-0.7620794323257384,1.3419860082907897,-0.3840356986917804,0.09793108077017354,-1.1084191802113352,0.7145598361838071,-1.060548745910793,-0.8011771620977103,0.9370924610053615,1.2083418997141602,0.600816541953761,0.0,1.0,0.0,1.0,1.0,0.0,0.0,1.0,0.0,0.0,0.0,1.0,0.0,0.0,0.0,0.0,1.0,0.0,1.0,0.0,1.0,0.0,1.0,0.0,0.0,1.0,0.0,1.0,0.0,1.0
1.8787896327375908,0.41394883138682737,0.6219768438152948,-0.7620794323257384,0.11143700068845773,-0.3840356986917804,0.09793108077017354,-0.16225214973488297,1.5770169407870533,0.9958328199461243,2.6018791826896996,-0.16574424480366903,0.15552246051161547,0.600816541953761,1.0,0.0,0.0,1.0,1.0,0.0,0.0,1.0,0.0,0.0,1.0,0.0,0.0,0.0,0.0,0.0,1.0,0.0,1.0,0.0,0.0,1.0,1.0,0.0,0.0,1.0,0.0,1.0,0.0,1.0
-1.4098842943814975,0.41394883138682737,1.5416520060379102,3.193112821444844,0.11143700068845773,-0.3840356986917804,1.1352010995399686,-0.16225214973488297,-0.14789726841943915,0.9958328199461243,-0.37579511899928403,0.20186799046600779,-0.1954173525558994,-0.7432514980203854,0.0,1.0,1.0,0.0,1.0,0.0,0.0,1.0,1.0,0.0,0.0,0.0,0.0,0.0,0.0,0.0,0.0,1.0,1.0,0.0,0.0,1.0,1.0,0.0,1.0,0.0,0.0,1.0,1.0,0.0
1.0566211509578187,0.41394883138682737,-0.2976983184073204,0.5563179855977891,1.3419860082907897,2.7796869619595532,-0.9393389379996216,-0.16225214973488297,-1.0103543730226854,-1.060548745910793,0.4749689671975684,-1.6361931858823764,-0.8972969786909292,1.2728505619408341,1.0,0.0,1.0,0.0,0.0,1.0,1.0,0.0,0.0,0.0,1.0,0.0,0.0,0.0,0.0,1.0,0.0,0.0,1.0,0.0,0.0,1.0,1.0,0.0,1.0,0.0,1.0,0.0,1.0,0.0
0.23445266917804672,0.41394883138682737,-0.2976983184073204,-0.7620794323257384,0.11143700068845773,-0.3840356986917804,0.09793108077017354,-0.16225214973488297,-1.0103543730226854,-1.060548745910793,-0.8011771620977103,0.20186799046600779,0.5064622735791303,0.600816541953761,1.0,0.0,0.0,1.0,1.0,0.0,0.0,1.0,0.0,0.0,1.0,0.0,0.0,0.0,0.0,1.0,0.0,0.0,1.0,0.0,0.0,1.0,1.0,0.0,1.0,0.0,0.0,1.0,0.0,1.0
1.0566211509578187,-0.4775011415997428,-0.2976983184073204,1.8747154035213165,0.11143700068845773,1.1978256316338864,0.09793108077017354,-0.16225214973488297,-0.14789726841943915,0.3103722979938185,-0.8011771620977103,-0.9009687153430227,-4.055755296298563,-6.119523657916971,1.0,0.0,1.0,0.0,1.0,0.0,0.0,1.0,1.0,0.0,0.0,0.0,0.0,0.0,0.0,1.0,0.0,0.0,1.0,0.0,1.0,0.0,1.0,0.0,0.0,1.0,0.0,1.0,1.0,0.0
1.8787896327375908,-1.368951114586313,-1.2173734806299357,0.5563179855977891,0.11143700068845773,1.1978256316338864,0.09793108077017354,-0.16225214973488297,-0.14789726841943915,-0.3750882239584872,0.0495869240991422,-1.6361931858823764,-1.248236791758444,0.600816541953761,1.0,0.0,1.0,0.0,1.0,0.0,0.0,1.0,1.0,0.0,0.0,0.0,0.0,0.0,0.0,1.0,0.0,0.0,1.0,0.0,0.0,1.0,1.0,0.0,1.0,0.0,0.0,1.0,0.0,1.0
-1.4098842943814975,0.41394883138682737,0.6219768438152948,-0.7620794323257384,0.11143700068845773,-0.3840356986917804,1.1352010995399686,-0.16225214973488297,-1.0103543730226854,-1.060548745910793,-0.8011771620977103,0.5694802257356846,0.15552246051161547,-0.7432514980203854,0.0,1.0,0.0,1.0,0.0,1.0,0.0,1.0,0.0,0.0,1.0,0.0,0.0,0.0,0.0,1.0,0.0,0.0,1.0,0.0,1.0,0.0,1.0,0.0,0.0,1.0,0.0,1.0,0.0,1.0
-0.5877158126017253,0.41394883138682737,-1.2173734806299357,0.5563179855977891,2.5725350158931213,-0.3840356986917804,0.09793108077017354,-0.16225214973488297,-1.0103543730226854,0.9958328199461243,-0.37579511899928403,0.5694802257356846,-0.1954173525558994,-1.4152855180074584,0.0,1.0,0.0,1.0,1.0,0.0,0.0,1.0,0.0,0.0,1.0,0.0,0.0,0.0,0.0,1.0,0.0,0.0,1.0,0.0,0.0,1.0,1.0,0.0,1.0,0.0,0.0,1.0,0.0,1.0
0.23445266917804672,-0.4775011415997428,-1.2173734806299357,0.5563179855977891,-1.1191120069138742,1.1978256316338864,-0.9393389379996216,-0.16225214973488297,-1.0103543730226854,0.9958328199461243,0.9003510102959947,-1.2685809506126995,-1.248236791758444,-0.07121747803331217,0.0,1.0,1.0,0.0,0.0,1.0,0.0,1.0,1.0,0.0,0.0,0.0,0.0,0.0,0.0,1.0,0.0,0.0,1.0,0.0,1.0,0.0,0.0,1.0,0.0,1.0,1.0,0.0,0.0,1.0
-0.5877158126017253,1.3053988043733975,1.5416520060379102,-0.7620794323257384,0.11143700068845773,-0.3840356986917804,0.09793108077017354,-0.16225214973488297,-1.8728114776259317,-0.3750882239584872,-0.8011771620977103,0.5694802257356846,0.15552246051161547,-0.7432514980203854,0.0,1.0,0.0,1.0,1.0,0.0,0.0,1.0,0.0,0.0,1.0,0.0,0.0,0.0,0.0,0.0,0.0,1.0,1.0,0.0,0.0,1.0,1.0,0.0,0.0,1.0,0.0,1.0,1.0,0.0
0.23445266917804672,0.41394883138682737,0.6219768438152948,-0.7620794323257384,0.11143700068845773,-0.3840356986917804,1.1352010995399686,-0.16225214973488297,-0.14789726841943915,0.9958328199461243,-0.8011771620977103,0.20186799046600779,0.15552246051161547,-0.07121747803331217,1.0,0.0,0.0,1.0,0.0,1.0,1.0,0.0,0.0,0.0,0.0,1.0,0.0,0.0,0.0,1.0,0.0,0.0,0.0,1.0,0.0,1.0,1.0,0.0,1.0,0.0,0.0,1.0,0.0,1.0
0.23445266917804672,0.41394883138682737,0.6219768438152948,0.5563179855977891,1.3419860082907897,-0.3840356986917804,0.09793108077017354,-1.1084191802113352,-1.0103543730226854,0.9958328199461243,1.325733053394421,-0.16574424480366903,-0.1954173525558994,-0.07121747803331217,1.0,0.0,0.0,1.0,1.0,0.0,0.0,1.0,0.0,0.0,0.0,1.0,0.0,0.0,0.0,1.0,0.0,0.0,1.0,0.0,0.0,1.0,1.0,0.0,1.0,0.0,0.0,1.0,0.0,1.0
0.23445266917804672,-1.368951114586313,-1.2173734806299357,0.5563179855977891,1.3419860082907897,-0.3840356986917804,0.09793108077017354,-0.16225214973488297,-0.14789726841943915,0.9958328199461243,0.0495869240991422,1.3047046962750384,0.8574020866466452,-0.7432514980203854,1.0,0.0,1.0,0.0,0.0,1.0,0.0,1.0,1.0,0.0,0.0,0.0,0.0,0.0,0.0,1.0,0.0,0.0,1.0,0.0,1.0,0.0,1.0,0.0,0.0,1.0,0.0,1.0,0.0,1.0
0.23445266917804672,-0.4775011415997428,-0.2976983184073204,-0.7620794323257384,0.11143700068845773,-0.3840356986917804,0.09793108077017354,-0.16225214973488297,0.7145598361838071,0.3103722979938185,-0.8011771620977103,0.5694802257356846,1.91022152584919,2.6169186019149806,1.0,0.0,0.0,1.0,1.0,0.0,0.0,1.0,0.0,0.0,0.0,1.0,0.0,0.0,0.0,0.0,1.0,0.0,1.0,0.0,0.0,1.0,1.0,0.0,0.0,1.0,0.0,1.0,0.0,1.0
1.0566211509578187,-0.4775011415997428,-0.2976983184073204,-0.7620794323257384,0.11143700068845773,-0.3840356986917804,0.09793108077017354,0.7839148807415693,0.7145598361838071,0.9958328199461243,1.325733053394421,0.20186799046600779,-0.1954173525558994,-0.7432514980203854,0.0,1.0,0.0,1.0,1.0,0.0,0.0,1.0,0.0,0.0,0.0,1.0,0.0,0.0,0.0,1.0,0.0,0.0,1.0,0.0,0.0,1.0,1.0,0.0,0.0,1.0,0.0,1.0,0.0,1.0
-0.5877158126017253,0.41394883138682737,0.6219768438152948,-0.7620794323257384,1.3419860082907897,-0.3840356986917804,1.1352010995399686,-0.16225214973488297,-0.14789726841943915,0.9958328199461243,0.0495869240991422,0.5694802257356846,0.8574020866466452,0.600816541953761,0.0,1.0,0.0,1.0,1.0,0.0,0.0,1.0,0.0,0.0,0.0,1.0,0.0,0.0,0.0,1.0,0.0,0.0,1.0,0.0,0.0,1.0,1.0,0.0,0.0,1.0,0.0,1.0,0.0,1.0
1.8787896327375908,0.41394883138682737,-0.2976983184073204,-0.7620794323257384,-1.1191120069138742,-0.3840356986917804,0.09793108077017354,1.7300819112180217,0.7145598361838071,0.3103722979938185,0.4749689671975684,-0.16574424480366903,-0.8972969786909292,-1.4152855180074584,0.0,1.0,0.0,1.0,1.0,0.0,0.0,1.0,0.0,0.0,0.0,1.0,0.0,1.0,0.0,0.0,0.0,0.0,1.0,0.0,0.0,1.0,1.0,0.0,1.0,0.0,1.0,0.0,0.0,1.0
-1.4098842943814975,0.41394883138682737,0.6219768438152948,-0.7620794323257384,2.5725350158931213,-0.3840356986917804,0.09793108077017354,-0.16225214973488297,-0.14789726841943915,0.3103722979938185,1.325733053394421,-0.5333564800733459,-0.5463571656234143,-0.07121747803331217,1.0,0.0,0.0,1.0,1.0,0.0,1.0,0.0,0.0,0.0,1.0,0.0,0.0,0.0,1.0,0.0,0.0,0.0,0.0,1.0,1.0,0.0,1.0,0.0,1.0,0.0,0.0,1.0,1.0,0.0
-0.5877158126017253,-1.368951114586313,-0.2976983184073204,-0.7620794323257384,-1.1191120069138742,-0.3840356986917804,-0.9393389379996216,-0.16225214973488297,-0.14789726841943915,-0.3750882239584872,-0.8011771620977103,-0.5333564800733459,-0.8972969786909292,-0.7432514980203854,0.0,1.0,0.0,1.0,1.0,0.0,0.0,1.0,0.0,0.0,0.0,1.0,0.0,0.0,0.0,0.0,1.0,0.0,1.0,0.0,0.0,1.0,1.0,0.0,0.0,1.0,0.0,1.0,0.0,1.0
-0.5877158126017253,-1.368951114586313,-0.2976983184073204,-0.7620794323257384,-1.1191120069138742,-0.3840356986917804,0.09793108077017354,0.7839148807415693,0.7145598361838071,0.9958328199461243,0.0495869240991422,-0.9009687153430227,-0.5463571656234143,0.600816541953761,0.0,1.0,1.0,0.0,0.0,1.0,0.0,1.0,0.0,0.0,1.0,0.0,0.0,1.0,0.0,0.0,0.0,0.0,1.0,0.0,1.0,0.0,1.0,0.0,1.0,0.0,0.0,1.0,1.0,0.0
-1.4098842943814975,-1.368951114586313,-1.2173734806299357,-0.7620794323257384,0.11143700068845773,-0.3840356986917804,0.09793108077017354,-0.16225214973488297,-1.0103543730226854,-0.3750882239584872,0.4749689671975684,0.20186799046600779,0.5064622735791303,0.600816541953761,1.0,0.0,0.0,1.0,0.0,1.0,0.0,1.0,1.0,0.0,0.0,0.0,0.0,0.0,0.0,1.0,0.0,0.0,0.0,1.0,1.0,0.0,1.0,0.0,1.0,0.0,0.0,1.0,0.0,1.0
-0.5877158126017253,1.3053988043733975,1.5416520060379102,-0.7620794323257384,0.11143700068845773,-0.3840356986917804,0.09793108077017354,0.7839148807415693,-1.0103543730226854,-0.3750882239584872,-0.8011771620977103,1.672316931544715,1.559281712781675,-0.07121747803331217,1.0,0.0,0.0,1.0,1.0,0.0,0.0,1.0,0.0,1.0,0.0,0.0,0.0,0.0,1.0,0.0,0.0,0.0,1.0,0.0,0.0,1.0,1.0,0.0,1.0,0.0,0.0,1.0,0.0,1.0
-0.5877158126017253,1.3053988043733975,1.5416520060379102,-0.7620794323257384,0.11143700068845773,-0.3840356986917804,0.09793108077017354,0.7839148807415693,1.5770169407870533,0.9958328199461243,0.0495869240991422,0.20186799046600779,-0.1954173525558994,-0.7432514980203854,0.0,1.0,0.0,1.0,1.0,0.0,0.0,1.0,0.0,0.0,0.0,0.0,1.0,0.0,0.0,0.0,0.0,1.0,1.0,0.0,0.0,1.0,0.0,1.0,0.0,1.0,0.0,1.0,0.0,1.0
0.23445266917804672,-0.4775011415997428,-0.2976983184073204,0.5563179855977891,0.11143700068845773,-0.3840356986917804,0.09793108077017354,1.7300819112180217,-1.0103543730226854,-1.7460092678630987,-0.8011771620977103,0.20186799046600779,0.5064622735791303,0.600816541953761,0.0,1.0,1.0,0.0,1.0,0.0,0.0,1.0,0.0,0.0,1.0,0.0,0.0,0.0,0.0,1.0,0.0,0.0,1.0,0.0,0.0,1.0,1.0,0.0,0.0,1.0,0.0,1.0,0.0,1.0
-0.5877158126017253,1.3053988043733975,1.5416520060379102,-0.7620794323257384,-1.1191120069138742,-0.3840356986917804,0.09793108077017354,1.7300819112180217,1.5770169407870533,0.3103722979938185,1.7511150964928472,-0.9009687153430227,-0.8972969786909292,-0.07121747803331217,0.0,1.0,0.0,1.0,1.0,0.0,0.0,1.0,0.0,0.0,0.0,1.0,0.0,0.0,0.0,0.0,1.0,0.0,0.0,1.0,0.0,1.0,1.0,0.0,0.0,1.0,0.0,1.0,0.0,1.0
-0.5877158126017253,1.3053988043733975,1.5416520060379102,-0.7620794323257384,-1.1191120069138742,-0.3840356986917804,-0.9393389379996216,1.7300819112180217,1.5770169407870533,0.3103722979938185,0.9003510102959947,0.9370924610053615,0.8574020866466452,-0.07121747803331217,0.0,1.0,1.0,0.0,1.0,0.0,0.0,1.0,0.0,0.0,0.0,0.0,1.0,0.0,0.0,0.0,0.0,1.0,1.0,0.0,1.0,0.0,1.0,0.0,0.0,1.0,0.0,1.0,0.0,1.0
1.0566211509578187,-0.4775011415997428,-1.2173734806299357,-0.7620794323257384,0.11143700068845773,-0.3840356986917804,1.1352010995399686,-1.1084191802113352,0.7145598361838071,0.3103722979938185,-0.37579511899928403,1.672316931544715,1.559281712781675,-0.07121747803331217,0.0,1.0,0.0,1.0,1.0,0.0,0.0,1.0,0.0,0.0,1.0,0.0,0.0,0.0,0.0,1.0,0.0,0.0,1.0,0.0,1.0,0.0,1.0,0.0,0.0,1.0,0.0,1.0,0.0,1.0
-0.5877158126017253,-0.4775011415997428,0.6219768438152948,0.5563179855977891,1.3419860082907897,-0.3840356986917804,-0.9393389379996216,-1.1084191802113352,-0.14789726841943915,-1.7460092678630987,0.0495869240991422,0.5694802257356846,0.15552246051161547,-0.7432514980203854,0.0,1.0,0.0,1.0,1.0,0.0,0.0,1.0,0.0,0.0,1.0,0.0,0.0,0.0,0.0,1.0,0.0,0.0,1.0,0.0,0.0,1.0,1.0,0.0,1.0,0.0,0.0,1.0,0.0,1.0
1.0566211509578187,1.3053988043733975,1.5416520060379102,1.8747154035213165,-1.1191120069138742,-0.3840356986917804,-1.9766089567694167,1.7300819112180217,1.5770169407870533,-1.7460092678630987,0.2622779456483553,0.20186799046600779,0.5064622735791303,0.600816541953761,0.0,1.0,1.0,0.0,1.0,0.0,0.0,1.0,1.0,0.0,0.0,0.0,0.0,0.0,0.0,0.0,1.0,0.0,1.0,0.0,0.0,1.0,0.0,1.0,0.0,1.0,0.0,1.0,0.0,1.0
0.23445266917804672,1.3053988043733975,1.5416520060379102,0.5563179855977891,1.3419860082907897,-0.3840356986917804,1.1352010995399686,-0.16225214973488297,0.7145598361838071,0.9958328199461243,-0.8011771620977103,-1.6361931858823764,-1.5991766048259588,-0.07121747803331217,1.0,0.0,1.0,0.0,1.0,0.0,0.0,1.0,0.0,0.0,0.0,1.0,0.0,0.0,0.0,0.0,1.0,0.0,1.0,0.0,0.0,1.0,1.0,0.0,0.0,1.0,0.0,1.0,0.0,1.0
1.0566211509578187,-0.4775011415997428,-0.2976983184073204,0.5563179855977891,0.11143700068845773,4.36154829228522,-0.9393389379996216,-0.16225214973488297,-0.14789726841943915,0.3103722979938185,1.113042031845208,-0.5333564800733459,-0.8972969786909292,-0.7432514980203854,0.0,1.0,0.0,1.0,1.0,0.0,0.0,1.0,0.0,0.0,1.0,0.0,0.0,0.0,0.0,1.0,0.0,0.0,1.0,0.0,0.0,1.0,0.0,1.0,1.0,0.0,0.0,1.0,0.0,1.0
2.700958114517363,0.41394883138682737,0.6219768438152948,0.5563179855977891,0.11143700068845773,1.1978256316338864,-0.9393389379996216,-0.16225214973488297,0.7145598361838071,-0.3750882239584872,0.9003510102959947,-0.16574424480366903,-0.8972969786909292,-1.4152855180074584,1.0,0.0,0.0,1.0,1.0,0.0,0.0,1.0,1.0,0.0,0.0,0.0,0.0,0.0,0.0,0.0,1.0,0.0,1.0,0.0,1.0,0.0,1.0,0.0,0.0,1.0,0.0,1.0,0.0,1.0
-1.4098842943814975,1.3053988043733975,1.5416520060379102,-0.7620794323257384,0.11143700068845773,-0.3840356986917804,0.09793108077017354,0.7839148807415693,0.7145598361838071,-0.3750882239584872,-0.37579511899928403,0.5694802257356846,0.15552246051161547,-0.7432514980203854,1.0,0.0,0.0,1.0,1.0,0.0,0.0,1.0,0.0,0.0,0.0,1.0,0.0,0.0,0.0,0.0,0.0,1.0,0.0,1.0,0.0,1.0,1.0,0.0,0.0,1.0,0.0,1.0,0.0,1.0
1.8787896327375908,0.41394883138682737,-0.2976983184073204,-0.7620794323257384,0.11143700068845773,1.1978256316338864,-0.9393389379996216,-0.16225214973488297,-0.14789726841943915,-0.3750882239584872,-0.8011771620977103,-0.9009687153430227,-1.248236791758444,-0.7432514980203854,1.0,0.0,1.0,0.0,1.0,0.0,0.0,1.0,0.0,0.0,0.0,1.0,0.0,0.0,0.0,0.0,1.0,0.0,0.0,1.0,0.0,1.0,1.0,0.0,1.0,0.0,1.0,0.0,0.0,1.0
-0.5877158126017253,0.41394883138682737,0.6219768438152948,-0.7620794323257384,0.11143700068845773,-0.3840356986917804,-1.9766089567694167,-0.16225214973488297,1.5770169407870533,-0.3750882239584872,0.4749689671975684,0.5694802257356846,0.15552246051161547,-0.7432514980203854,1.0,0.0,0.0,1.0,0.0,1.0,1.0,0.0,0.0,0.0,1.0,0.0,0.0,0.0,0.0,0.0,1.0,0.0,1.0,0.0,0.0,1.0,1.0,0.0,1.0,0.0,0.0,1.0,0.0,1.0
-0.5877158126017253,-0.4775011415997428,-0.2976983184073204,1.8747154035213165,0.11143700068845773,-0.3840356986917804,1.1352010995399686,-0.16225214973488297,0.7145598361838071,-1.060548745910793,-0.5884861405484971,0.9370924610053615,0.5064622735791303,-0.7432514980203854,1.0,0.0,1.0,0.0,1.0,0.0,0.0,1.0,0.0,0.0,1.0,0.0,0.0,0.0,0.0,0.0,1.0,0.0,1.0,0.0,0.0,1.0,1.0,0.0,0.0,1.0,0.0,1.0,0.0,1.0
0.23445266917804672,1.3053988043733975,0.6219768438152948,-0.7620794323257384,1.3419860082907897,-0.3840356986917804,0.09793108077017354,-1.1084191802113352,-1.0103543730226854,-0.3750882239584872,-0.8011771620977103,2.039929166814392,2.2611613389167045,0.600816541953761,1.0,0.0,0.0,1.0,1.0,0.0,0.0,1.0,0.0,1.0,0.0,0.0,0.0,0.0,0.0,0.0,1.0,0.0,1.0,0.0,0.0,1.0,1.0,0.0,1.0,0.0,0.0,1.0,0.0,1.0
-0.5877158126017253,-2.260401087572883,-0.2976983184073204,-0.7620794323257384,-1.1191120069138742,-0.3840356986917804,0.09793108077017354,-0.16225214973488297,-1.0103543730226854,0.9958328199461243,-0.8011771620977103,-0.16574424480366903,0.15552246051161547,0.600816541953761,0.0,1.0,0.0,1.0,1.0,0.0,0.0,1.0,0.0,0.0,1.0,0.0,0.0,0.0,0.0,1.0,0.0,0.0,1.0,0.0,1.0,0.0,1.0,0.0,1.0,0.0,0.0,1.0,0.0,1.0
-0.5877158126017253,-1.368951114586313,0.6219768438152948,0.5563179855977891,-1.1191120069138742,-0.3840356986917804,0.09793108077017354,-0.16225214973488297,-0.14789726841943915,0.9958328199461243,1.538424074943634,-0.5333564800733459,-0.1954173525558994,0.600816541953761,1.0,0.0,0.0,1.0,1.0,0.0,0.0,1.0,1.0,0.0,0.0,0.0,0.0,0.0,0.0,1.0,0.0,0.0,1.0,0.0,0.0,1.0,1.0,0.0,1.0,0.0,1.0,0.0,0.0,1.0
0.23445266917804672,1.3053988043733975,1.5416520060379102,1.8747154035213165,-1.1191120069138742,4.36154829228522,-0.9393389379996216,-0.16225214973488297,-0.14789726841943915,0.9958328199461243,-0.37579511899928403,-0.9009687153430227,-0.8972969786909292,-0.07121747803331217,0.0,1.0,1.0,0.0,1.0,0.0,0.0,1.0,0.0,1.0,0.0,0.0,0.0,0.0,0.0,1.0,0.0,0.0,1.0,0.0,1.0,0.0,1.0,0.0,0.0,1.0,0.0,1.0,0.0,1.0
0.23445266917804672,-0.4775011415997428,0.6219768438152948,0.5563179855977891,0.11143700068845773,-0.3840356986917804,0.09793108077017354,0.7839148807415693,-0.14789726841943915,-0.3750882239584872,0.0495869240991422,0.9370924610053615,1.2083418997141602,0.600816541953761,0.0,1.0,0.0,1.0,1.0,0.0,0.0,1.0,0.0,0.0,1.0,0.0,0.0,0.0,0.0,0.0,1.0,0.0,1.0,0.0,1.0,0.0,1.0,0.0,0.0,1.0,0.0,1.0,0.0,1.0
0.23445266917804672,-1.368951114586313,-1.2173734806299357,1.8747154035213165,-1.1191120069138742,-0.3840356986917804,0.09793108077017354,-1.1084191802113352,-0.14789726841943915,0.3103722979938185,0.0495869240991422,0.20186799046600779,0.5064622735791303,0.600816541953761,0.0,1.0,1.0,0.0,1.0,0.0,0.0,1.0,0.0,0.0,1.0,0.0,0.0,0.0,0.0,0.0,1.0,0.0,1.0,0.0,1.0,0.0,1.0,0.0,1.0,0.0,1.0,0.0,1.0,0.0
1.0566211509578187,-0.4775011415997428,0.6219768438152948,-0.7620794323257384,2.5725350158931213,-0.3840356986917804,0.09793108077017354,1.7300819112180217,1.5770169407870533,-1.060548745910793,1.325733053394421,1.672316931544715,1.559281712781675,-0.07121747803331217,1.0,0.0,0.0,1.0,1.0,0.0,0.0,1.0,0.0,0.0,1.0,0.0,0.0,0.0,0.0,0.0,1.0,0.0,1.0,0.0,0.0,1.0,1.0,0.0,0.0,1.0,0.0,1.0,0.0,1.0
-0.5877158126017253,0.41394883138682737,1.5416520060379102,1.8747154035213165,0.11143700068845773,-0.3840356986917804,-0.9393389379996216,0.7839148807415693,1.5770169407870533,0.9958328199461243,0.0495869240991422,-0.9009687153430227,-0.5463571656234143,0.600816541953761,0.0,1.0,1.0,0.0,1.0,0.0,0.0,1.0,0.0,0.0,1.0,0.0,0.0,0.0,1.0,0.0,0.0,0.0,1.0,0.0,1.0,0.0,1.0,0.0,1.0,0.0,0.0,1.0,1.0,0.0
-0.5877158126017253,-1.368951114586313,0.6219768438152948,-0.7620794323257384,0.11143700068845773,-0.3840356986917804,0.09793108077017354,-0.16225214973488297,1.5770169407870533,-0.3750882239584872,-0.8011771620977103,0.9370924610053615,0.5064622735791303,-0.7432514980203854,1.0,0.0,0.0,1.0,1.0,0.0,0.0,1.0,1.0,0.0,0.0,0.0,0.0,0.0,0.0,0.0,1.0,0.0,1.0,0.0,1.0,0.0,1.0,0.0,0.0,1.0,0.0,1.0,0.0,1.0
1.0566211509578187,0.41394883138682737,-0.2976983184073204,0.5563179855977891,-1.1191120069138742,-0.3840356986917804,0.09793108077017354,0.7839148807415693,1.5770169407870533,0.9958328199461243,0.9003510102959947,-1.6361931858823764,-1.248236791758444,0.600816541953761,0.0,1.0,0.0,1.0,1.0,0.0,0.0,1.0,0.0,0.0,0.0,1.0,0.0,0.0,0.0,1.0,0.0,0.0,1.0,0.0,1.0,0.0,1.0,0.0,1.0,0.0,1.0,0.0,0.0,1.0
1.0566211509578187,-1.368951114586313,-1.2173734806299357,3.193112821444844,1.3419860082907897,-0.3840356986917804,0.09793108077017354,-0.16225214973488297,-1.0103543730226854,0.3103722979938185,0.0495869240991422,-0.5333564800733459,-0.1954173525558994,0.600816541953761,1.0,0.0,1.0,0.0,1.0,0.0,0.0,1.0,0.0,0.0,1.0,0.0,0.0,0.0,0.0,1.0,0.0,0.0,1.0,0.0,1.0,0.0,1.0,0.0,1.0,0.0,0.0,1.0,0.0,1.0
1.0566211509578187,-0.4775011415997428,1.5416520060379102,0.5563179855977891,0.11143700068845773,1.1978256316338864,0.09793108077017354,-0.16225214973488297,-0.14789726841943915,-0.3750882239584872,3.0272612257881257,-0.5333564800733459,-0.5463571656234143,-0.07121747803331217,1.0,0.0,0.0,1.0,0.0,1.0,1.0,0.0,0.0,0.0,0.0,1.0,0.0,0.0,0.0,1.0,0.0,0.0,1.0,0.0,0.0,1.0,1.0,0.0,1.0,0.0,0.0,1.0,0.0,1.0
0.23445266917804672,-0.4775011415997428,-0.2976983184073204,-0.7620794323257384,0.11143700068845773,-0.3840356986917804,1.1352010995399686,0.7839148807415693,1.5770169407870533,0.9958328199461243,1.7511150964928472,0.20186799046600779,0.15552246051161547,-0.07121747803331217,1.0,0.0,0.0,1.0,1.0,0.0,0.0,1.0,0.0,0.0,1.0,0.0,0.0,0.0,0.0,1.0,0.0,0.0,1.0,0.0,0.0,1.0,1.0,0.0,1.0,0.0,0.0,1.0,0.0,1.0
0.23445266917804672,0.41394883138682737,-1.2173734806299357,-0.7620794323257384,0.11143700068845773,-0.3840356986917804,0.09793108077017354,1.7300819112180217,0.7145598361838071,-1.7460092678630987,1.325733053394421,-1.2685809506126995,-0.8972969786909292,0.600816541953761,1.0,0.0,1.0,0.0,1.0,0.0,0.0,1.0,1.0,0.0,0.0,0.0,0.0,0.0,0.0,1.0,0.0,0.0,1.0,0.0,0.0,1.0,1.0,0.0,0.0,1.0,0.0,1.0,0.0,1.0
0.23445266917804672,-1.368951114586313,-1.2173734806299357,-0.7620794323257384,0.11143700068845773,-0.3840356986917804,0.09793108077017354,-0.16225214973488297,-0.14789726841943915,0.3103722979938185,-0.8011771620977103,0.20186799046600779,0.15552246051161547,-0.07121747803331217,0.0,1.0,0.0,1.0,1.0,0.0,0.0,1.0,0.0,0.0,1.0,0.0,0.0,0.0,0.0,1.0,0.0,0.0,1.0,0.0,1.0,0.0,1.0,0.0,1.0,0.0,0.0,1.0,0.0,1.0
0.23445266917804672,1.3053988043733975,-0.2976983184073204,-0.7620794323257384,2.5725350158931213,-0.3840356986917804,0.09793108077017354,-1.1084191802113352,-0.14789726841943915,0.3103722979938185,-0.37579511899928403,0.9370924610053615,1.2083418997141602,0.600816541953761,1.0,0.0,0.0,1.0,0.0,1.0,0.0,1.0,0.0,0.0,0.0,0.0,1.0,0.0,0.0,0.0,1.0,0.0,1.0,0.0,0.0,1.0,1.0,0.0,0.0,1.0,0.0,1.0,0.0,1.0
0.23445266917804672,-0.4775011415997428,-1.2173734806299357,0.5563179855977891,-1.1191120069138742,4.36154829228522,0.09793108077017354,1.7300819112180217,-1.8728114776259317,-0.3750882239584872,-0.8011771620977103,-0.9009687153430227,-0.8972969786909292,-0.07121747803331217,0.0,1.0,0.0,1.0,1.0,0.0,0.0,1.0,0.0,0.0,1.0,0.0,0.0,0.0,0.0,1.0,0.0,0.0,0.0,1.0,0.0,1.0,1.0,0.0,0.0,1.0,1.0,0.0,0.0,1.0
-0.5877158126017253,-0.4775011415997428,-0.2976983184073204,-0.7620794323257384,0.11143700068845773,-0.3840356986917804,1.1352010995399686,0.7839148807415693,-0.14789726841943915,-1.7460092678630987,-0.8011771620977103,-0.16574424480366903,0.5064622735791303,1.2728505619408341,1.0,0.0,1.0,0.0,0.0,1.0,0.0,1.0,0.0,0.0,1.0,0.0,0.0,0.0,0.0,0.0,1.0,0.0,1.0,0.0,1.0,0.0,1.0,0.0,0.0,1.0,0.0,1.0,1.0,0.0
-0.5877158126017253,-0.4775011415997428,-1.2173734806299357,1.8747154035213165,-1.1191120069138742,-0.3840356986917804,0.09793108077017354,-0.16225214973488297,-0.14789726841943915,0.3103722979938185,0.6876599887467816,1.3047046962750384,1.559281712781675,0.600816541953761,0.0,1.0,0.0,1.0,1.0,0.0,0.0,1.0,0.0,0.0,1.0,0.0,0.0,0.0,0.0,1.0,0.0,0.0,1.0,0.0,1.0,0.0,1.0,0.0,1.0,0.0,0.0,1.0,0.0,1.0
1.0566211509578187,-0.4775011415997428,-0.2976983184073204,-0.7620794323257384,0.11143700068845773,-0.3840356986917804,0.09793108077017354,-0.16225214973488297,-0.14789726841943915,-1.060548745910793,-0.8011771620977103,-0.5333564800733459,-0.8972969786909292,-0.7432514980203854,1.0,0.0,0.0,1.0,0.0,1.0,0.0,1.0,0.0,0.0,1.0,0.0,0.0,0.0,0.0,1.0,0.0,0.0,1.0,0.0,1.0,0.0,1.0,0.0,0.0,1.0,0.0,1.0,0.0,1.0
1.0566211509578187,-1.368951114586313,-1.2173734806299357,1.8747154035213165,0.11143700068845773,1.1978256316338864,0.09793108077017354,0.7839148807415693,-1.0103543730226854,-1.060548745910793,-0.37579511899928403,-0.9009687153430227,-0.5463571656234143,0.600816541953761,1.0,0.0,0.0,1.0,1.0,0.0,0.0,1.0,1.0,0.0,0.0,0.0,0.0,0.0,0.0,0.0,1.0,0.0,1.0,0.0,1.0,0.0,1.0,0.0,1.0,0.0,1.0,0.0,1.0,0.0
1.8787896327375908,-0.4775011415997428,-1.2173734806299357,0.5563179855977891,1.3419860082907897,1.1978256316338864,0.09793108077017354,-0.16225214973488297,-1.8728114776259317,0.9958328199461243,-0.8011771620977103,-0.9009687153430227,-0.5463571656234143,0.600816541953761,0.0,1.0,1.0,0.0,0.0,1.0,0.0,1.0,1.0,0.0,0.0,0.0,0.0,0.0,0.0,0.0,1.0,0.0,1.0,0.0,1.0,0.0,1.0,0.0,0.0,1.0,0.0,1.0,0.0,1.0
1.8787896327375908,0.41394883138682737,0.6219768438152948,-0.7620794323257384,0.11143700068845773,-0.3840356986917804,0.09793108077017354,1.7300819112180217,-0.14789726841943915,0.9958328199461243,-0.8011771620977103,-0.5333564800733459,-0.5463571656234143,-0.07121747803331217,0.0,1.0,1.0,0.0,1.0,0.0,0.0,1.0,0.0,0.0,1.0,0.0,0.0,0.0,0.0,0.0,1.0,0.0,1.0,0.0,1.0,0.0,1.0,0.0,0.0,1.0,0.0,1.0,1.0,0.0
1.0566211509578187,0.41394883138682737,-0.2976983184073204,-0.7620794323257384,-1.1191120069138742,1.1978256316338864,-1.9766089567694167,-0.16225214973488297,-1.8728114776259317,0.9958328199461243,-0.8011771620977103,-2.739029891691407,-4.055755296298563,-2.759353557981605,0.0,1.0,1.0,0.0,1.0,0.0,0.0,1.0,0.0,0.0,0.0,1.0,0.0,0.0,0.0,1.0,0.0,0.0,1.0,0.0,1.0,0.0,1.0,0.0,1.0,0.0,1.0,0.0,0.0,1.0
-1.4098842943814975,-0.4775011415997428,-1.2173734806299357,0.5563179855977891,-1.1191120069138742,-0.3840356986917804,-3.013878975539212,-0.16225214973488297,0.7145598361838071,-1.7460092678630987,-0.8011771620977103,-2.003805421152053,-1.248236791758444,1.2728505619408341,1.0,0.0,1.0,0.0,0.0,1.0,0.0,1.0,1.0,0.0,0.0,0.0,0.0,0.0,0.0,1.0,0.0,0.0,1.0,0.0,1.0,0.0,1.0,0.0,1.0,0.0,1.0,0.0,1.0,0.0
0.23445266917804672,-0.4775011415997428,-0.2976983184073204,-0.7620794323257384,-1.1191120069138742,1.1978256316338864,-0.9393389379996216,-2.0545862106877877,-1.0103543730226854,-1.7460092678630987,0.9003510102959947,-0.16574424480366903,-0.8972969786909292,-1.4152855180074584,1.0,0.0,0.0,1.0,0.0,1.0,1.0,0.0,0.0,0.0,1.0,0.0,0.0,0.0,0.0,1.0,0.0,0.0,1.0,0.0,0.0,1.0,1.0,0.0,1.0,0.0,1.0,0.0,0.0,1.0
1.8787896327375908,-1.368951114586313,-1.2173734806299357,0.5563179855977891,-1.1191120069138742,1.1978256316338864,0.09793108077017354,-0.16225214973488297,-1.0103543730226854,0.9958328199461243,-0.8011771620977103,-2.37141765642173,-1.248236791758444,1.9448845819279075,0.0,1.0,1.0,0.0,1.0,0.0,0.0,1.0,0.0,0.0,1.0,0.0,0.0,0.0,0.0,0.0,1.0,0.0,1.0,0.0,1.0,0.0,1.0,0.0,1.0,0.0,0.0,1.0,1.0,0.0
-0.5877158126017253,-0.4775011415997428,-0.2976983184073204,0.5563179855977891,2.5725350158931213,-0.3840356986917804,-3.013878975539212,-1.1084191802113352,-1.8728114776259317,-1.7460092678630987,0.0495869240991422,-0.5333564800733459,-0.8972969786909292,-0.7432514980203854,1.0,0.0,0.0,1.0,0.0,1.0,1.0,0.0,1.0,0.0,0.0,0.0,0.0,0.0,0.0,1.0,0.0,0.0,1.0,0.0,1.0,0.0,1.0,0.0,0.0,1.0,1.0,0.0,1.0,0.0
0.23445266917804672,-1.368951114586313,-0.2976983184073204,-0.7620794323257384,0.11143700068845773,-0.3840356986917804,-0.9393389379996216,1.7300819112180217,-1.0103543730226854,-1.7460092678630987,-0.37579511899928403,1.672316931544715,1.91022152584919,0.600816541953761,0.0,1.0,1.0,0.0,1.0,0.0,0.0,1.0,1.0,0.0,0.0,0.0,0.0,1.0,0.0,0.0,0.0,0.0,1.0,0.0,0.0,1.0,1.0,0.0,0.0,1.0,0.0,1.0,1.0,0.0
-1.4098842943814975,1.3053988043733975,-0.2976983184073204,-0.7620794323257384,-1.1191120069138742,-0.3840356986917804,-0.9393389379996216,1.7300819112180217,-1.0103543730226854,-0.3750882239584872,1.325733053394421,2.407541402084069,1.91022152584919,-0.7432514980203854,0.0,1.0,0.0,1.0,0.0,1.0,0.0,1.0,0.0,0.0,0.0,0.0,1.0,0.0,0.0,1.0,0.0,0.0,1.0,0.0,1.0,0.0,1.0,0.0,1.0,0.0,0.0,1.0,0.0,1.0
1.0566211509578187,-0.4775011415997428,-1.2173734806299357,-0.7620794323257384,0.11143700068845773,-0.3840356986917804,0.09793108077017354,-1.1084191802113352,1.5770169407870533,-1.7460092678630987,0.9003510102959947,0.9370924610053615,0.8574020866466452,-0.07121747803331217,1.0,0.0,0.0,1.0,1.0,0.0,0.0,1.0,0.0,0.0,1.0,0.0,0.0,0.0,0.0,1.0,0.0,0.0,1.0,0.0,0.0,1.0,1.0,0.0,1.0,0.0,0.0,1.0,0.0,1.0
-0.5877158126017253,1.3053988043733975,-0.2976983184073204,0.5563179855977891,0.11143700068845773,-0.3840356986917804,1.1352010995399686,-0.16225214973488297,-0.14789726841943915,-1.7460092678630987,-0.37579511899928403,0.5694802257356846,0.8574020866466452,0.600816541953761,1.0,0.0,0.0,1.0,1.0,0.0,0.0,1.0,0.0,0.0,0.0,0.0,1.0,0.0,0.0,0.0,1.0,0.0,1.0,0.0,0.0,1.0,1.0,0.0,0.0,1.0,0.0,1.0,0.0,1.0
-1.4098842943814975,1.3053988043733975,-0.2976983184073204,-0.7620794323257384,1.3419860082907897,-0.3840356986917804,-0.9393389379996216,-1.1084191802113352,-1.0103543730226854,0.9958328199461243,-0.8011771620977103,0.9370924610053615,0.8574020866466452,-0.07121747803331217,1.0,0.0,0.0,1.0,1.0,0.0,0.0,1.0,0.0,1.0,0.0,0.0,0.0,0.0,0.0,0.0,1.0,0.0,1.0,0.0,0.0,1.0,1.0,0.0,0.0,1.0,0.0,1.0,0.0,1.0
-0.5877158126017253,-0.4775011415997428,0.6219768438152948,0.5563179855977891,0.11143700068845773,-0.3840356986917804,0.09793108077017354,1.7300819112180217,-1.0103543730226854,0.9958328199461243,-0.8011771620977103,1.672316931544715,1.91022152584919,0.600816541953761,1.0,0.0,1.0,0.0,1.0,0.0,0.0,1.0,1.0,0.0,0.0,0.0,0.0,0.0,0.0,0.0,1.0,0.0,1.0,0.0,1.0,0.0,1.0,0.0,1.0,0.0,0.0,1.0,1.0,0.0
1.0566211509578187,1.3053988043733975,0.6219768438152948,0.5563179855977891,0.11143700068845773,-0.3840356986917804,0.09793108077017354,0.7839148807415693,1.5770169407870533,-1.060548745910793,-0.8011771620977103,0.5694802257356846,0.8574020866466452,0.600816541953761,1.0,0.0,0.0,1.0,0.0,1.0,0.0,1.0,0.0,0.0,1.0,0.0,0.0,0.0,0.0,1.0,0.0,0.0,1.0,0.0,0.0,1.0,1.0,0.0,1.0,0.0,0.0,1.0,0.0,1.0
0.23445266917804672,0.41394883138682737,-0.2976983184073204,-0.7620794323257384,0.11143700068845773,-0.3840356986917804,0.09793108077017354,-0.16225214973488297,-0.14789726841943915,-1.060548745910793,-0.8011771620977103,0.9370924610053615,0.8574020866466452,-0.07121747803331217,1.0,0.0,1.0,0.0,1.0,0.0,1.0,0.0,0.0,0.0,1.0,0.0,0.0,0.0,0.0,1.0,0.0,0.0,1.0,0.0,0.0,1.0,1.0,0.0,1.0,0.0,0.0,1.0,0.0,1.0
1.0566211509578187,-1.368951114586313,-0.2976983184073204,0.5563179855977891,-1.1191120069138742,-0.3840356986917804,0.09793108077017354,-2.0545862106877877,0.7145598361838071,-1.7460092678630987,0.9003510102959947,-0.5333564800733459,-0.1954173525558994,0.600816541953761,0.0,1.0,0.0,1.0,0.0,1.0,0.0,1.0,1.0,0.0,0.0,0.0,0.0,0.0,0.0,0.0,1.0,0.0,1.0,0.0,0.0,1.0,1.0,0.0,1.0,0.0,0.0,1.0,1.0,0.0
-1.4098842943814975,1.3053988043733975,0.6219768438152948,-0.7620794323257384,1.3419860082907897,-0.3840356986917804,1.1352010995399686,0.7839148807415693,-0.14789726841943915,0.3103722979938185,-0.8011771620977103,0.9370924610053615,0.8574020866466452,-0.07121747803331217,0.0,1.0,0.0,1.0,0.0,1.0,0.0,1.0,0.0,0.0,0.0,0.0,1.0,0.0,0.0,0.0,1.0,0.0,1.0,0.0,0.0,1.0,1.0,0.0,0.0,1.0,0.0,1.0,0.0,1.0
-1.4098842943814975,-0.4775011415997428,1.5416520060379102,-0.7620794323257384,1.3419860082907897,-0.3840356986917804,0.09793108077017354,-0.16225214973488297,-1.0103543730226854,0.9958328199461243,-0.37579511899928403,-0.5333564800733459,-0.1954173525558994,0.600816541953761,1.0,0.0,1.0,0.0,1.0,0.0,0.0,1.0,0.0,0.0,0.0,1.0,0.0,0.0,1.0,0.0,0.0,0.0,0.0,1.0,0.0,1.0,1.0,0.0,0.0,1.0,0.0,1.0,0.0,1.0
1.0566211509578187,-1.368951114586313,-1.2173734806299357,0.5563179855977891,0.11143700068845773,-0.3840356986917804,1.1352010995399686,0.7839148807415693,0.7145598361838071,0.3103722979938185,-0.8011771620977103,0.20186799046600779,0.5064622735791303,0.600816541953761,1.0,0.0,0.0,1.0,1.0,0.0,0.0,1.0,0.0,0.0,1.0,0.0,0.0,0.0,0.0,1.0,0.0,0.0,0.0,1.0,1.0,0.0,1.0,0.0,0.0,1.0,0.0,1.0,0.0,1.0
-0.5877158126017253,1.3053988043733975,1.5416520060379102,-0.7620794323257384,0.11143700068845773,-0.3840356986917804,0.09793108077017354,-2.0545862106877877,-0.14789726841943915,0.9958328199461243,0.4749689671975684,-0.9009687153430227,-0.8972969786909292,-0.07121747803331217,0.0,1.0,0.0,1.0,0.0,1.0,1.0,0.0,0.0,0.0,0.0,0.0,1.0,0.0,1.0,0.0,0.0,0.0,1.0,0.0,0.0,1.0,1.0,0.0,1.0,0.0,0.0,1.0,1.0,0.0
0.23445266917804672,1.3053988043733975,1.5416520060379102,-0.7620794323257384,0.11143700068845773,-0.3840356986917804,0.09793108077017354,1.7300819112180217,1.5770169407870533,-1.060548745910793,-0.8011771620977103,0.5694802257356846,0.5064622735791303,-0.07121747803331217,0.0,1.0,0.0,1.0,1.0,0.0,0.0,1.0,0.0,0.0,0.0,0.0,1.0,0.0,0.0,0.0,0.0,1.0,0.0,1.0,0.0,1.0,1.0,0.0,0.0,1.0,0.0,1.0,0.0,1.0
-1.4098842943814975,1.3053988043733975,-2.137048642852551,0.5563179855977891,2.5725350158931213,-0.3840356986917804,-0.9393389379996216,0.7839148807415693,-0.14789726841943915,-1.7460092678630987,-0.8011771620977103,0.20186799046600779,-0.1954173525558994,-0.7432514980203854,0.0,1.0,0.0,1.0,1.0,0.0,0.0,1.0,0.0,0.0,0.0,0.0,1.0,0.0,0.0,1.0,0.0,0.0,1.0,0.0,1.0,0.0,1.0,0.0,0.0,1.0,0.0,1.0,0.0,1.0
-0.5877158126017253,0.41394883138682737,0.6219768438152948,-0.7620794323257384,0.11143700068845773,-0.3840356986917804,0.09793108077017354,-1.1084191802113352,-0.14789726841943915,-0.3750882239584872,-0.8011771620977103,-0.16574424480366903,0.15552246051161547,0.600816541953761,0.0,1.0,0.0,1.0,1.0,0.0,0.0,1.0,0.0,0.0,0.0,1.0,0.0,0.0,0.0,1.0,0.0,0.0,1.0,0.0,1.0,0.0,1.0,0.0,0.0,1.0,0.0,1.0,0.0,1.0
-1.4098842943814975,-1.368951114586313,-0.2976983184073204,1.8747154035213165,0.11143700068845773,-0.3840356986917804,1.1352010995399686,1.7300819112180217,1.5770169407870533,0.9958328199461243,1.538424074943634,-0.9009687153430227,-0.1954173525558994,1.2728505619408341,0.0,1.0,1.0,0.0,1.0,0.0,0.0,1.0,0.0,0.0,1.0,0.0,0.0,0.0,0.0,0.0,1.0,0.0,1.0,0.0,0.0,1.0,1.0,0.0,0.0,1.0,0.0,1.0,1.0,0.0
1.0566211509578187,-1.368951114586313,-1.2173734806299357,0.5563179855977891,-1.1191120069138742,1.1978256316338864,-0.9393389379996216,-1.1084191802113352,-0.14789726841943915,-1.060548745910793,0.0495869240991422,-0.9009687153430227,-0.1954173525558994,1.2728505619408341,1.0,0.0,1.0,0.0,1.0,0.0,0.0,1.0,1.0,0.0,0.0,0.0,0.0,1.0,0.0,0.0,0.0,0.0,1.0,0.0,1.0,0.0,1.0,0.0,1.0,0.0,1.0,0.0,0.0,1.0
-1.4098842943814975,-1.368951114586313,-1.2173734806299357,0.5563179855977891,-1.1191120069138742,1.1978256316338864,0.09793108077017354,0.7839148807415693,-0.14789726841943915,-1.060548745910793,0.0495869240991422,-2.003805421152053,-1.5991766048259588,0.600816541953761,1.0,0.0,1.0,0.0,0.0,1.0,0.0,1.0,0.0,0.0,1.0,0.0,0.0,0.0,0.0,0.0,1.0,0.0,1.0,0.0,0.0,1.0,1.0,0.0,1.0,0.0,0.0,1.0,0.0,1.0
-0.5877158126017253,-0.4775011415997428,-0.2976983184073204,-0.7620794323257384,-1.1191120069138742,1.1978256316338864,1.1352010995399686,-0.16225214973488297,0.7145598361838071,0.9958328199461243,1.7511150964928472,0.5694802257356846,-0.1954173525558994,-1.4152855180074584,1.0,0.0,0.0,1.0,1.0,0.0,1.0,0.0,0.0,0.0,1.0,0.0,0.0,0.0,0.0,1.0,0.0,0.0,1.0,0.0,1.0,0.0,1.0,0.0,1.0,0.0,0.0,1.0,1.0,0.0
-0.5877158126017253,1.3053988043733975,1.5416520060379102,-0.7620794323257384,-1.1191120069138742,-0.3840356986917804,0.09793108077017354,-2.0545862106877877,-1.0103543730226854,0.9958328199461243,-0.8011771620977103,-0.16574424480366903,0.15552246051161547,0.600816541953761,0.0,1.0,0.0,1.0,0.0,1.0,0.0,1.0,0.0,0.0,0.0,0.0,1.0,0.0,1.0,0.0,0.0,0.0,1.0,0.0,0.0,1.0,1.0,0.0,1.0,0.0,0.0,1.0,0.0,1.0
0.23445266917804672,1.3053988043733975,1.5416520060379102,-0.7620794323257384,-1.1191120069138742,-0.3840356986917804,1.1352010995399686,-1.1084191802113352,-1.8728114776259317,-0.3750882239584872,0.4749689671975684,0.20186799046600779,-0.1954173525558994,-0.7432514980203854,1.0,0.0,1.0,0.0,0.0,1.0,0.0,1.0,0.0,0.0,0.0,1.0,0.0,0.0,0.0,1.0,0.0,0.0,1.0,0.0,0.0,1.0,1.0,0.0,1.0,0.0,0.0,1.0,1.0,0.0
1.0566211509578187,-0.4775011415997428,-0.2976983184073204,-0.7620794323257384,2.5725350158931213,-0.3840356986917804,0.09793108077017354,1.7300819112180217,1.5770169407870533,0.9958328199461243,-0.8011771620977103,-0.16574424480366903,-0.1954173525558994,-0.07121747803331217,0.0,1.0,0.0,1.0,0.0,1.0,0.0,1.0,0.0,0.0,1.0,0.0,0.0,0.0,0.0,1.0,0.0,0.0,1.0,0.0,0.0,1.0,0.0,1.0,0.0,1.0,0.0,1.0,0.0,1.0
-0.5877158126017253,1.3053988043733975,1.5416520060379102,0.5563179855977891,1.3419860082907897,-0.3840356986917804,-1.9766089567694167,0.7839148807415693,-0.14789726841943915,0.9958328199461243,0.0495869240991422,0.5694802257356846,0.5064622735791303,-0.07121747803331217,0.0,1.0,1.0,0.0,1.0,0.0,1.0,0.0,0.0,0.0,1.0,0.0,0.0,0.0,0.0,0.0,0.0,1.0,1.0,0.0,0.0,1.0,1.0,0.0,0.0,1.0,0.0,1.0,0.0,1.0
0.23445266917804672,1.3053988043733975,0.6219768438152948,0.5563179855977891,0.11143700068845773,1.1978256316338864,0.09793108077017354,1.7300819112180217,1.5770169407870533,-1.060548745910793,0.0495869240991422,-0.5333564800733459,-0.1954173525558994,0.600816541953761,0.0,1.0,1.0,0.0,1.0,0.0,0.0,1.0,0.0,0.0,0.0,1.0,0.0,0.0,0.0,1.0,0.0,0.0,1.0,0.0,0.0,1.0,0.0,1.0,0.0,1.0,0.0,1.0,0.0,1.0
-0.5877158126017253,0.41394883138682737,0.6219768438152948,0.5563179855977891,-1.1191120069138742,-0.3840356986917804,0.09793108077017354,-0.16225214973488297,-1.0103543730226854,0.9958328199461243,0.0495869240991422,-0.9009687153430227,-0.8972969786909292,-0.07121747803331217,1.0,0.0,0.0,1.0,1.0,0.0,1.0,0.0,0.0,0.0,1.0,0.0,0.0,0.0,0.0,1.0,0.0,0.0,1.0,0.0,0.0,1.0,1.0,0.0,0.0,1.0,0.0,1.0,0.0,1.0
1.0566211509578187,0.41394883138682737,0.6219768438152948,-0.7620794323257384,0.11143700068845773,-0.3840356986917804,1.1352010995399686,-0.16225214973488297,0.7145598361838071,0.9958328199461243,-0.8011771620977103,-0.5333564800733459,-0.5463571656234143,-0.07121747803331217,1.0,0.0,0.0,1.0,1.0,0.0,0.0,1.0,0.0,0.0,0.0,1.0,0.0,0.0,0.0,0.0,1.0,0.0,1.0,0.0,0.0,1.0,1.0,0.0,1.0,0.0,0.0,1.0,1.0,0.0
-0.5877158126017253,-1.368951114586313,-1.2173734806299357,-0.7620794323257384,-1.1191120069138742,-0.3840356986917804,-0.9393389379996216,0.7839148807415693,0.7145598361838071,-1.7460092678630987,0.0495869240991422,-0.5333564800733459,-0.1954173525558994,0.600816541953761,1.0,0.0,0.0,1.0,0.0,1.0,0.0,1.0,1.0,0.0,0.0,0.0,0.0,1.0,0.0,0.0,0.0,0.0,1.0,0.0,1.0,0.0,1.0,0.0,1.0,0.0,0.0,1.0,0.0,1.0
-0.5877158126017253,0.41394883138682737,-0.2976983184073204,0.5563179855977891,0.11143700068845773,2.7796869619595532,-1.9766089567694167,1.7300819112180217,1.5770169407870533,-1.7460092678630987,0.9003510102959947,-2.37141765642173,-2.3010562309609885,-0.07121747803331217,1.0,0.0,0.0,1.0,1.0,0.0,1.0,0.0,0.0,0.0,0.0,1.0,0.0,1.0,0.0,0.0,0.0,0.0,1.0,0.0,0.0,1.0,1.0,0.0,0.0,1.0,0.0,1.0,1.0,0.0
-0.5877158126017253,-1.368951114586313,-0.2976983184073204,0.5563179855977891,0.11143700068845773,-0.3840356986917804,0.09793108077017354,-0.16225214973488297,-0.14789726841943915,0.9958328199461243,-0.8011771620977103,-0.5333564800733459,-0.1954173525558994,0.600816541953761,0.0,1.0,1.0,0.0,1.0,0.0,0.0,1.0,0.0,0.0,1.0,0.0,0.0,0.0,0.0,1.0,0.0,0.0,1.0,0.0,1.0,0.0,1.0,0.0,1.0,0.0,0.0,1.0,1.0,0.0
-0.5877158126017253,-0.4775011415997428,-0.2976983184073204,-0.7620794323257384,-1.1191120069138742,-0.3840356986917804,0.09793108077017354,-0.16225214973488297,0.7145598361838071,-1.7460092678630987,0.4749689671975684,-1.6361931858823764,-1.5991766048259588,-0.07121747803331217,1.0,0.0,0.0,1.0,0.0,1.0,1.0,0.0,0.0,0.0,1.0,0.0,0.0,0.0,0.0,1.0,0.0,0.0,1.0,0.0,0.0,1.0,1.0,0.0,1.0,0.0,1.0,0.0,1.0,0.0
1.0566211509578187,-0.4775011415997428,-0.2976983184073204,-0.7620794323257384,0.11143700068845773,-0.3840356986917804,0.09793108077017354,0.7839148807415693,0.7145598361838071,-0.3750882239584872,1.538424074943634,-0.9009687153430227,-0.1954173525558994,1.2728505619408341,0.0,1.0,0.0,1.0,0.0,1.0,0.0,1.0,0.0,0.0,0.0,1.0,0.0,0.0,0.0,0.0,1.0,0.0,1.0,0.0,0.0,1.0,1.0,0.0,0.0,1.0,1.0,0.0,0.0,1.0
-1.4098842943814975,1.3053988043733975,-0.2976983184073204,-0.7620794323257384,0.11143700068845773,-0.3840356986917804,0.09793108077017354,-0.16225214973488297,-0.14789726841943915,0.9958328199461243,0.0495869240991422,-0.16574424480366903,0.15552246051161547,0.600816541953761,0.0,1.0,0.0,1.0,1.0,0.0,0.0,1.0,0.0,0.0,0.0,0.0,1.0,0.0,0.0,1.0,0.0,0.0,1.0,0.0,0.0,1.0,1.0,0.0,1.0,0.0,0.0,1.0,1.0,0.0
-0.5877158126017253,1.3053988043733975,0.6219768438152948,-0.7620794323257384,-1.1191120069138742,-0.3840356986917804,-0.9393389379996216,-2.0545862106877877,-0.14789726841943915,0.9958328199461243,0.4749689671975684,0.20186799046600779,0.15552246051161547,-0.07121747803331217,0.0,1.0,0.0,1.0,0.0,1.0,0.0,1.0,0.0,1.0,0.0,0.0,0.0,0.0,0.0,1.0,0.0,0.0,1.0,0.0,1.0,0.0,1.0,0.0,0.0,1.0,0.0,1.0,0.0,1.0
1.8787896327375908,-0.4775011415997428,0.6219768438152948,-0.7620794323257384,-1.1191120069138742,1.1978256316338864,0.09793108077017354,0.7839148807415693,0.7145598361838071,-1.060548745910793,-0.8011771620977103,-0.9009687153430227,-0.8972969786909292,-0.07121747803331217,1.0,0.0,0.0,1.0,1.0,0.0,0.0,1.0,1.0,0.0,0.0,0.0,0.0,0.0,0.0,0.0,1.0,0.0,1.0,0.0,1.0,0.0,1.0,0.0,1.0,0.0,1.0,0.0,0.0,1.0
-1.4098842943814975,1.3053988043733975,1.5416520060379102,-0.7620794323257384,1.3419860082907897,-0.3840356986917804,0.09793108077017354,-1.1084191802113352,-1.0103543730226854,0.9958328199461243,-0.37579511899928403,0.5694802257356846,0.5064622735791303,-0.07121747803331217,1.0,0.0,0.0,1.0,1.0,0.0,0.0,1.0,0.0,0.0,0.0,0.0,1.0,0.0,0.0,0.0,1.0,0.0,1.0,0.0,0.0,1.0,1.0,0.0,0.0,1.0,0.0,1.0,0.0,1.0
-1.4098842943814975,0.41394883138682737,-1.2173734806299357,0.5563179855977891,-1.1191120069138742,-0.3840356986917804,-0.9393389379996216,-1.1084191802113352,-0.14789726841943915,0.3103722979938185,-0.8011771620977103,-0.5333564800733459,-0.8972969786909292,-0.7432514980203854,0.0,1.0,0.0,1.0,1.0,0.0,0.0,1.0,0.0,0.0,1.0,0.0,0.0,0.0,0.0,0.0,1.0,0.0,1.0,0.0,0.0,1.0,1.0,0.0,1.0,0.0,0.0,1.0,1.0,0.0
0.23445266917804672,0.41394883138682737,-0.2976983184073204,-0.7620794323257384,0.11143700068845773,-0.3840356986917804,0.09793108077017354,0.7839148807415693,0.7145598361838071,0.9958328199461243,1.325733053394421,1.672316931544715,2.2611613389167045,1.2728505619408341,0.0,1.0,0.0,1.0,0.0,1.0,1.0,0.0,0.0,0.0,1.0,0.0,0.0,0.0,0.0,1.0,0.0,0.0,1.0,0.0,0.0,1.0,1.0,0.0,1.0,0.0,0.0,1.0,0.0,1.0
0.23445266917804672,-0.4775011415997428,-0.2976983184073204,1.8747154035213165,1.3419860082907897,-0.3840356986917804,0.09793108077017354,-1.1084191802113352,-0.14789726841943915,-1.7460092678630987,0.9003510102959947,0.5694802257356846,1.2083418997141602,1.2728505619408341,1.0,0.0,0.0,1.0,1.0,0.0,0.0,1.0,0.0,0.0,1.0,0.0,0.0,0.0,0.0,0.0,1.0,0.0,1.0,0.0,0.0,1.0,1.0,0.0,1.0,0.0,0.0,1.0,0.0,1.0
-0.5877158126017253,0.41394883138682737,-1.2173734806299357,-0.7620794323257384,-1.1191120069138742,-0.3840356986917804,-0.9393389379996216,-2.0545862106877877,-0.14789726841943915,-1.7460092678630987,-0.8011771620977103,-1.2685809506126995,-1.9501164178934738,-1.4152855180074584,1.0,0.0,0.0,1.0,1.0,0.0,0.0,1.0,0.0,0.0,1.0,0.0,0.0,0.0,0.0,1.0,0.0,0.0,1.0,0.0,1.0,0.0,1.0,0.0,0.0,1.0,0.0,1.0,0.0,1.0
-1.4098842943814975,1.3053988043733975,0.6219768438152948,-0.7620794323257384,0.11143700068845773,-0.3840356986917804,0.09793108077017354,-0.16225214973488297,-0.14789726841943915,0.9958328199461243,-0.8011771620977103,-0.16574424480366903,-0.1954173525558994,-0.07121747803331217,0.0,1.0,0.0,1.0,1.0,0.0,0.0,1.0,0.0,0.0,0.0,0.0,1.0,0.0,0.0,1.0,0.0,0.0,1.0,0.0,0.0,1.0,1.0,0.0,0.0,1.0,0.0,1.0,0.0,1.0
-0.5877158126017253,-0.4775011415997428,-0.2976983184073204,1.8747154035213165,-1.1191120069138742,-0.3840356986917804,0.09793108077017354,-0.16225214973488297,-1.0103543730226854,0.3103722979938185,-0.8011771620977103,0.9370924610053615,0.8574020866466452,-0.07121747803331217,1.0,0.0,1.0,0.0,0.0,1.0,0.0,1.0,0.0,0.0,1.0,0.0,0.0,0.0,0.0,1.0,0.0,0.0,1.0,0.0,0.0,1.0,1.0,0.0,0.0,1.0,0.0,1.0,1.0,0.0
-1.4098842943814975,-1.368951114586313,-1.2173734806299357,-0.7620794323257384,0.11143700068845773,-0.3840356986917804,0.09793108077017354,-0.16225214973488297,-1.0103543730226854,0.3103722979938185,-0.37579511899928403,0.5694802257356846,0.15552246051161547,-0.7432514980203854,1.0,0.0,0.0,1.0,1.0,0.0,0.0,1.0,0.0,0.0,1.0,0.0,0.0,0.0,0.0,1.0,0.0,0.0,1.0,0.0,0.0,1.0,1.0,0.0,0.0,1.0,0.0,1.0,0.0,1.0
-0.5877158126017253,-1.368951114586313,0.6219768438152948,-0.7620794323257384,-1.1191120069138742,1.1978256316338864,1.1352010995399686,-0.16225214973488297,-0.14789726841943915,-1.060548745910793,-0.37579511899928403,-0.9009687153430227,-1.248236791758444,-0.7432514980203854,0.0,1.0,0.0,1.0,1.0,0.0,0.0,1.0,1.0,0.0,0.0,0.0,0.0,0.0,0.0,0.0,1.0,0.0,1.0,0.0,1.0,0.0,1.0,0.0,1.0,0.0,1.0,0.0,0.0,1.0
-0.5877158126017253,0.41394883138682737,1.5416520060379102,-0.7620794323257384,-1.1191120069138742,-0.3840356986917804,-0.9393389379996216,-1.1084191802113352,-1.8728114776259317,0.9958328199461243,1.7511150964928472,1.3047046962750384,0.5064622735791303,-1.4152855180074584,1.0,0.0,0.0,1.0,1.0,0.0,1.0,0.0,0.0,0.0,0.0,1.0,0.0,0.0,0.0,1.0,0.0,0.0,1.0,0.0,1.0,0.0,1.0,0.0,1.0,0.0,0.0,1.0,0.0,1.0
0.23445266917804672,-1.368951114586313,-1.2173734806299357,-0.7620794323257384,0.11143700068845773,-0.3840356986917804,0.09793108077017354,0.7839148807415693,0.7145598361838071,-1.7460092678630987,-0.8011771620977103,0.9370924610053615,1.2083418997141602,0.600816541953761,1.0,0.0,0.0,1.0,1.0,0.0,0.0,1.0,0.0,0.0,1.0,0.0,0.0,0.0,0.0,1.0,0.0,0.0,1.0,0.0,0.0,1.0,1.0,0.0,1.0,0.0,0.0,1.0,1.0,0.0
-0.5877158126017253,1.3053988043733975,0.6219768438152948,1.8747154035213165,0.11143700068845773,-0.3840356986917804,1.1352010995399686,0.7839148807415693,-0.14789726841943915,-1.7460092678630987,-0.37579511899928403,1.672316931544715,1.2083418997141602,-0.7432514980203854,1.0,0.0,0.0,1.0,0.0,1.0,0.0,1.0,0.0,0.0,0.0,0.0,1.0,0.0,0.0,0.0,1.0,0.0,1.0,0.0,0.0,1.0,1.0,0.0,0.0,1.0,0.0,1.0,0.0,1.0
-0.5877158126017253,-0.4775011415997428,1.5416520060379102,0.5563179855977891,0.11143700068845773,-0.3840356986917804,0.09793108077017354,-1.1084191802113352,-1.0103543730226854,0.9958328199461243,-0.37579511899928403,0.9370924610053615,0.15552246051161547,-1.4152855180074584,1.0,0.0,0.0,1.0,0.0,1.0,0.0,1.0,0.0,0.0,1.0,0.0,0.0,0.0,1.0,0.0,0.0,0.0,1.0,0.0,0.0,1.0,1.0,0.0,0.0,1.0,0.0,1.0,0.0,1.0
2.700958114517363,-1.368951114586313,-1.2173734806299357,0.5563179855977891,1.3419860082907897,-0.3840356986917804,-0.9393389379996216,-1.1084191802113352,-1.0103543730226854,-0.3750882239584872,0.9003510102959947,-0.16574424480366903,1.2083418997141602,2.6169186019149806,1.0,0.0,1.0,0.0,1.0,0.0,0.0,1.0,0.0,0.0,1.0,0.0,0.0,0.0,0.0,1.0,0.0,0.0,1.0,0.0,1.0,0.0,1.0,0.0,1.0,0.0,0.0,1.0,0.0,1.0
-0.5877158126017253,-0.4775011415997428,-0.2976983184073204,-0.7620794323257384,-1.1191120069138742,-0.3840356986917804,-3.013878975539212,-1.1084191802113352,-1.0103543730226854,0.9958328199461243,0.4749689671975684,-0.5333564800733459,-0.1954173525558994,0.600816541953761,1.0,0.0,0.0,1.0,1.0,0.0,0.0,1.0,0.0,0.0,0.0,1.0,0.0,0.0,0.0,0.0,1.0,0.0,1.0,0.0,0.0,1.0,1.0,0.0,1.0,0.0,0.0,1.0,0.0,1.0
0.23445266917804672,1.3053988043733975,1.5416520060379102,0.5563179855977891,0.11143700068845773,-0.3840356986917804,-0.9393389379996216,-0.16225214973488297,-0.14789726841943915,0.3103722979938185,-0.8011771620977103,0.20186799046600779,0.15552246051161547,-0.07121747803331217,0.0,1.0,1.0,0.0,0.0,1.0,1.0,0.0,0.0,0.0,0.0,0.0,1.0,0.0,0.0,1.0,0.0,0.0,1.0,0.0,0.0,1.0,1.0,0.0,1.0,0.0,0.0,1.0,0.0,1.0
0.23445266917804672,-0.4775011415997428,-0.2976983184073204,0.5563179855977891,0.11143700068845773,-0.3840356986917804,0.09793108077017354,-0.16225214973488297,1.5770169407870533,0.3103722979938185,-0.8011771620977103,-0.16574424480366903,-0.5463571656234143,-0.7432514980203854,1.0,0.0,1.0,0.0,1.0,0.0,0.0,1.0,1.0,0.0,0.0,0.0,0.0,0.0,0.0,1.0,0.0,0.0,1.0,0.0,0.0,1.0,1.0,0.0,1.0,0.0,0.0,1.0,0.0,1.0
0.23445266917804672,0.41394883138682737,-1.2173734806299357,-0.7620794323257384,1.3419860082907897,-0.3840356986917804,-0.9393389379996216,0.7839148807415693,-0.14789726841943915,0.9958328199461243,-0.8011771620977103,2.039929166814392,2.2611613389167045,0.600816541953761,1.0,0.0,0.0,1.0,1.0,0.0,0.0,1.0,0.0,0.0,0.0,1.0,0.0,0.0,0.0,0.0,1.0,0.0,1.0,0.0,0.0,1.0,1.0,0.0,1.0,0.0,0.0,1.0,0.0,1.0
1.8787896327375908,-1.368951114586313,-1.2173734806299357,1.8747154035213165,0.11143700068845773,1.1978256316338864,1.1352010995399686,0.7839148807415693,0.7145598361838071,-1.060548745910793,0.9003510102959947,-0.5333564800733459,-0.8972969786909292,-0.7432514980203854,0.0,1.0,1.0,0.0,1.0,0.0,0.0,1.0,0.0,0.0,1.0,0.0,0.0,0.0,0.0,0.0,1.0,0.0,1.0,0.0,1.0,0.0,1.0,0.0,1.0,0.0,0.0,1.0,0.0,1.0
1.0566211509578187,1.3053988043733975,0.6219768438152948,0.5563179855977891,-1.1191120069138742,-0.3840356986917804,-0.9393389379996216,-1.1084191802113352,0.7145598361838071,-1.7460092678630987,0.9003510102959947,0.20186799046600779,0.15552246051161547,-0.07121747803331217,1.0,0.0,0.0,1.0,0.0,1.0,0.0,1.0,0.0,1.0,0.0,0.0,0.0,0.0,0.0,0.0,1.0,0.0,1.0,0.0,0.0,1.0,1.0,0.0,1.0,0.0,0.0,1.0,0.0,1.0
0.23445266917804672,-0.4775011415997428,0.6219768438152948,0.5563179855977891,-1.1191120069138742,-0.3840356986917804,-0.9393389379996216,-0.16225214973488297,-0.14789726841943915,-0.3750882239584872,0.0495869240991422,0.20186799046600779,0.5064622735791303,0.600816541953761,1.0,0.0,0.0,1.0,1.0,0.0,0.0,1.0,1.0,0.0,0.0,0.0,0.0,0.0,0.0,1.0,0.0,0.0,1.0,0.0,0.0,1.0,1.0,0.0,1.0,0.0,0.0,1.0,1.0,0.0
-1.4098842943814975,0.41394883138682737,1.5416520060379102,-0.7620794323257384,-1.1191120069138742,-0.3840356986917804,-0.9393389379996216,0.7839148807415693,-0.14789726841943915,0.3103722979938185,-0.37579511899928403,0.9370924610053615,0.5064622735791303,-0.7432514980203854,0.0,1.0,0.0,1.0,1.0,0.0,0.0,1.0,0.0,0.0,1.0,0.0,0.0,0.0,0.0,1.0,0.0,0.0,1.0,0.0,1.0,0.0,1.0,0.0,1.0,0.0,0.0,1.0,0.0,1.0
1.0566211509578187,1.3053988043733975,1.5416520060379102,0.5563179855977891,0.11143700068845773,-0.3840356986917804,0.09793108077017354,-0.16225214973488297,0.7145598361838071,0.3103722979938185,0.9003510102959947,-0.5333564800733459,-0.1954173525558994,0.600816541953761,1.0,0.0,1.0,0.0,1.0,0.0,0.0,1.0,0.0,0.0,0.0,0.0,1.0,0.0,0.0,1.0,0.0,0.0,1.0,0.0,1.0,0.0,1.0,0.0,0.0,1.0,0.0,1.0,0.0,1.0
0.23445266917804672,1.3053988043733975,-1.2173734806299357,-0.7620794323257384,-1.1191120069138742,-0.3840356986917804,-0.9393389379996216,-1.1084191802113352,-1.0103543730226854,0.9958328199461243,-0.8011771620977103,-1.2685809506126995,-0.5463571656234143,1.2728505619408341,1.0,0.0,0.0,1.0,1.0,0.0,0.0,1.0,0.0,1.0,0.0,0.0,0.0,1.0,0.0,0.0,0.0,0.0,1.0,0.0,0.0,1.0,1.0,0.0,1.0,0.0,0.0,1.0,1.0,0.0
1.0566211509578187,0.41394883138682737,0.6219768438152948,-0.7620794323257384,0.11143700068845773,-0.3840356986917804,1.1352010995399686,-0.16225214973488297,0.7145598361838071,0.3103722979938185,0.9003510102959947,-0.5333564800733459,-0.1954173525558994,0.600816541953761,1.0,0.0,0.0,1.0,1.0,0.0,0.0,1.0,0.0,0.0,0.0,1.0,0.0,0.0,0.0,0.0,1.0,0.0,1.0,0.0,1.0,0.0,1.0,0.0,0.0,1.0,0.0,1.0,0.0,1.0
3.523126596297135,1.3053988043733975,1.5416520060379102,-0.7620794323257384,1.3419860082907897,2.7796869619595532,-0.9393389379996216,-0.16225214973488297,-1.0103543730226854,0.9958328199461243,-0.8011771620977103,-0.9009687153430227,0.15552246051161547,1.9448845819279075,1.0,0.0,0.0,1.0,0.0,1.0,0.0,1.0,0.0,0.0,1.0,0.0,0.0,0.0,0.0,1.0,0.0,0.0,1.0,0.0,1.0,0.0,0.0,1.0,0.0,1.0,0.0,1.0,0.0,1.0
0.23445266917804672,0.41394883138682737,0.6219768438152948,-0.7620794323257384,-1.1191120069138742,-0.3840356986917804,0.09793108077017354,-0.16225214973488297,1.5770169407870533,0.9958328199461243,-0.8011771620977103,2.039929166814392,2.2611613389167045,0.600816541953761,0.0,1.0,0.0,1.0,1.0,0.0,0.0,1.0,0.0,0.0,1.0,0.0,0.0,0.0,0.0,0.0,1.0,0.0,1.0,0.0,1.0,0.0,1.0,0.0,0.0,1.0,0.0,1.0,0.0,1.0
-0.5877158126017253,1.3053988043733975,-1.2173734806299357,-0.7620794323257384,-1.1191120069138742,-0.3840356986917804,0.09793108077017354,-2.0545862106877877,-1.0103543730226854,-1.060548745910793,-0.8011771620977103,-0.5333564800733459,-0.1954173525558994,0.600816541953761,0.0,1.0,1.0,0.0,0.0,1.0,0.0,1.0,0.0,0.0,1.0,0.0,0.0,1.0,0.0,0.0,0.0,0.0,1.0,0.0,1.0,0.0,1.0,0.0,1.0,0.0,0.0,1.0,0.0,1.0
-1.4098842943814975,1.3053988043733975,-0.2976983184073204,-0.7620794323257384,1.3419860082907897,-0.3840356986917804,1.1352010995399686,-0.16225214973488297,-0.14789726841943915,-1.7460092678630987,0.0495869240991422,1.3047046962750384,1.2083418997141602,-0.07121747803331217,1.0,0.0,0.0,1.0,1.0,0.0,0.0,1.0,0.0,0.0,1.0,0.0,0.0,0.0,0.0,1.0,0.0,0.0,1.0,0.0,0.0,1.0,1.0,0.0,0.0,1.0,0.0,1.0,0.0,1.0
0.23445266917804672,-0.4775011415997428,-1.2173734806299357,1.8747154035213165,0.11143700068845773,-0.3840356986917804,-1.9766089567694167,-2.0545862106877877,-1.8728114776259317,-0.3750882239584872,-0.37579511899928403,0.5694802257356846,0.5064622735791303,-0.07121747803331217,1.0,0.0,1.0,0.0,1.0,0.0,0.0,1.0,1.0,0.0,0.0,0.0,0.0,0.0,0.0,0.0,1.0,0.0,1.0,0.0,1.0,0.0,1.0,0.0,0.0,1.0,0.0,1.0,1.0,0.0
-1.4098842943814975,0.41394883138682737,0.6219768438152948,-0.7620794323257384,0.11143700068845773,-0.3840356986917804,1.1352010995399686,-0.16225214973488297,-0.14789726841943915,0.9958328199461243,-0.8011771620977103,-0.16574424480366903,-0.1954173525558994,-0.07121747803331217,0.0,1.0,0.0,1.0,0.0,1.0,0.0,1.0,1.0,0.0,0.0,0.0,0.0,1.0,0.0,0.0,0.0,0.0,1.0,0.0,0.0,1.0,1.0,0.0,0.0,1.0,0.0,1.0,0.0,1.0
-0.5877158126017253,-0.4775011415997428,-0.2976983184073204,0.5563179855977891,0.11143700068845773,-0.3840356986917804,0.09793108077017354,0.7839148807415693,-1.0103543730226854,-0.3750882239584872,0.4749689671975684,0.20186799046600779,-0.5463571656234143,-1.4152855180074584,0.0,1.0,0.0,1.0,1.0,0.0,0.0,1.0,0.0,0.0,0.0,1.0,0.0,0.0,0.0,1.0,0.0,0.0,1.0,0.0,1.0,0.0,1.0,0.0,0.0,1.0,0.0,1.0,0.0,1.0
1.0566211509578187,-1.368951114586313,-0.2976983184073204,1.8747154035213165,0.11143700068845773,-0.3840356986917804,0.09793108077017354,-0.16225214973488297,0.7145598361838071,0.9958328199461243,-0.8011771620977103,1.672316931544715,1.2083418997141602,-0.7432514980203854,1.0,0.0,1.0,0.0,0.0,1.0,1.0,0.0,1.0,0.0,0.0,0.0,0.0,0.0,0.0,1.0,0.0,0.0,1.0,0.0,1.0,0.0,1.0,0.0,1.0,0.0,0.0,1.0,1.0,0.0
-0.5877158126017253,-0.4775011415997428,-0.2976983184073204,0.5563179855977891,0.11143700068845773,-0.3840356986917804,0.09793108077017354,0.7839148807415693,0.7145598361838071,0.9958328199461243,-0.8011771620977103,0.20186799046600779,0.15552246051161547,-0.07121747803331217,1.0,0.0,1.0,0.0,1.0,0.0,0.0,1.0,0.0,0.0,1.0,0.0,0.0,0.0,0.0,1.0,0.0,0.0,1.0,0.0,0.0,1.0,1.0,0.0,0.0,1.0,0.0,1.0,0.0,1.0
1.0566211509578187,-0.4775011415997428,-0.2976983184073204,-0.7620794323257384,0.11143700068845773,-0.3840356986917804,1.1352010995399686,1.7300819112180217,0.7145598361838071,-1.060548745910793,2.6018791826896996,-1.2685809506126995,-1.5991766048259588,-0.7432514980203854,0.0,1.0,0.0,1.0,1.0,0.0,0.0,1.0,0.0,0.0,1.0,0.0,0.0,0.0,0.0,0.0,1.0,0.0,1.0,0.0,1.0,0.0,1.0,0.0,1.0,0.0,1.0,0.0,0.0,1.0
1.0566211509578187,-1.368951114586313,-1.2173734806299357,-0.7620794323257384,-1.1191120069138742,2.7796869619595532,-1.9766089567694167,-0.16225214973488297,1.5770169407870533,0.3103722979938185,-0.8011771620977103,-0.16574424480366903,-0.8972969786909292,-1.4152855180074584,0.0,1.0,0.0,1.0,0.0,1.0,0.0,1.0,0.0,0.0,1.0,0.0,0.0,0.0,0.0,1.0,0.0,0.0,1.0,0.0,1.0,0.0,1.0,0.0,1.0,0.0,1.0,0.0,0.0,1.0
0.23445266917804672,-1.368951114586313,-0.2976983184073204,-0.7620794323257384,-1.1191120069138742,-0.3840356986917804,1.1352010995399686,1.7300819112180217,1.5770169407870533,-0.3750882239584872,0.0495869240991422,-0.5333564800733459,-0.1954173525558994,0.600816541953761,0.0,1.0,1.0,0.0,0.0,1.0,0.0,1.0,1.0,0.0,0.0,0.0,0.0,0.0,0.0,0.0,1.0,0.0,1.0,0.0,0.0,1.0,1.0,0.0,0.0,1.0,0.0,1.0,0.0,1.0
0.23445266917804672,-1.368951114586313,-1.2173734806299357,1.8747154035213165,-1.1191120069138742,1.1978256316338864,1.1352010995399686,-1.1084191802113352,-1.8728114776259317,-1.7460092678630987,-0.8011771620977103,-1.2685809506126995,-1.248236791758444,-0.07121747803331217,1.0,0.0,1.0,0.0,1.0,0.0,0.0,1.0,0.0,0.0,1.0,0.0,0.0,0.0,0.0,0.0,1.0,0.0,1.0,0.0,0.0,1.0,1.0,0.0,1.0,0.0,0.0,1.0,0.0,1.0
0.23445266917804672,-1.368951114586313,-1.2173734806299357,-0.7620794323257384,-1.1191120069138742,-0.3840356986917804,0.09793108077017354,-0.16225214973488297,-1.0103543730226854,0.9958328199461243,1.113042031845208,-1.6361931858823764,-0.8972969786909292,1.2728505619408341,1.0,0.0,0.0,1.0,1.0,0.0,0.0,1.0,0.0,0.0,1.0,0.0,0.0,1.0,0.0,0.0,0.0,0.0,1.0,0.0,0.0,1.0,1.0,0.0,0.0,1.0,0.0,1.0,1.0,0.0
0.23445266917804672,-0.4775011415997428,-0.2976983184073204,3.193112821444844,-1.1191120069138742,-0.3840356986917804,0.09793108077017354,0.7839148807415693,1.5770169407870533,0.3103722979938185,-0.37579511899928403,-0.16574424480366903,-0.5463571656234143,-0.7432514980203854,0.0,1.0,1.0,0.0,1.0,0.0,0.0,1.0,0.0,0.0,0.0,1.0,0.0,0.0,0.0,1.0,0.0,0.0,1.0,0.0,0.0,1.0,1.0,0.0,1.0,0.0,0.0,1.0,0.0,1.0
0.23445266917804672,0.41394883138682737,0.6219768438152948,-0.7620794323257384,0.11143700068845773,-0.3840356986917804,0.09793108077017354,-0.16225214973488297,0.7145598361838071,0.3103722979938185,0.0495869240991422,-0.16574424480366903,-0.8972969786909292,-1.4152855180074584,0.0,1.0,0.0,1.0,1.0,0.0,0.0,1.0,0.0,0.0,1.0,0.0,0.0,0.0,0.0,1.0,0.0,0.0,1.0,0.0,1.0,0.0,1.0,0.0,0.0,1.0,0.0,1.0,0.0,1.0
-0.5877158126017253,-1.368951114586313,-1.2173734806299357,3.193112821444844,0.11143700068845773,-0.3840356986917804,1.1352010995399686,-2.0545862106877877,-0.14789726841943915,-0.3750882239584872,-0.8011771620977103,0.9370924610053615,0.5064622735791303,-0.7432514980203854,1.0,0.0,1.0,0.0,1.0,0.0,0.0,1.0,1.0,0.0,0.0,0.0,0.0,0.0,0.0,1.0,0.0,0.0,1.0,0.0,0.0,1.0,1.0,0.0,1.0,0.0,0.0,1.0,1.0,0.0
-0.5877158126017253,1.3053988043733975,1.5416520060379102,-0.7620794323257384,-1.1191120069138742,-0.3840356986917804,0.09793108077017354,0.7839148807415693,0.7145598361838071,-1.060548745910793,0.4749689671975684,2.039929166814392,1.91022152584919,-0.07121747803331217,1.0,0.0,0.0,1.0,1.0,0.0,0.0,1.0,0.0,1.0,0.0,0.0,0.0,0.0,0.0,1.0,0.0,0.0,1.0,0.0,0.0,1.0,1.0,0.0,1.0,0.0,0.0,1.0,0.0,1.0
4.345295078076907,0.41394883138682737,-1.2173734806299357,-0.7620794323257384,-1.1191120069138742,4.36154829228522,1.1352010995399686,0.7839148807415693,1.5770169407870533,-1.7460092678630987,1.7511150964928472,-1.6361931858823764,-1.248236791758444,0.600816541953761,0.0,1.0,0.0,1.0,1.0,0.0,0.0,1.0,0.0,0.0,0.0,1.0,0.0,0.0,0.0,0.0,1.0,0.0,1.0,0.0,1.0,0.0,1.0,0.0,1.0,0.0,1.0,0.0,0.0,1.0
-0.5877158126017253,0.41394883138682737,0.6219768438152948,1.8747154035213165,-1.1191120069138742,-0.3840356986917804,-0.9393389379996216,-0.16225214973488297,0.7145598361838071,-0.3750882239584872,2.6018791826896996,-0.5333564800733459,-0.1954173525558994,0.600816541953761,0.0,1.0,1.0,0.0,0.0,1.0,0.0,1.0,0.0,0.0,0.0,0.0,1.0,0.0,0.0,1.0,0.0,0.0,1.0,0.0,0.0,1.0,1.0,0.0,0.0,1.0,0.0,1.0,0.0,1.0
1.0566211509578187,1.3053988043733975,1.5416520060379102,1.8747154035213165,-1.1191120069138742,-0.3840356986917804,0.09793108077017354,0.7839148807415693,-0.14789726841943915,0.9958328199461243,0.0495869240991422,-1.6361931858823764,-0.8972969786909292,1.2728505619408341,1.0,0.0,1.0,0.0,1.0,0.0,0.0,1.0,0.0,0.0,0.0,0.0,1.0,1.0,0.0,0.0,0.0,0.0,1.0,0.0,0.0,1.0,1.0,0.0,0.0,1.0,0.0,1.0,0.0,1.0
1.0566211509578187,-0.4775011415997428,-0.2976983184073204,-0.7620794323257384,0.11143700068845773,1.1978256316338864,1.1352010995399686,-0.16225214973488297,-1.8728114776259317,0.9958328199461243,2.6018791826896996,-0.9009687153430227,-1.248236791758444,-0.7432514980203854,1.0,0.0,0.0,1.0,0.0,1.0,0.0,1.0,1.0,0.0,0.0,0.0,0.0,0.0,0.0,0.0,1.0,0.0,1.0,0.0,0.0,1.0,1.0,0.0,1.0,0.0,0.0,1.0,0.0,1.0
0.23445266917804672,0.41394883138682737,0.6219768438152948,0.5563179855977891,-1.1191120069138742,-0.3840356986917804,0.09793108077017354,0.7839148807415693,-0.14789726841943915,0.3103722979938185,-0.8011771620977103,-0.16574424480366903,0.15552246051161547,0.600816541953761,1.0,0.0,0.0,1.0,1.0,0.0,0.0,1.0,0.0,0.0,0.0,1.0,0.0,0.0,0.0,0.0,1.0,0.0,1.0,0.0,0.0,1.0,1.0,0.0,1.0,0.0,0.0,1.0,0.0,1.0
-0.5877158126017253,-1.368951114586313,-1.2173734806299357,-0.7620794323257384,0.11143700068845773,2.7796869619595532,0.09793108077017354,0.7839148807415693,0.7145598361838071,0.9958328199461243,-0.8011771620977103,-0.5333564800733459,-0.5463571656234143,-0.07121747803331217,0.0,1.0,0.0,1.0,0.0,1.0,0.0,1.0,0.0,0.0,0.0,1.0,0.0,0.0,0.0,1.0,0.0,0.0,1.0,0.0,1.0,0.0,1.0,0.0,1.0,0.0,0.0,1.0,1.0,0.0
-1.4098842943814975,1.3053988043733975,1.5416520060379102,-0.7620794323257384,0.11143700068845773,-0.3840356986917804,-0.9393389379996216,-1.1084191802113352,-1.0103543730226854,0.9958328199461243,0.9003510102959947,1.3047046962750384,1.2083418997141602,-0.07121747803331217,0.0,1.0,0.0,1.0,1.0,0.0,0.0,1.0,0.0,0.0,0.0,0.0,1.0,0.0,1.0,0.0,0.0,0.0,1.0,0.0,0.0,1.0,1.0,0.0,0.0,1.0,0.0,1.0,1.0,0.0
-0.5877158126017253,1.3053988043733975,0.6219768438152948,-0.7620794323257384,1.3419860082907897,-0.3840356986917804,-0.9393389379996216,0.7839148807415693,0.7145598361838071,0.3103722979938185,-0.8011771620977103,0.9370924610053615,0.5064622735791303,-0.7432514980203854,1.0,0.0,0.0,1.0,1.0,0.0,0.0,1.0,0.0,0.0,0.0,0.0,1.0,0.0,1.0,0.0,0.0,0.0,0.0,1.0,0.0,1.0,1.0,0.0,0.0,1.0,0.0,1.0,0.0,1.0
-0.5877158126017253,-1.368951114586313,-0.2976983184073204,-0.7620794323257384,0.11143700068845773,-0.3840356986917804,0.09793108077017354,0.7839148807415693,-0.14789726841943915,-1.7460092678630987,-0.8011771620977103,0.5694802257356846,0.5064622735791303,-0.07121747803331217,1.0,0.0,0.0,1.0,0.0,1.0,0.0,1.0,0.0,0.0,1.0,0.0,0.0,0.0,0.0,0.0,1.0,0.0,0.0,1.0,1.0,0.0,1.0,0.0,0.0,1.0,0.0,1.0,0.0,1.0
1.0566211509578187,1.3053988043733975,1.5416520060379102,-0.7620794323257384,0.11143700068845773,-0.3840356986917804,0.09793108077017354,-0.16225214973488297,-0.14789726841943915,-1.060548745910793,-0.8011771620977103,0.20186799046600779,0.15552246051161547,-0.07121747803331217,0.0,1.0,0.0,1.0,1.0,0.0,0.0,1.0,0.0,0.0,0.0,0.0,1.0,0.0,0.0,0.0,1.0,0.0,1.0,0.0,0.0,1.0,1.0,0.0,0.0,1.0,0.0,1.0,0.0,1.0
0.23445266917804672,0.41394883138682737,0.6219768438152948,-0.7620794323257384,-1.1191120069138742,-0.3840356986917804,0.09793108077017354,-2.0545862106877877,0.7145598361838071,-0.3750882239584872,0.9003510102959947,-1.6361931858823764,-0.5463571656234143,1.9448845819279075,0.0,1.0,0.0,1.0,1.0,0.0,0.0,1.0,0.0,0.0,0.0,1.0,0.0,0.0,0.0,0.0,1.0,0.0,1.0,0.0,0.0,1.0,1.0,0.0,0.0,1.0,0.0,1.0,0.0,1.0
-1.4098842943814975,0.41394883138682737,1.5416520060379102,0.5563179855977891,1.3419860082907897,-0.3840356986917804,0.09793108077017354,-1.1084191802113352,-1.0103543730226854,0.9958328199461243,-0.8011771620977103,-0.5333564800733459,-0.1954173525558994,0.600816541953761,1.0,0.0,1.0,0.0,1.0,0.0,0.0,1.0,0.0,0.0,0.0,1.0,0.0,0.0,0.0,0.0,0.0,1.0,1.0,0.0,0.0,1.0,1.0,0.0,1.0,0.0,0.0,1.0,0.0,1.0
0.23445266917804672,1.3053988043733975,0.6219768438152948,0.5563179855977891,0.11143700068845773,-0.3840356986917804,0.09793108077017354,0.7839148807415693,0.7145598361838071,0.3103722979938185,-0.8011771620977103,-0.5333564800733459,-0.1954173525558994,0.600816541953761,0.0,1.0,0.0,1.0,0.0,1.0,0.0,1.0,0.0,0.0,0.0,0.0,1.0,0.0,0.0,1.0,0.0,0.0,1.0,0.0,1.0,0.0,1.0,0.0,0.0,1.0,0.0,1.0,0.0,1.0
1.8787896327375908,1.3053988043733975,1.5416520060379102,0.5563179855977891,0.11143700068845773,-0.3840356986917804,-1.9766089567694167,-0.16225214973488297,0.7145598361838071,-1.060548745910793,-0.37579511899928403,0.9370924610053615,0.5064622735791303,-0.7432514980203854,1.0,0.0,0.0,1.0,1.0,0.0,0.0,1.0,0.0,1.0,0.0,0.0,0.0,0.0,0.0,1.0,0.0,0.0,1.0,0.0,0.0,1.0,1.0,0.0,0.0,1.0,0.0,1.0,0.0,1.0
0.23445266917804672,-0.4775011415997428,-0.2976983184073204,0.5563179855977891,0.11143700068845773,-0.3840356986917804,1.1352010995399686,-0.16225214973488297,-1.0103543730226854,-1.7460092678630987,-0.8011771620977103,1.3047046962750384,1.91022152584919,1.2728505619408341,1.0,0.0,1.0,0.0,1.0,0.0,0.0,1.0,0.0,0.0,1.0,0.0,0.0,0.0,0.0,1.0,0.0,0.0,1.0,0.0,0.0,1.0,1.0,0.0,0.0,1.0,0.0,1.0,1.0,0.0
-1.4098842943814975,1.3053988043733975,1.5416520060379102,-0.7620794323257384,-1.1191120069138742,-0.3840356986917804,-0.9393389379996216,-0.16225214973488297,0.7145598361838071,0.9958328199461243,-0.8011771620977103,0.5694802257356846,0.15552246051161547,-0.7432514980203854,1.0,0.0,0.0,1.0,1.0,0.0,0.0,1.0,0.0,0.0,0.0,1.0,0.0,0.0,0.0,0.0,1.0,0.0,0.0,1.0,0.0,1.0,1.0,0.0,1.0,0.0,0.0,1.0,0.0,1.0
0.23445266917804672,0.41394883138682737,-1.2173734806299357,0.5563179855977891,-1.1191120069138742,-0.3840356986917804,-1.9766089567694167,0.7839148807415693,1.5770169407870533,-1.060548745910793,0.4749689671975684,-0.5333564800733459,-0.5463571656234143,-0.07121747803331217,0.0,1.0,0.0,1.0,0.0,1.0,0.0,1.0,0.0,0.0,0.0,1.0,0.0,0.0,0.0,0.0,1.0,0.0,1.0,0.0,1.0,0.0,1.0,0.0,1.0,0.0,0.0,1.0,0.0,1.0
1.0566211509578187,-1.368951114586313,0.6219768438152948,-0.7620794323257384,-1.1191120069138742,-0.3840356986917804,0.09793108077017354,-0.16225214973488297,-0.14789726841943915,-0.3750882239584872,-0.8011771620977103,-0.9009687153430227,-0.5463571656234143,0.600816541953761,0.0,1.0,0.0,1.0,0.0,1.0,0.0,1.0,1.0,0.0,0.0,0.0,0.0,0.0,0.0,0.0,1.0,0.0,1.0,0.0,1.0,0.0,1.0,0.0,1.0,0.0,1.0,0.0,0.0,1.0
-1.4098842943814975,1.3053988043733975,-0.2976983184073204,0.5563179855977891,-1.1191120069138742,-0.3840356986917804,1.1352010995399686,1.7300819112180217,1.5770169407870533,0.9958328199461243,0.0495869240991422,-0.5333564800733459,-0.8972969786909292,-0.7432514980203854,0.0,1.0,0.0,1.0,0.0,1.0,1.0,0.0,0.0,1.0,0.0,0.0,0.0,0.0,1.0,0.0,0.0,0.0,1.0,0.0,1.0,0.0,1.0,0.0,1.0,0.0,0.0,1.0,1.0,0.0
1.0566211509578187,-0.4775011415997428,-1.2173734806299357,-0.7620794323257384,-1.1191120069138742,2.7796869619595532,-0.9393389379996216,-1.1084191802113352,1.5770169407870533,0.9958328199461243,0.0495869240991422,-1.6361931858823764,-1.248236791758444,0.600816541953761,0.0,1.0,0.0,1.0,1.0,0.0,0.0,1.0,0.0,0.0,0.0,1.0,0.0,0.0,0.0,0.0,1.0,0.0,1.0,0.0,1.0,0.0,1.0,0.0,1.0,0.0,1.0,0.0,0.0,1.0
0.23445266917804672,1.3053988043733975,1.5416520060379102,-0.7620794323257384,1.3419860082907897,-0.3840356986917804,1.1352010995399686,0.7839148807415693,0.7145598361838071,0.3103722979938185,-0.8011771620977103,0.5694802257356846,0.15552246051161547,-0.7432514980203854,1.0,0.0,0.0,1.0,1.0,0.0,0.0,1.0,0.0,0.0,0.0,0.0,1.0,0.0,0.0,0.0,1.0,0.0,1.0,0.0,0.0,1.0,1.0,0.0,0.0,1.0,0.0,1.0,0.0,1.0
0.23445266917804672,-0.4775011415997428,0.6219768438152948,-0.7620794323257384,0.11143700068845773,-0.3840356986917804,1.1352010995399686,-0.16225214973488297,-0.14789726841943915,-0.3750882239584872,-0.8011771620977103,-0.5333564800733459,-0.1954173525558994,0.600816541953761,0.0,1.0,0.0,1.0,0.0,1.0,0.0,1.0,0.0,0.0,0.0,1.0,0.0,0.0,0.0,0.0,1.0,0.0,1.0,0.0,0.0,1.0,1.0,0.0,1.0,0.0,0.0,1.0,0.0,1.0
-0.5877158126017253,-1.368951114586313,-2.137048642852551,0.5563179855977891,0.11143700068845773,-0.3840356986917804,0.09793108077017354,-0.16225214973488297,-1.0103543730226854,-0.3750882239584872,-0.8011771620977103,1.672316931544715,1.91022152584919,0.600816541953761,0.0,1.0,0.0,1.0,1.0,0.0,0.0,1.0,0.0,0.0,1.0,0.0,0.0,0.0,0.0,1.0,0.0,0.0,1.0,0.0,0.0,1.0,1.0,0.0,0.0,1.0,0.0,1.0,0.0,1.0
0.23445266917804672,0.41394883138682737,-0.2976983184073204,-0.7620794323257384,0.11143700068845773,1.1978256316338864,0.09793108077017354,1.7300819112180217,0.7145598361838071,0.9958328199461243,-0.8011771620977103,-0.5333564800733459,-0.5463571656234143,-0.07121747803331217,1.0,0.0,1.0,0.0,1.0,0.0,0.0,1.0,1.0,0.0,0.0,0.0,0.0,0.0,0.0,1.0,0.0,0.0,1.0,0.0,1.0,0.0,1.0,0.0,1.0,0.0,0.0,1.0,1.0,0.0
-0.5877158126017253,0.41394883138682737,-0.2976983184073204,-0.7620794323257384,-1.1191120069138742,-0.3840356986917804,1.1352010995399686,0.7839148807415693,-0.14789726841943915,0.9958328199461243,0.0495869240991422,0.20186799046600779,0.15552246051161547,-0.07121747803331217,0.0,1.0,0.0,1.0,1.0,0.0,0.0,1.0,0.0,0.0,1.0,0.0,0.0,0.0,0.0,1.0,0.0,0.0,1.0,0.0,0.0,1.0,1.0,0.0,1.0,0.0,0.0,1.0,0.0,1.0
-0.5877158126017253,-0.4775011415997428,-0.2976983184073204,0.5563179855977891,2.5725350158931213,-0.3840356986917804,1.1352010995399686,-0.16225214973488297,1.5770169407870533,0.9958328199461243,0.4749689671975684,0.5694802257356846,0.5064622735791303,-0.07121747803331217,1.0,0.0,1.0,0.0,1.0,0.0,0.0,1.0,0.0,0.0,0.0,1.0,0.0,0.0,0.0,0.0,1.0,0.0,1.0,0.0,0.0,1.0,1.0,0.0,0.0,1.0,0.0,1.0,0.0,1.0
0.23445266917804672,-0.4775011415997428,-0.2976983184073204,-0.7620794323257384,1.3419860082907897,-0.3840356986917804,-0.9393389379996216,-0.16225214973488297,-1.0103543730226854,-0.3750882239584872,-0.8011771620977103,-0.16574424480366903,-0.1954173525558994,-0.07121747803331217,1.0,0.0,1.0,0.0,0.0,1.0,0.0,1.0,0.0,0.0,0.0,1.0,0.0,0.0,0.0,0.0,1.0,0.0,1.0,0.0,0.0,1.0,1.0,0.0,0.0,1.0,0.0,1.0,0.0,1.0
-0.5877158126017253,-0.4775011415997428,-0.2976983184073204,1.8747154035213165,-1.1191120069138742,-0.3840356986917804,0.09793108077017354,-1.1084191802113352,-1.0103543730226854,-0.3750882239584872,0.0495869240991422,0.20186799046600779,-0.5463571656234143,-1.4152855180074584,0.0,1.0,1.0,0.0,1.0,0.0,0.0,1.0,1.0,0.0,0.0,0.0,0.0,0.0,0.0,1.0,0.0,0.0,1.0,0.0,1.0,0.0,1.0,0.0,1.0,0.0,0.0,1.0,1.0,0.0
-0.5877158126017253,-1.368951114586313,-0.2976983184073204,-0.7620794323257384,1.3419860082907897,1.1978256316338864,-3.013878975539212,-0.16225214973488297,-1.0103543730226854,0.3103722979938185,-0.8011771620977103,-0.5333564800733459,-1.248236791758444,-1.4152855180074584,1.0,0.0,0.0,1.0,1.0,0.0,0.0,1.0,0.0,0.0,1.0,0.0,0.0,0.0,0.0,0.0,1.0,0.0,1.0,0.0,0.0,1.0,1.0,0.0,1.0,0.0,0.0,1.0,1.0,0.0
0.23445266917804672,1.3053988043733975,1.5416520060379102,-0.7620794323257384,0.11143700068845773,-0.3840356986917804,1.1352010995399686,-1.1084191802113352,1.5770169407870533,0.9958328199461243,-0.8011771620977103,0.5694802257356846,1.2083418997141602,1.2728505619408341,1.0,0.0,0.0,1.0,1.0,0.0,0.0,1.0,0.0,1.0,0.0,0.0,0.0,0.0,1.0,0.0,0.0,0.0,1.0,0.0,0.0,1.0,1.0,0.0,1.0,0.0,0.0,1.0,0.0,1.0
1.0566211509578187,-0.4775011415997428,-0.2976983184073204,0.5563179855977891,-1.1191120069138742,1.1978256316338864,1.1352010995399686,1.7300819112180217,1.5770169407870533,-0.3750882239584872,-0.8011771620977103,-1.2685809506126995,-1.9501164178934738,-1.4152855180074584,1.0,0.0,1.0,0.0,1.0,0.0,0.0,1.0,0.0,0.0,1.0,0.0,0.0,0.0,0.0,1.0,0.0,0.0,1.0,0.0,1.0,0.0,1.0,0.0,1.0,0.0,1.0,0.0,0.0,1.0
-1.4098842943814975,0.41394883138682737,0.6219768438152948,0.5563179855977891,-1.1191120069138742,-0.3840356986917804,0.09793108077017354,-0.16225214973488297,-0.14789726841943915,-0.3750882239584872,1.538424074943634,0.20186799046600779,-0.5463571656234143,-1.4152855180074584,0.0,1.0,0.0,1.0,1.0,0.0,0.0,1.0,0.0,0.0,0.0,1.0,0.0,0.0,0.0,0.0,1.0,0.0,1.0,0.0,0.0,1.0,1.0,0.0,0.0,1.0,0.0,1.0,0.0,1.0
1.0566211509578187,1.3053988043733975,-0.2976983184073204,-0.7620794323257384,0.11143700068845773,-0.3840356986917804,0.09793108077017354,-1.1084191802113352,-1.0103543730226854,-0.3750882239584872,-0.8011771620977103,0.9370924610053615,1.91022152584919,1.9448845819279075,1.0,0.0,0.0,1.0,0.0,1.0,0.0,1.0,0.0,0.0,0.0,0.0,1.0,0.0,0.0,1.0,0.0,0.0,1.0,0.0,0.0,1.0,1.0,0.0,0.0,1.0,0.0,1.0,0.0,1.0
1.0566211509578187,0.41394883138682737,-0.2976983184073204,0.5563179855977891,-1.1191120069138742,-0.3840356986917804,-1.9766089567694167,1.7300819112180217,1.5770169407870533,0.9958328199461243,0.9003510102959947,-0.9009687153430227,-0.5463571656234143,0.600816541953761,0.0,1.0,1.0,0.0,1.0,0.0,0.0,1.0,0.0,0.0,1.0,0.0,0.0,0.0,0.0,1.0,0.0,0.0,1.0,0.0,0.0,1.0,1.0,0.0,1.0,0.0,0.0,1.0,0.0,1.0
-0.5877158126017253,0.41394883138682737,-0.2976983184073204,-0.7620794323257384,0.11143700068845773,-0.3840356986917804,-3.013878975539212,-1.1084191802113352,-1.0103543730226854,-1.7460092678630987,0.9003510102959947,0.9370924610053615,1.2083418997141602,0.600816541953761,1.0,0.0,0.0,1.0,1.0,0.0,0.0,1.0,0.0,0.0,1.0,0.0,0.0,0.0,0.0,1.0,0.0,0.0,1.0,0.0,0.0,1.0,1.0,0.0,1.0,0.0,0.0,1.0,0.0,1.0
0.23445266917804672,1.3053988043733975,1.5416520060379102,-0.7620794323257384,-1.1191120069138742,-0.3840356986917804,0.09793108077017354,0.7839148807415693,0.7145598361838071,0.9958328199461243,-0.37579511899928403,1.3047046962750384,1.559281712781675,0.600816541953761,1.0,0.0,1.0,0.0,1.0,0.0,0.0,1.0,0.0,0.0,0.0,0.0,1.0,0.0,0.0,0.0,0.0,1.0,1.0,0.0,1.0,0.0,1.0,0.0,0.0,1.0,0.0,1.0,0.0,1.0
1.0566211509578187,-1.368951114586313,-0.2976983184073204,0.5563179855977891,-1.1191120069138742,-0.3840356986917804,-0.9393389379996216,0.7839148807415693,0.7145598361838071,0.3103722979938185,1.325733053394421,-0.5333564800733459,-0.5463571656234143,-0.07121747803331217,0.0,1.0,0.0,1.0,1.0,0.0,0.0,1.0,1.0,0.0,0.0,0.0,0.0,0.0,0.0,1.0,0.0,0.0,1.0,0.0,1.0,0.0,1.0,0.0,1.0,0.0,1.0,0.0,0.0,1.0
1.8787896327375908,-1.368951114586313,-1.2173734806299357,0.5563179855977891,0.11143700068845773,1.1978256316338864,-3.013878975539212,-2.0545862106877877,0.7145598361838071,-1.7460092678630987,1.7511150964928472,-1.6361931858823764,-1.248236791758444,0.600816541953761,1.0,0.0,0.0,1.0,1.0,0.0,0.0,1.0,0.0,0.0,1.0,0.0,0.0,0.0,0.0,1.0,0.0,0.0,1.0,0.0,0.0,1.0,1.0,0.0,1.0,0.0,0.0,1.0,0.0,1.0
-0.5877158126017253,-0.4775011415997428,-0.2976983184073204,-0.7620794323257384,0.11143700068845773,-0.3840356986917804,-0.9393389379996216,-0.16225214973488297,-1.0103543730226854,-0.3750882239584872,-0.37579511899928403,-1.2685809506126995,-0.5463571656234143,1.2728505619408341,1.0,0.0,1.0,0.0,1.0,0.0,1.0,0.0,0.0,1.0,0.0,0.0,0.0,0.0,0.0,1.0,0.0,0.0,1.0,0.0,1.0,0.0,1.0,0.0,1.0,0.0,0.0,1.0,1.0,0.0
-0.5877158126017253,1.3053988043733975,-0.2976983184073204,-0.7620794323257384,0.11143700068845773,-0.3840356986917804,0.09793108077017354,-1.1084191802113352,-0.14789726841943915,0.9958328199461243,-0.37579511899928403,1.672316931544715,1.2083418997141602,-0.7432514980203854,1.0,0.0,0.0,1.0,1.0,0.0,0.0,1.0,0.0,0.0,0.0,1.0,0.0,0.0,0.0,1.0,0.0,0.0,1.0,0.0,0.0,1.0,0.0,1.0,1.0,0.0,0.0,1.0,0.0,1.0
1.0566211509578187,0.41394883138682737,-0.2976983184073204,-0.7620794323257384,1.3419860082907897,-0.3840356986917804,1.1352010995399686,0.7839148807415693,-0.14789726841943915,-1.7460092678630987,0.0495869240991422,0.9370924610053615,1.559281712781675,1.2728505619408341,1.0,0.0,0.0,1.0,1.0,0.0,0.0,1.0,0.0,0.0,1.0,0.0,0.0,0.0,0.0,0.0,1.0,0.0,1.0,0.0,1.0,0.0,1.0,0.0,1.0,0.0,0.0,1.0,0.0,1.0
0.23445266917804672,1.3053988043733975,1.5416520060379102,-0.7620794323257384,0.11143700068845773,-0.3840356986917804,-1.9766089567694167,-0.16225214973488297,0.7145598361838071,-1.7460092678630987,0.0495869240991422,1.3047046962750384,0.8574020866466452,-0.7432514980203854,1.0,0.0,0.0,1.0,0.0,1.0,0.0,1.0,1.0,0.0,0.0,0.0,0.0,1.0,0.0,0.0,0.0,0.0,1.0,0.0,0.0,1.0,1.0,0.0,0.0,1.0,0.0,1.0,0.0,1.0
0.23445266917804672,1.3053988043733975,-0.2976983184073204,0.5563179855977891,0.11143700068845773,-0.3840356986917804,0.09793108077017354,-0.16225214973488297,-0.14789726841943915,0.9958328199461243,-0.8011771620977103,2.039929166814392,2.2611613389167045,0.600816541953761,1.0,0.0,1.0,0.0,1.0,0.0,0.0,1.0,0.0,0.0,1.0,0.0,0.0,0.0,0.0,1.0,0.0,0.0,0.0,1.0,0.0,1.0,1.0,0.0,1.0,0.0,0.0,1.0,0.0,1.0
-0.5877158126017253,-1.368951114586313,-1.2173734806299357,0.5563179855977891,0.11143700068845773,-0.3840356986917804,-0.9393389379996216,0.7839148807415693,-1.0103543730226854,0.9958328199461243,-0.37579511899928403,-0.9009687153430227,-0.8972969786909292,-0.07121747803331217,0.0,1.0,0.0,1.0,0.0,1.0,0.0,1.0,0.0,0.0,1.0,0.0,0.0,0.0,0.0,1.0,0.0,0.0,1.0,0.0,0.0,1.0,1.0,0.0,1.0,0.0,0.0,1.0,0.0,1.0
0.23445266917804672,-0.4775011415997428,1.5416520060379102,-0.7620794323257384,1.3419860082907897,-0.3840356986917804,0.09793108077017354,0.7839148807415693,-0.14789726841943915,0.9958328199461243,-0.8011771620977103,1.3047046962750384,1.2083418997141602,-0.07121747803331217,1.0,0.0,1.0,0.0,1.0,0.0,0.0,1.0,1.0,0.0,0.0,0.0,0.0,0.0,0.0,1.0,0.0,0.0,1.0,0.0,0.0,1.0,1.0,0.0,1.0,0.0,0.0,1.0,0.0,1.0
-0.5877158126017253,-1.368951114586313,-1.2173734806299357,0.5563179855977891,-1.1191120069138742,-0.3840356986917804,0.09793108077017354,-0.16225214973488297,-1.0103543730226854,0.9958328199461243,-0.37579511899928403,0.20186799046600779,0.5064622735791303,0.600816541953761,1.0,0.0,0.0,1.0,1.0,0.0,0.0,1.0,1.0,0.0,0.0,0.0,0.0,0.0,0.0,1.0,0.0,0.0,1.0,0.0,0.0,1.0,1.0,0.0,1.0,0.0,0.0,1.0,1.0,0.0
-1.4098842943814975,1.3053988043733975,-1.2173734806299357,-0.7620794323257384,0.11143700068845773,-0.3840356986917804,1.1352010995399686,-0.16225214973488297,0.7145598361838071,-1.060548745910793,-0.8011771620977103,0.20186799046600779,0.5064622735791303,0.600816541953761,0.0,1.0,1.0,0.0,0.0,1.0,0.0,1.0,0.0,1.0,0.0,0.0,0.0,0.0,0.0,0.0,1.0,0.0,1.0,0.0,0.0,1.0,1.0,0.0,0.0,1.0,0.0,1.0,0.0,1.0
-1.4098842943814975,1.3053988043733975,0.6219768438152948,0.5563179855977891,2.5725350158931213,-0.3840356986917804,-1.9766089567694167,-1.1084191802113352,-1.0103543730226854,-0.3750882239584872,0.4749689671975684,-0.9009687153430227,-0.1954173525558994,1.2728505619408341,0.0,1.0,0.0,1.0,1.0,0.0,0.0,1.0,0.0,0.0,0.0,0.0,1.0,0.0,0.0,0.0,1.0,0.0,0.0,1.0,0.0,1.0,1.0,0.0,1.0,0.0,0.0,1.0,0.0,1.0
-0.5877158126017253,1.3053988043733975,0.6219768438152948,-0.7620794323257384,-1.1191120069138742,-0.3840356986917804,0.09793108077017354,-1.1084191802113352,1.5770169407870533,0.9958328199461243,0.9003510102959947,0.9370924610053615,0.15552246051161547,-1.4152855180074584,0.0,1.0,0.0,1.0,0.0,1.0,0.0,1.0,0.0,0.0,1.0,0.0,0.0,0.0,0.0,1.0,0.0,0.0,1.0,0.0,1.0,0.0,1.0,0.0,0.0,1.0,0.0,1.0,0.0,1.0
-0.5877158126017253,1.3053988043733975,1.5416520060379102,-0.7620794323257384,0.11143700068845773,-0.3840356986917804,1.1352010995399686,-0.16225214973488297,-1.0103543730226854,-1.060548745910793,0.2622779456483553,-0.5333564800733459,-0.1954173525558994,0.600816541953761,0.0,1.0,1.0,0.0,0.0,1.0,1.0,0.0,1.0,0.0,0.0,0.0,0.0,0.0,0.0,1.0,0.0,0.0,1.0,0.0,0.0,1.0,1.0,0.0,1.0,0.0,0.0,1.0,1.0,0.0
-1.4098842943814975,1.3053988043733975,1.5416520060379102,-0.7620794323257384,-1.1191120069138742,-0.3840356986917804,0.09793108077017354,-0.16225214973488297,-0.14789726841943915,0.9958328199461243,-0.8011771620977103,0.20186799046600779,0.5064622735791303,0.600816541953761,0.0,1.0,0.0,1.0,0.0,1.0,0.0,1.0,0.0,1.0,0.0,0.0,0.0,0.0,0.0,0.0,1.0,0.0,1.0,0.0,0.0,1.0,1.0,0.0,0.0,1.0,0.0,1.0,0.0,1.0
-0.5877158126017253,-0.4775011415997428,-0.2976983184073204,1.8747154035213165,0.11143700068845773,-0.3840356986917804,0.09793108077017354,0.7839148807415693,1.5770169407870533,0.3103722979938185,0.0495869240991422,-0.9009687153430227,-0.5463571656234143,0.600816541953761,1.0,0.0,1.0,0.0,1.0,0.0,0.0,1.0,0.0,0.0,1.0,0.0,0.0,0.0,0.0,1.0,0.0,0.0,1.0,0.0,0.0,1.0,1.0,0.0,1.0,0.0,0.0,1.0,0.0,1.0
1.0566211509578187,0.41394883138682737,1.5416520060379102,-0.7620794323257384,-1.1191120069138742,-0.3840356986917804,1.1352010995399686,0.7839148807415693,0.7145598361838071,-1.7460092678630987,0.0495869240991422,-0.16574424480366903,0.15552246051161547,0.600816541953761,1.0,0.0,0.0,1.0,1.0,0.0,0.0,1.0,0.0,0.0,1.0,0.0,0.0,0.0,0.0,1.0,0.0,0.0,1.0,0.0,0.0,1.0,1.0,0.0,0.0,1.0,0.0,1.0,0.0,1.0
0.23445266917804672,-0.4775011415997428,-0.2976983184073204,1.8747154035213165,-1.1191120069138742,1.1978256316338864,0.09793108077017354,0.7839148807415693,1.5770169407870533,0.9958328199461243,-0.8011771620977103,-0.5333564800733459,-0.8972969786909292,-0.7432514980203854,0.0,1.0,1.0,0.0,1.0,0.0,0.0,1.0,0.0,0.0,1.0,0.0,0.0,0.0,0.0,1.0,0.0,0.0,1.0,0.0,0.0,1.0,1.0,0.0,1.0,0.0,0.0,1.0,0.0,1.0
-0.5877158126017253,0.41394883138682737,0.6219768438152948,1.8747154035213165,0.11143700068845773,1.1978256316338864,1.1352010995399686,-0.16225214973488297,-0.14789726841943915,-1.060548745910793,0.0495869240991422,-0.9009687153430227,-0.1954173525558994,1.2728505619408341,0.0,1.0,0.0,1.0,1.0,0.0,0.0,1.0,1.0,0.0,0.0,0.0,0.0,0.0,0.0,1.0,0.0,0.0,0.0,1.0,0.0,1.0,1.0,0.0,1.0,0.0,0.0,1.0,0.0,1.0
-0.5877158126017253,-0.4775011415997428,-0.2976983184073204,1.8747154035213165,0.11143700068845773,-0.3840356986917804,-0.9393389379996216,0.7839148807415693,1.5770169407870533,-1.7460092678630987,-0.5884861405484971,-0.9009687153430227,-0.5463571656234143,0.600816541953761,1.0,0.0,1.0,0.0,1.0,0.0,0.0,1.0,0.0,0.0,1.0,0.0,0.0,0.0,0.0,1.0,0.0,0.0,1.0,0.0,0.0,1.0,1.0,0.0,1.0,0.0,1.0,0.0,0.0,1.0
-0.5877158126017253,1.3053988043733975,1.5416520060379102,0.5563179855977891,-1.1191120069138742,-0.3840356986917804,1.1352010995399686,-2.0545862106877877,-0.14789726841943915,0.9958328199461243,-0.5884861405484971,-0.16574424480366903,-0.1954173525558994,-0.07121747803331217,1.0,0.0,0.0,1.0,0.0,1.0,0.0,1.0,0.0,0.0,0.0,1.0,0.0,0.0,0.0,0.0,1.0,0.0,1.0,0.0,0.0,1.0,1.0,0.0,1.0,0.0,0.0,1.0,1.0,0.0
0.23445266917804672,1.3053988043733975,1.5416520060379102,-0.7620794323257384,0.11143700068845773,-0.3840356986917804,1.1352010995399686,-0.16225214973488297,1.5770169407870533,-0.3750882239584872,2.3891881611404866,0.5694802257356846,0.15552246051161547,-0.7432514980203854,0.0,1.0,0.0,1.0,0.0,1.0,0.0,1.0,0.0,0.0,0.0,1.0,0.0,0.0,0.0,1.0,0.0,0.0,1.0,0.0,0.0,1.0,1.0,0.0,1.0,0.0,0.0,1.0,0.0,1.0
-0.5877158126017253,-0.4775011415997428,-0.2976983184073204,-0.7620794323257384,2.5725350158931213,-0.3840356986917804,1.1352010995399686,-1.1084191802113352,-0.14789726841943915,-0.3750882239584872,-0.5884861405484971,0.5694802257356846,0.5064622735791303,-0.07121747803331217,1.0,0.0,0.0,1.0,1.0,0.0,0.0,1.0,0.0,0.0,1.0,0.0,0.0,0.0,0.0,1.0,0.0,0.0,1.0,0.0,1.0,0.0,1.0,0.0,1.0,0.0,0.0,1.0,0.0,1.0
1.0566211509578187,0.41394883138682737,-0.2976983184073204,-0.7620794323257384,0.11143700068845773,-0.3840356986917804,-0.9393389379996216,-2.0545862106877877,-1.0103543730226854,-1.7460092678630987,0.0495869240991422,-0.5333564800733459,0.5064622735791303,1.9448845819279075,1.0,0.0,0.0,1.0,1.0,0.0,0.0,1.0,0.0,0.0,0.0,1.0,0.0,0.0,0.0,1.0,0.0,0.0,1.0,0.0,0.0,1.0,1.0,0.0,0.0,1.0,0.0,1.0,0.0,1.0
1.0566211509578187,-0.4775011415997428,-0.2976983184073204,0.5563179855977891,1.3419860082907897,-0.3840356986917804,1.1352010995399686,-0.16225214973488297,-0.14789726841943915,0.3103722979938185,-0.8011771620977103,0.9370924610053615,1.91022152584919,1.9448845819279075,1.0,0.0,1.0,0.0,1.0,0.0,0.0,1.0,1.0,0.0,0.0,0.0,0.0,0.0,0.0,1.0,0.0,0.0,1.0,0.0,1.0,0.0,1.0,0.0,1.0,0.0,0.0,1.0,1.0,0.0
-1.4098842943814975,1.3053988043733975,1.5416520060379102,0.5563179855977891,-1.1191120069138742,-0.3840356986917804,0.09793108077017354,-0.16225214973488297,-1.0103543730226854,0.9958328199461243,0.4749689671975684,0.5694802257356846,0.8574020866466452,0.600816541953761,1.0,0.0,0.0,1.0,1.0,0.0,0.0,1.0,0.0,0.0,0.0,0.0,1.0,0.0,0.0,0.0,0.0,1.0,1.0,0.0,1.0,0.0,1.0,0.0,0.0,1.0,0.0,1.0,0.0,1.0
1.0566211509578187,-0.4775011415997428,-0.2976983184073204,0.5563179855977891,0.11143700068845773,-0.3840356986917804,0.09793108077017354,-0.16225214973488297,1.5770169407870533,-1.7460092678630987,-0.37579511899928403,0.20186799046600779,0.5064622735791303,0.600816541953761,1.0,0.0,0.0,1.0,1.0,0.0,0.0,1.0,0.0,0.0,0.0,1.0,0.0,1.0,0.0,0.0,0.0,0.0,1.0,0.0,1.0,0.0,1.0,0.0,0.0,1.0,0.0,1.0,0.0,1.0
1.0566211509578187,1.3053988043733975,-0.2976983184073204,-0.7620794323257384,0.11143700068845773,-0.3840356986917804,0.09793108077017354,-0.16225214973488297,-1.0103543730226854,0.9958328199461243,-0.37579511899928403,1.3047046962750384,1.559281712781675,0.600816541953761,0.0,1.0,0.0,1.0,1.0,0.0,0.0,1.0,0.0,0.0,0.0,0.0,1.0,0.0,0.0,1.0,0.0,0.0,1.0,0.0,0.0,1.0,1.0,0.0,0.0,1.0,0.0,1.0,0.0,1.0
-1.4098842943814975,-0.4775011415997428,-0.2976983184073204,-0.7620794323257384,-1.1191120069138742,-0.3840356986917804,1.1352010995399686,0.7839148807415693,-1.8728114776259317,-1.7460092678630987,-0.8011771620977103,-0.9009687153430227,-0.5463571656234143,0.600816541953761,0.0,1.0,0.0,1.0,1.0,0.0,0.0,1.0,0.0,0.0,0.0,1.0,0.0,0.0,0.0,0.0,1.0,0.0,0.0,1.0,0.0,1.0,1.0,0.0,1.0,0.0,0.0,1.0,0.0,1.0
-1.4098842943814975,0.41394883138682737,-1.2173734806299357,0.5563179855977891,2.5725350158931213,-0.3840356986917804,0.09793108077017354,0.7839148807415693,-1.0103543730226854,-0.3750882239584872,0.4749689671975684,1.3047046962750384,1.2083418997141602,-0.07121747803331217,1.0,0.0,1.0,0.0,0.0,1.0,0.0,1.0,0.0,0.0,1.0,0.0,0.0,0.0,0.0,1.0,0.0,0.0,1.0,0.0,0.0,1.0,1.0,0.0,1.0,0.0,0.0,1.0,0.0,1.0
1.0566211509578187,1.3053988043733975,0.6219768438152948,0.5563179855977891,-1.1191120069138742,-0.3840356986917804,0.09793108077017354,-1.1084191802113352,-0.14789726841943915,-1.7460092678630987,-0.8011771620977103,-0.5333564800733459,-0.5463571656234143,-0.07121747803331217,0.0,1.0,0.0,1.0,0.0,1.0,0.0,1.0,0.0,0.0,0.0,0.0,1.0,0.0,0.0,0.0,1.0,0.0,1.0,0.0,1.0,0.0,1.0,0.0,0.0,1.0,0.0,1.0,0.0,1.0
1.0566211509578187,-0.4775011415997428,-0.2976983184073204,0.5563179855977891,0.11143700068845773,-0.3840356986917804,0.09793108077017354,-2.0545862106877877,0.7145598361838071,0.3103722979938185,1.325733053394421,0.9370924610053615,1.91022152584919,1.9448845819279075,1.0,0.0,0.0,1.0,0.0,1.0,1.0,0.0,0.0,0.0,0.0,1.0,0.0,0.0,0.0,1.0,0.0,0.0,1.0,0.0,0.0,1.0,1.0,0.0,1.0,0.0,0.0,1.0,0.0,1.0
-0.5877158126017253,-0.4775011415997428,-1.2173734806299357,-0.7620794323257384,-1.1191120069138742,-0.3840356986917804,0.09793108077017354,1.7300819112180217,-1.0103543730226854,0.9958328199461243,0.0495869240991422,-0.9009687153430227,-0.5463571656234143,0.600816541953761,1.0,0.0,0.0,1.0,1.0,0.0,0.0,1.0,0.0,0.0,1.0,0.0,0.0,0.0,0.0,1.0,0.0,0.0,1.0,0.0,1.0,0.0,1.0,0.0,1.0,0.0,0.0,1.0,0.0,1.0
0.23445266917804672,0.41394883138682737,0.6219768438152948,-0.7620794323257384,0.11143700068845773,-0.3840356986917804,1.1352010995399686,-0.16225214973488297,-0.14789726841943915,-1.7460092678630987,6.00493552747711,0.9370924610053615,0.5064622735791303,-0.7432514980203854,1.0,0.0,0.0,1.0,0.0,1.0,0.0,1.0,0.0,0.0,1.0,0.0,0.0,0.0,0.0,1.0,0.0,0.0,1.0,0.0,0.0,1.0,1.0,0.0,0.0,1.0,0.0,1.0,0.0,1.0
-0.5877158126017253,-0.4775011415997428,-1.2173734806299357,0.5563179855977891,-1.1191120069138742,-0.3840356986917804,-0.9393389379996216,-0.16225214973488297,-1.0103543730226854,-0.3750882239584872,-0.37579511899928403,0.9370924610053615,0.5064622735791303,-0.7432514980203854,0.0,1.0,1.0,0.0,1.0,0.0,0.0,1.0,0.0,0.0,1.0,0.0,0.0,0.0,0.0,1.0,0.0,0.0,1.0,0.0,1.0,0.0,1.0,0.0,0.0,1.0,0.0,1.0,1.0,0.0
-0.5877158126017253,-1.368951114586313,-1.2173734806299357,0.5563179855977891,-1.1191120069138742,-0.3840356986917804,-0.9393389379996216,0.7839148807415693,0.7145598361838071,0.9958328199461243,0.4749689671975684,-0.16574424480366903,-0.1954173525558994,-0.07121747803331217,0.0,1.0,1.0,0.0,1.0,0.0,0.0,1.0,1.0,0.0,0.0,0.0,0.0,0.0,0.0,1.0,0.0,0.0,1.0,0.0,1.0,0.0,1.0,0.0,0.0,1.0,0.0,1.0,1.0,0.0
0.23445266917804672,0.41394883138682737,-0.2976983184073204,-0.7620794323257384,-1.1191120069138742,-0.3840356986917804,0.09793108077017354,0.7839148807415693,0.7145598361838071,-0.3750882239584872,3.0272612257881257,0.5694802257356846,0.5064622735791303,-0.07121747803331217,0.0,1.0,0.0,1.0,0.0,1.0,1.0,0.0,0.0,0.0,0.0,0.0,1.0,0.0,0.0,0.0,1.0,0.0,1.0,0.0,1.0,0.0,1.0,0.0,1.0,0.0,0.0,1.0,0.0,1.0
-1.4098842943814975,1.3053988043733975,-0.2976983184073204,-0.7620794323257384,0.11143700068845773,-0.3840356986917804,0.09793108077017354,-0.16225214973488297,-0.14789726841943915,0.9958328199461243,-0.8011771620977103,1.672316931544715,0.8574020866466452,-1.4152855180074584,1.0,0.0,0.0,1.0,0.0,1.0,0.0,1.0,0.0,1.0,0.0,0.0,0.0,0.0,0.0,1.0,0.0,0.0,1.0,0.0,0.0,1.0,1.0,0.0,1.0,0.0,0.0,1.0,0.0,1.0
-0.5877158126017253,-0.4775011415997428,-1.2173734806299357,0.5563179855977891,0.11143700068845773,-0.3840356986917804,0.09793108077017354,-1.1084191802113352,-1.0103543730226854,0.9958328199461243,-0.37579511899928403,-0.9009687153430227,-1.5991766048259588,-1.4152855180074584,0.0,1.0,0.0,1.0,1.0,0.0,0.0,1.0,0.0,1.0,0.0,0.0,0.0,0.0,0.0,0.0,1.0,0.0,1.0,0.0,1.0,0.0,1.0,0.0,1.0,0.0,0.0,1.0,0.0,1.0
0.23445266917804672,0.41394883138682737,-0.2976983184073204,0.5563179855977891,0.11143700068845773,2.7796869619595532,0.09793108077017354,0.7839148807415693,0.7145598361838071,-0.3750882239584872,0.0495869240991422,-1.6361931858823764,-1.9501164178934738,-0.7432514980203854,0.0,1.0,1.0,0.0,1.0,0.0,0.0,1.0,0.0,0.0,1.0,0.0,0.0,0.0,0.0,1.0,0.0,0.0,0.0,1.0,0.0,1.0,1.0,0.0,1.0,0.0,0.0,1.0,0.0,1.0
0.23445266917804672,1.3053988043733975,1.5416520060379102,-0.7620794323257384,-1.1191120069138742,-0.3840356986917804,1.1352010995399686,-0.16225214973488297,0.7145598361838071,0.9958328199461243,-0.37579511899928403,0.9370924610053615,1.2083418997141602,0.600816541953761,1.0,0.0,0.0,1.0,1.0,0.0,0.0,1.0,0.0,1.0,0.0,0.0,0.0,0.0,1.0,0.0,0.0,0.0,1.0,0.0,1.0,0.0,1.0,0.0,0.0,1.0,0.0,1.0,0.0,1.0
-0.5877158126017253,-0.4775011415997428,-0.2976983184073204,-0.7620794323257384,0.11143700068845773,-0.3840356986917804,0.09793108077017354,-0.16225214973488297,0.7145598361838071,-1.060548745910793,0.4749689671975684,0.5694802257356846,-0.1954173525558994,-1.4152855180074584,1.0,0.0,0.0,1.0,0.0,1.0,0.0,1.0,1.0,0.0,0.0,0.0,0.0,0.0,0.0,1.0,0.0,0.0,1.0,0.0,0.0,1.0,1.0,0.0,1.0,0.0,0.0,1.0,1.0,0.0
-1.4098842943814975,0.41394883138682737,1.5416520060379102,-0.7620794323257384,0.11143700068845773,-0.3840356986917804,1.1352010995399686,1.7300819112180217,-1.8728114776259317,0.9958328199461243,-0.8011771620977103,0.20186799046600779,0.15552246051161547,-0.07121747803331217,0.0,1.0,0.0,1.0,1.0,0.0,0.0,1.0,0.0,0.0,1.0,0.0,0.0,0.0,0.0,1.0,0.0,0.0,1.0,0.0,0.0,1.0,1.0,0.0,0.0,1.0,0.0,1.0,0.0,1.0
-1.4098842943814975,-1.368951114586313,-1.2173734806299357,0.5563179855977891,-1.1191120069138742,-0.3840356986917804,1.1352010995399686,-1.1084191802113352,-1.8728114776259317,0.3103722979938185,-0.8011771620977103,-0.9009687153430227,-0.5463571656234143,0.600816541953761,1.0,0.0,1.0,0.0,0.0,1.0,0.0,1.0,1.0,0.0,0.0,0.0,0.0,0.0,0.0,1.0,0.0,0.0,1.0,0.0,0.0,1.0,1.0,0.0,1.0,0.0,1.0,0.0,1.0,0.0
-0.5877158126017253,-1.368951114586313,-0.2976983184073204,-0.7620794323257384,1.3419860082907897,1.1978256316338864,-3.013878975539212,-0.16225214973488297,-1.0103543730226854,0.3103722979938185,-0.1631040974500709,-0.9009687153430227,-1.248236791758444,-0.7432514980203854,1.0,0.0,0.0,1.0,1.0,0.0,0.0,1.0,0.0,0.0,1.0,0.0,0.0,0.0,0.0,0.0,1.0,0.0,1.0,0.0,0.0,1.0,1.0,0.0,1.0,0.0,0.0,1.0,1.0,0.0
-0.5877158126017253,1.3053988043733975,1.5416520060379102,-0.7620794323257384,1.3419860082907897,-0.3840356986917804,-0.9393389379996216,-1.1084191802113352,-0.14789726841943915,-1.060548745910793,1.325733053394421,0.5694802257356846,0.5064622735791303,-0.07121747803331217,1.0,0.0,0.0,1.0,1.0,0.0,0.0,1.0,0.0,0.0,0.0,1.0,0.0,0.0,0.0,0.0,1.0,0.0,1.0,0.0,0.0,1.0,1.0,0.0,0.0,1.0,0.0,1.0,0.0,1.0
-0.5877158126017253,-1.368951114586313,-1.2173734806299357,0.5563179855977891,-1.1191120069138742,-0.3840356986917804,0.09793108077017354,-1.1084191802113352,-1.0103543730226854,-1.060548745910793,-0.8011771620977103,0.5694802257356846,0.15552246051161547,-0.7432514980203854,1.0,0.0,1.0,0.0,1.0,0.0,0.0,1.0,1.0,0.0,0.0,0.0,0.0,0.0,0.0,1.0,0.0,0.0,1.0,0.0,1.0,0.0,1.0,0.0,0.0,1.0,0.0,1.0,0.0,1.0
0.23445266917804672,-0.4775011415997428,-0.2976983184073204,-0.7620794323257384,-1.1191120069138742,-0.3840356986917804,0.09793108077017354,1.7300819112180217,-0.14789726841943915,0.9958328199461243,0.0495869240991422,-0.9009687153430227,-0.8972969786909292,-0.07121747803331217,1.0,0.0,0.0,1.0,1.0,0.0,0.0,1.0,0.0,0.0,1.0,0.0,0.0,1.0,0.0,0.0,0.0,0.0,1.0,0.0,0.0,1.0,1.0,0.0,0.0,1.0,1.0,0.0,1.0,0.0
1.0566211509578187,-1.368951114586313,-1.2173734806299357,1.8747154035213165,-1.1191120069138742,4.36154829228522,1.1352010995399686,-1.1084191802113352,1.5770169407870533,0.3103722979938185,0.4749689671975684,-0.16574424480366903,-0.5463571656234143,-0.7432514980203854,1.0,0.0,1.0,0.0,1.0,0.0,0.0,1.0,1.0,0.0,0.0,0.0,0.0,0.0,0.0,1.0,0.0,0.0,1.0,0.0,0.0,1.0,1.0,0.0,0.0,1.0,0.0,1.0,1.0,0.0
0.23445266917804672,-1.368951114586313,-1.2173734806299357,0.5563179855977891,1.3419860082907897,-0.3840356986917804,0.09793108077017354,-0.16225214973488297,-0.14789726841943915,-1.7460092678630987,-0.37579511899928403,0.5694802257356846,0.8574020866466452,0.600816541953761,0.0,1.0,1.0,0.0,1.0,0.0,0.0,1.0,0.0,0.0,1.0,0.0,0.0,0.0,0.0,1.0,0.0,0.0,1.0,0.0,1.0,0.0,1.0,0.0,1.0,0.0,0.0,1.0,0.0,1.0
-0.5877158126017253,0.41394883138682737,1.5416520060379102,-0.7620794323257384,0.11143700068845773,-0.3840356986917804,1.1352010995399686,-0.16225214973488297,-0.14789726841943915,0.9958328199461243,-0.37579511899928403,0.20186799046600779,0.15552246051161547,-0.07121747803331217,0.0,1.0,0.0,1.0,0.0,1.0,1.0,0.0,0.0,0.0,0.0,1.0,0.0,0.0,0.0,1.0,0.0,0.0,0.0,1.0,0.0,1.0,0.0,1.0,0.0,1.0,0.0,1.0,0.0,1.0
1.0566211509578187,-0.4775011415997428,-1.2173734806299357,3.193112821444844,0.11143700068845773,-0.3840356986917804,0.09793108077017354,-0.16225214973488297,-1.0103543730226854,-0.3750882239584872,-0.37579511899928403,-0.9009687153430227,-0.5463571656234143,0.600816541953761,0.0,1.0,0.0,1.0,0.0,1.0,0.0,1.0,1.0,0.0,0.0,0.0,0.0,0.0,0.0,1.0,0.0,0.0,0.0,1.0,0.0,1.0,1.0,0.0,0.0,1.0,0.0,1.0,0.0,1.0
0.23445266917804672,1.3053988043733975,0.6219768438152948,-0.7620794323257384,0.11143700068845773,-0.3840356986917804,1.1352010995399686,-1.1084191802113352,-0.14789726841943915,-1.060548745910793,0.0495869240991422,-0.16574424480366903,-0.1954173525558994,-0.07121747803331217,0.0,1.0,0.0,1.0,1.0,0.0,0.0,1.0,0.0,0.0,1.0,0.0,0.0,0.0,0.0,1.0,0.0,0.0,1.0,0.0,0.0,1.0,0.0,1.0,0.0,1.0,0.0,1.0,0.0,1.0
-0.5877158126017253,1.3053988043733975,1.5416520060379102,-0.7620794323257384,-1.1191120069138742,-0.3840356986917804,-0.9393389379996216,-0.16225214973488297,-1.0103543730226854,0.9958328199461243,2.6018791826896996,-0.9009687153430227,-0.8972969786909292,-0.07121747803331217,0.0,1.0,0.0,1.0,1.0,0.0,0.0,1.0,0.0,0.0,0.0,0.0,1.0,0.0,0.0,0.0,0.0,1.0,1.0,0.0,0.0,1.0,1.0,0.0,1.0,0.0,1.0,0.0,0.0,1.0
-0.5877158126017253,1.3053988043733975,1.5416520060379102,-0.7620794323257384,-1.1191120069138742,-0.3840356986917804,-0.9393389379996216,0.7839148807415693,0.7145598361838071,0.9958328199461243,0.0495869240991422,0.20186799046600779,0.5064622735791303,0.600816541953761,0.0,1.0,0.0,1.0,1.0,0.0,0.0,1.0,0.0,1.0,0.0,0.0,0.0,0.0,0.0,1.0,0.0,0.0,1.0,0.0,0.0,1.0,1.0,0.0,0.0,1.0,0.0,1.0,0.0,1.0
-0.5877158126017253,1.3053988043733975,1.5416520060379102,-0.7620794323257384,1.3419860082907897,-0.3840356986917804,0.09793108077017354,0.7839148807415693,-0.14789726841943915,0.3103722979938185,-0.8011771620977103,1.672316931544715,1.559281712781675,-0.07121747803331217,0.0,1.0,0.0,1.0,1.0,0.0,0.0,1.0,0.0,0.0,0.0,1.0,0.0,0.0,0.0,0.0,0.0,1.0,1.0,0.0,0.0,1.0,1.0,0.0,0.0,1.0,0.0,1.0,0.0,1.0
-0.5877158126017253,0.41394883138682737,1.5416520060379102,1.8747154035213165,0.11143700068845773,-0.3840356986917804,0.09793108077017354,-1.1084191802113352,-1.8728114776259317,-1.060548745910793,-0.37579511899928403,-1.6361931858823764,-0.8972969786909292,1.2728505619408341,1.0,0.0,1.0,0.0,0.0,1.0,0.0,1.0,1.0,0.0,0.0,0.0,0.0,0.0,0.0,1.0,0.0,0.0,1.0,0.0,0.0,1.0,1.0,0.0,1.0,0.0,0.0,1.0,1.0,0.0
-0.5877158126017253,1.3053988043733975,0.6219768438152948,-0.7620794323257384,2.5725350158931213,-0.3840356986917804,0.09793108077017354,-1.1084191802113352,-1.0103543730226854,-1.060548745910793,-0.37579511899928403,2.039929166814392,1.91022152584919,-0.07121747803331217,0.0,1.0,0.0,1.0,1.0,0.0,0.0,1.0,0.0,1.0,0.0,0.0,0.0,0.0,0.0,0.0,1.0,0.0,1.0,0.0,1.0,0.0,1.0,0.0,0.0,1.0,0.0,1.0,0.0,1.0
-0.5877158126017253,-1.368951114586313,-0.2976983184073204,-0.7620794323257384,1.3419860082907897,-0.3840356986917804,0.09793108077017354,-0.16225214973488297,0.7145598361838071,-0.3750882239584872,0.2622779456483553,0.5694802257356846,0.8574020866466452,0.600816541953761,1.0,0.0,1.0,0.0,1.0,0.0,0.0,1.0,0.0,0.0,1.0,0.0,0.0,0.0,0.0,1.0,0.0,0.0,0.0,1.0,0.0,1.0,1.0,0.0,1.0,0.0,0.0,1.0,0.0,1.0
-1.4098842943814975,-0.4775011415997428,-0.2976983184073204,0.5563179855977891,1.3419860082907897,-0.3840356986917804,1.1352010995399686,-0.16225214973488297,-1.0103543730226854,0.3103722979938185,-0.8011771620977103,0.20186799046600779,0.5064622735791303,0.600816541953761,1.0,0.0,0.0,1.0,1.0,0.0,0.0,1.0,0.0,0.0,1.0,0.0,0.0,0.0,0.0,0.0,1.0,0.0,1.0,0.0,0.0,1.0,1.0,0.0,0.0,1.0,0.0,1.0,1.0,0.0
-1.4098842943814975,1.3053988043733975,0.6219768438152948,-0.7620794323257384,0.11143700068845773,-0.3840356986917804,0.09793108077017354,0.7839148807415693,-1.8728114776259317,-1.7460092678630987,-0.8011771620977103,0.20186799046600779,0.5064622735791303,0.600816541953761,0.0,1.0,0.0,1.0,1.0,0.0,0.0,1.0,0.0,0.0,0.0,0.0,1.0,0.0,0.0,1.0,0.0,0.0,1.0,0.0,1.0,0.0,1.0,0.0,1.0,0.0,0.0,1.0,0.0,1.0
-0.5877158126017253,-1.368951114586313,-1.2173734806299357,3.193112821444844,2.5725350158931213,-0.3840356986917804,0.09793108077017354,-0.16225214973488297,-1.0103543730226854,-1.7460092678630987,-0.8011771620977103,0.5694802257356846,-0.5463571656234143,-2.0873195379945315,1.0,0.0,1.0,0.0,1.0,0.0,0.0,1.0,0.0,0.0,1.0,0.0,0.0,0.0,0.0,1.0,0.0,0.0,1.0,0.0,0.0,1.0,1.0,0.0,1.0,0.0,0.0,1.0,0.0,1.0
0.23445266917804672,-2.260401087572883,-2.137048642852551,0.5563179855977891,-1.1191120069138742,-0.3840356986917804,0.09793108077017354,0.7839148807415693,-0.14789726841943915,0.9958328199461243,-0.8011771620977103,-0.5333564800733459,-0.1954173525558994,0.600816541953761,1.0,0.0,1.0,0.0,1.0,0.0,0.0,1.0,1.0,0.0,0.0,0.0,0.0,0.0,0.0,1.0,0.0,0.0,1.0,0.0,0.0,1.0,1.0,0.0,1.0,0.0,0.0,1.0,0.0,1.0
1.0566211509578187,1.3053988043733975,1.5416520060379102,0.5563179855977891,0.11143700068845773,-0.3840356986917804,0.09793108077017354,-0.16225214973488297,0.7145598361838071,-0.3750882239584872,0.0495869240991422,-4.209478832770114,-0.1954173525558994,7.321156741824492,1.0,0.0,0.0,1.0,1.0,0.0,1.0,0.0,1.0,0.0,0.0,0.0,0.0,0.0,0.0,0.0,0.0,1.0,0.0,1.0,1.0,0.0,1.0,0.0,1.0,0.0,0.0,1.0,1.0,0.0
0.23445266917804672,0.41394883138682737,1.5416520060379102,-0.7620794323257384,0.11143700068845773,1.1978256316338864,1.1352010995399686,0.7839148807415693,0.7145598361838071,0.9958328199461243,0.9003510102959947,-1.2685809506126995,-0.8972969786909292,0.600816541953761,0.0,1.0,0.0,1.0,1.0,0.0,0.0,1.0,0.0,0.0,0.0,1.0,0.0,0.0,0.0,1.0,0.0,0.0,1.0,0.0,0.0,1.0,1.0,0.0,0.0,1.0,0.0,1.0,0.0,1.0
-0.5877158126017253,0.41394883138682737,0.6219768438152948,-0.7620794323257384,0.11143700068845773,-0.3840356986917804,0.09793108077017354,-0.16225214973488297,-0.14789726841943915,0.9958328199461243,0.0495869240991422,-0.16574424480366903,-0.1954173525558994,-0.07121747803331217,1.0,0.0,0.0,1.0,1.0,0.0,0.0,1.0,0.0,0.0,1.0,0.0,0.0,0.0,0.0,0.0,1.0,0.0,0.0,1.0,0.0,1.0,1.0,0.0,0.0,1.0,0.0,1.0,0.0,1.0
-1.4098842943814975,-1.368951114586313,-0.2976983184073204,-0.7620794323257384,0.11143700068845773,-0.3840356986917804,0.09793108077017354,-0.16225214973488297,-1.0103543730226854,0.9958328199461243,0.4749689671975684,0.5694802257356846,0.15552246051161547,-0.7432514980203854,1.0,0.0,0.0,1.0,1.0,0.0,0.0,1.0,1.0,0.0,0.0,0.0,0.0,0.0,0.0,1.0,0.0,0.0,1.0,0.0,0.0,1.0,1.0,0.0,1.0,0.0,0.0,1.0,0.0,1.0
1.8787896327375908,-0.4775011415997428,-1.2173734806299357,0.5563179855977891,-1.1191120069138742,4.36154829228522,0.09793108077017354,0.7839148807415693,-0.14789726841943915,0.9958328199461243,0.0495869240991422,-1.2685809506126995,-0.8972969786909292,0.600816541953761,0.0,1.0,0.0,1.0,1.0,0.0,0.0,1.0,1.0,0.0,0.0,0.0,0.0,0.0,0.0,1.0,0.0,0.0,1.0,0.0,1.0,0.0,1.0,0.0,0.0,1.0,1.0,0.0,0.0,1.0
1.0566211509578187,-0.4775011415997428,-0.2976983184073204,-0.7620794323257384,-1.1191120069138742,-0.3840356986917804,1.1352010995399686,0.7839148807415693,-1.0103543730226854,0.9958328199461243,0.4749689671975684,1.3047046962750384,0.8574020866466452,-0.7432514980203854,0.0,1.0,0.0,1.0,1.0,0.0,0.0,1.0,0.0,0.0,1.0,0.0,0.0,0.0,0.0,1.0,0.0,0.0,1.0,0.0,1.0,0.0,1.0,0.0,1.0,0.0,0.0,1.0,0.0,1.0
-0.5877158126017253,0.41394883138682737,-0.2976983184073204,0.5563179855977891,1.3419860082907897,-0.3840356986917804,1.1352010995399686,-0.16225214973488297,-0.14789726841943915,-1.060548745910793,-0.8011771620977103,0.20186799046600779,0.15552246051161547,-0.07121747803331217,0.0,1.0,0.0,1.0,1.0,0.0,0.0,1.0,1.0,0.0,0.0,0.0,0.0,0.0,0.0,1.0,0.0,0.0,1.0,0.0,1.0,0.0,1.0,0.0,0.0,1.0,0.0,1.0,0.0,1.0
0.23445266917804672,-1.368951114586313,1.5416520060379102,3.193112821444844,-1.1191120069138742,1.1978256316338864,1.1352010995399686,1.7300819112180217,0.7145598361838071,0.9958328199461243,2.1764971395912736,-0.9009687153430227,-0.8972969786909292,-0.07121747803331217,1.0,0.0,1.0,0.0,0.0,1.0,1.0,0.0,0.0,0.0,1.0,0.0,0.0,0.0,0.0,1.0,0.0,0.0,1.0,0.0,0.0,1.0,1.0,0.0,1.0,0.0,0.0,1.0,0.0,1.0
-1.4098842943814975,-1.368951114586313,-1.2173734806299357,-0.7620794323257384,-1.1191120069138742,1.1978256316338864,0.09793108077017354,-2.0545862106877877,-0.14789726841943915,-1.060548745910793,0.4749689671975684,-0.5333564800733459,-0.5463571656234143,-0.07121747803331217,1.0,0.0,1.0,0.0,1.0,0.0,0.0,1.0,1.0,0.0,0.0,0.0,0.0,0.0,0.0,0.0,1.0,0.0,1.0,0.0,0.0,1.0,1.0,0.0,1.0,0.0,0.0,1.0,1.0,0.0
-0.5877158126017253,-1.368951114586313,-1.2173734806299357,0.5563179855977891,-1.1191120069138742,-0.3840356986917804,0.09793108077017354,1.7300819112180217,1.5770169407870533,0.9958328199461243,-0.8011771620977103,-0.5333564800733459,-0.5463571656234143,-0.07121747803331217,0.0,1.0,1.0,0.0,0.0,1.0,0.0,1.0,1.0,0.0,0.0,0.0,0.0,0.0,0.0,1.0,0.0,0.0,1.0,0.0,1.0,0.0,1.0,0.0,0.0,1.0,0.0,1.0,0.0,1.0
-0.5877158126017253,0.41394883138682737,0.6219768438152948,-0.7620794323257384,1.3419860082907897,-0.3840356986917804,0.09793108077017354,-2.0545862106877877,-1.0103543730226854,-1.060548745910793,0.0495869240991422,-0.16574424480366903,-0.1954173525558994,-0.07121747803331217,1.0,0.0,1.0,0.0,1.0,0.0,0.0,1.0,0.0,0.0,0.0,1.0,0.0,0.0,0.0,1.0,0.0,0.0,0.0,1.0,0.0,1.0,1.0,0.0,0.0,1.0,0.0,1.0,0.0,1.0
-1.4098842943814975,0.41394883138682737,-0.2976983184073204,-0.7620794323257384,0.11143700068845773,1.1978256316338864,-0.9393389379996216,-0.16225214973488297,-1.0103543730226854,-0.3750882239584872,-0.37579511899928403,-0.16574424480366903,-0.1954173525558994,-0.07121747803331217,1.0,0.0,0.0,1.0,1.0,0.0,0.0,1.0,0.0,1.0,0.0,0.0,0.0,0.0,0.0,0.0,1.0,0.0,1.0,0.0,0.0,1.0,1.0,0.0,1.0,0.0,0.0,1.0,0.0,1.0
1.8787896327375908,-0.4775011415997428,0.6219768438152948,-0.7620794323257384,1.3419860082907897,1.1978256316338864,1.1352010995399686,0.7839148807415693,-1.0103543730226854,0.9958328199461243,0.0495869240991422,-0.5333564800733459,-0.1954173525558994,0.600816541953761,1.0,0.0,1.0,0.0,1.0,0.0,0.0,1.0,0.0,0.0,0.0,1.0,0.0,0.0,0.0,1.0,0.0,0.0,1.0,0.0,1.0,0.0,1.0,0.0,0.0,1.0,0.0,1.0,0.0,1.0
-0.5877158126017253,-1.368951114586313,-1.2173734806299357,1.8747154035213165,0.11143700068845773,-0.3840356986917804,0.09793108077017354,-0.16225214973488297,-1.0103543730226854,0.9958328199461243,0.4749689671975684,-2.003805421152053,-1.248236791758444,1.2728505619408341,1.0,0.0,0.0,1.0,0.0,1.0,0.0,1.0,1.0,0.0,0.0,0.0,0.0,0.0,0.0,1.0,0.0,0.0,1.0,0.0,0.0,1.0,1.0,0.0,1.0,0.0,0.0,1.0,0.0,1.0
0.23445266917804672,-0.4775011415997428,-0.2976983184073204,-0.7620794323257384,0.11143700068845773,-0.3840356986917804,0.09793108077017354,0.7839148807415693,-1.0103543730226854,0.3103722979938185,-0.8011771620977103,1.672316931544715,1.559281712781675,-0.07121747803331217,0.0,1.0,0.0,1.0,0.0,1.0,0.0,1.0,0.0,0.0,1.0,0.0,0.0,0.0,0.0,1.0,0.0,0.0,1.0,0.0,1.0,0.0,1.0,0.0,0.0,1.0,0.0,1.0,0.0,1.0
-0.5877158126017253,1.3053988043733975,0.6219768438152948,-0.7620794323257384,0.11143700068845773,-0.3840356986917804,1.1352010995399686,0.7839148807415693,-1.0103543730226854,0.9958328199461243,0.4749689671975684,0.20186799046600779,0.15552246051161547,-0.07121747803331217,0.0,1.0,0.0,1.0,0.0,1.0,0.0,1.0,0.0,0.0,0.0,1.0,0.0,0.0,0.0,1.0,0.0,0.0,1.0,0.0,0.0,1.0,1.0,0.0,0.0,1.0,0.0,1.0,0.0,1.0
1.0566211509578187,1.3053988043733975,1.5416520060379102,-0.7620794323257384,0.11143700068845773,1.1978256316338864,-1.9766089567694167,0.7839148807415693,0.7145598361838071,0.3103722979938185,-0.37579511899928403,0.9370924610053615,0.15552246051161547,-1.4152855180074584,1.0,0.0,0.0,1.0,1.0,0.0,0.0,1.0,0.0,1.0,0.0,0.0,0.0,0.0,1.0,0.0,0.0,0.0,0.0,1.0,0.0,1.0,1.0,0.0,0.0,1.0,0.0,1.0,0.0,1.0
0.23445266917804672,0.41394883138682737,-0.2976983184073204,0.5563179855977891,0.11143700068845773,-0.3840356986917804,0.09793108077017354,0.7839148807415693,0.7145598361838071,-1.7460092678630987,-0.37579511899928403,0.9370924610053615,1.559281712781675,1.2728505619408341,1.0,0.0,0.0,1.0,0.0,1.0,0.0,1.0,0.0,0.0,1.0,0.0,0.0,0.0,0.0,1.0,0.0,0.0,1.0,0.0,1.0,0.0,1.0,0.0,1.0,0.0,0.0,1.0,0.0,1.0
-0.5877158126017253,-0.4775011415997428,-1.2173734806299357,-0.7620794323257384,0.11143700068845773,-0.3840356986917804,-0.9393389379996216,-1.1084191802113352,-1.0103543730226854,-0.3750882239584872,-0.8011771620977103,0.9370924610053615,1.2083418997141602,0.600816541953761,1.0,0.0,0.0,1.0,0.0,1.0,0.0,1.0,0.0,0.0,1.0,0.0,0.0,0.0,0.0,0.0,1.0,0.0,1.0,0.0,1.0,0.0,1.0,0.0,1.0,0.0,0.0,1.0,0.0,1.0
-1.4098842943814975,1.3053988043733975,-1.2173734806299357,-0.7620794323257384,0.11143700068845773,-0.3840356986917804,1.1352010995399686,-0.16225214973488297,0.7145598361838071,-1.060548745910793,0.6876599887467816,-1.6361931858823764,-0.8972969786909292,1.2728505619408341,0.0,1.0,1.0,0.0,0.0,1.0,0.0,1.0,0.0,1.0,0.0,0.0,0.0,0.0,0.0,0.0,1.0,0.0,1.0,0.0,0.0,1.0,1.0,0.0,0.0,1.0,0.0,1.0,0.0,1.0
0.23445266917804672,1.3053988043733975,-0.2976983184073204,-0.7620794323257384,0.11143700068845773,-0.3840356986917804,1.1352010995399686,1.7300819112180217,1.5770169407870533,0.9958328199461243,-0.8011771620977103,-1.2685809506126995,-1.248236791758444,-0.07121747803331217,1.0,0.0,0.0,1.0,1.0,0.0,0.0,1.0,0.0,0.0,0.0,0.0,1.0,0.0,0.0,0.0,1.0,0.0,0.0,1.0,0.0,1.0,1.0,0.0,0.0,1.0,0.0,1.0,0.0,1.0
0.23445266917804672,0.41394883138682737,0.6219768438152948,-0.7620794323257384,-1.1191120069138742,-0.3840356986917804,0.09793108077017354,0.7839148807415693,-0.14789726841943915,0.9958328199461243,-0.8011771620977103,0.9370924610053615,1.2083418997141602,0.600816541953761,0.0,1.0,0.0,1.0,1.0,0.0,0.0,1.0,0.0,1.0,0.0,0.0,0.0,0.0,0.0,1.0,0.0,0.0,1.0,0.0,0.0,1.0,1.0,0.0,1.0,0.0,0.0,1.0,0.0,1.0
-0.5877158126017253,-0.4775011415997428,0.6219768438152948,-0.7620794323257384,0.11143700068845773,-0.3840356986917804,0.09793108077017354,0.7839148807415693,-0.14789726841943915,0.3103722979938185,0.0495869240991422,-0.16574424480366903,0.15552246051161547,0.600816541953761,1.0,0.0,0.0,1.0,1.0,0.0,0.0,1.0,0.0,0.0,1.0,0.0,0.0,0.0,0.0,1.0,0.0,0.0,0.0,1.0,0.0,1.0,1.0,0.0,0.0,1.0,0.0,1.0,1.0,0.0
-0.5877158126017253,-0.4775011415997428,-0.2976983184073204,-0.7620794323257384,0.11143700068845773,-0.3840356986917804,0.09793108077017354,-0.16225214973488297,1.5770169407870533,0.3103722979938185,-0.8011771620977103,-0.9009687153430227,-0.5463571656234143,0.600816541953761,0.0,1.0,0.0,1.0,1.0,0.0,0.0,1.0,0.0,0.0,1.0,0.0,0.0,0.0,0.0,1.0,0.0,0.0,1.0,0.0,1.0,0.0,1.0,0.0,1.0,0.0,1.0,0.0,0.0,1.0
0.23445266917804672,-0.4775011415997428,-0.2976983184073204,0.5563179855977891,-1.1191120069138742,-0.3840356986917804,1.1352010995399686,1.7300819112180217,1.5770169407870533,0.9958328199461243,-0.8011771620977103,-1.2685809506126995,0.5064622735791303,3.2889526219020535,0.0,1.0,1.0,0.0,1.0,0.0,0.0,1.0,0.0,0.0,1.0,0.0,0.0,0.0,0.0,1.0,0.0,0.0,1.0,0.0,1.0,0.0,1.0,0.0,0.0,1.0,1.0,0.0,1.0,0.0
-0.5877158126017253,-0.4775011415997428,-1.2173734806299357,-0.7620794323257384,0.11143700068845773,-0.3840356986917804,0.09793108077017354,-1.1084191802113352,-0.14789726841943915,0.9958328199461243,-0.8011771620977103,0.5694802257356846,0.8574020866466452,0.600816541953761,0.0,1.0,0.0,1.0,0.0,1.0,0.0,1.0,0.0,0.0,1.0,0.0,0.0,0.0,0.0,1.0,0.0,0.0,1.0,0.0,1.0,0.0,1.0,0.0,0.0,1.0,0.0,1.0,0.0,1.0
1.0566211509578187,1.3053988043733975,1.5416520060379102,-0.7620794323257384,0.11143700068845773,-0.3840356986917804,1.1352010995399686,0.7839148807415693,-0.14789726841943915,-1.060548745910793,-0.5884861405484971,0.5694802257356846,0.8574020866466452,0.600816541953761,1.0,0.0,1.0,0.0,0.0,1.0,0.0,1.0,0.0,0.0,0.0,0.0,1.0,0.0,0.0,0.0,1.0,0.0,1.0,0.0,1.0,0.0,1.0,0.0,0.0,1.0,0.0,1.0,0.0,1.0
1.0566211509578187,1.3053988043733975,0.6219768438152948,-0.7620794323257384,1.3419860082907897,-0.3840356986917804,1.1352010995399686,0.7839148807415693,1.5770169407870533,0.9958328199461243,-0.8011771620977103,0.9370924610053615,0.5064622735791303,-0.7432514980203854,0.0,1.0,0.0,1.0,1.0,0.0,0.0,1.0,0.0,0.0,0.0,0.0,1.0,0.0,0.0,1.0,0.0,0.0,1.0,0.0,0.0,1.0,1.0,0.0,1.0,0.0,0.0,1.0,0.0,1.0
0.23445266917804672,1.3053988043733975,0.6219768438152948,-0.7620794323257384,0.11143700068845773,-0.3840356986917804,-0.9393389379996216,0.7839148807415693,1.5770169407870533,-1.7460092678630987,2.6018791826896996,-0.16574424480366903,-0.8972969786909292,-1.4152855180074584,1.0,0.0,0.0,1.0,1.0,0.0,0.0,1.0,0.0,0.0,1.0,0.0,0.0,0.0,0.0,1.0,0.0,0.0,1.0,0.0,1.0,0.0,1.0,0.0,1.0,0.0,0.0,1.0,0.0,1.0
-0.5877158126017253,-0.4775011415997428,-0.2976983184073204,0.5563179855977891,0.11143700068845773,-0.3840356986917804,1.1352010995399686,0.7839148807415693,0.7145598361838071,0.9958328199461243,-0.37579511899928403,-0.5333564800733459,-0.5463571656234143,-0.07121747803331217,0.0,1.0,0.0,1.0,0.0,1.0,0.0,1.0,0.0,0.0,1.0,0.0,0.0,0.0,0.0,1.0,0.0,0.0,1.0,0.0,0.0,1.0,1.0,0.0,0.0,1.0,0.0,1.0,0.0,1.0
1.8787896327375908,-1.368951114586313,-1.2173734806299357,1.8747154035213165,0.11143700068845773,2.7796869619595532,1.1352010995399686,-0.16225214973488297,0.7145598361838071,0.3103722979938185,-0.37579511899928403,-1.2685809506126995,-1.248236791758444,-0.07121747803331217,1.0,0.0,0.0,1.0,0.0,1.0,1.0,0.0,0.0,0.0,1.0,0.0,0.0,0.0,0.0,1.0,0.0,0.0,1.0,0.0,0.0,1.0,1.0,0.0,1.0,0.0,0.0,1.0,0.0,1.0
-0.5877158126017253,1.3053988043733975,1.5416520060379102,-0.7620794323257384,0.11143700068845773,-0.3840356986917804,1.1352010995399686,0.7839148807415693,0.7145598361838071,0.9958328199461243,0.4749689671975684,1.672316931544715,0.8574020866466452,-1.4152855180074584,0.0,1.0,0.0,1.0,1.0,0.0,0.0,1.0,0.0,0.0,0.0,0.0,1.0,0.0,0.0,0.0,0.0,1.0,1.0,0.0,0.0,1.0,1.0,0.0,0.0,1.0,0.0,1.0,0.0,1.0
0.23445266917804672,-0.4775011415997428,-0.2976983184073204,-0.7620794323257384,0.11143700068845773,-0.3840356986917804,0.09793108077017354,-1.1084191802113352,-1.0103543730226854,-0.3750882239584872,0.0495869240991422,0.9370924610053615,0.5064622735791303,-0.7432514980203854,1.0,0.0,0.0,1.0,1.0,0.0,0.0,1.0,0.0,0.0,1.0,0.0,0.0,0.0,0.0,1.0,0.0,0.0,1.0,0.0,0.0,1.0,1.0,0.0,1.0,0.0,0.0,1.0,1.0,0.0
1.0566211509578187,1.3053988043733975,1.5416520060379102,-0.7620794323257384,-1.1191120069138742,-0.3840356986917804,-3.013878975539212,0.7839148807415693,-1.0103543730226854,-1.7460092678630987,-0.8011771620977103,2.407541402084069,2.2611613389167045,-0.07121747803331217,0.0,1.0,0.0,1.0,0.0,1.0,0.0,1.0,0.0,0.0,0.0,0.0,1.0,0.0,0.0,0.0,0.0,1.0,1.0,0.0,0.0,1.0,1.0,0.0,1.0,0.0,0.0,1.0,0.0,1.0
-1.4098842943814975,-0.4775011415997428,-1.2173734806299357,-0.7620794323257384,0.11143700068845773,-0.3840356986917804,1.1352010995399686,0.7839148807415693,-1.0103543730226854,0.9958328199461243,0.0495869240991422,-0.5333564800733459,-0.8972969786909292,-0.7432514980203854,0.0,1.0,1.0,0.0,1.0,0.0,0.0,1.0,0.0,1.0,0.0,0.0,0.0,0.0,0.0,0.0,1.0,0.0,1.0,0.0,1.0,0.0,1.0,0.0,0.0,1.0,0.0,1.0,0.0,1.0
-1.4098842943814975,1.3053988043733975,1.5416520060379102,0.5563179855977891,0.11143700068845773,-0.3840356986917804,0.09793108077017354,-0.16225214973488297,-1.8728114776259317,0.9958328199461243,-0.37579511899928403,1.3047046962750384,1.2083418997141602,-0.07121747803331217,0.0,1.0,0.0,1.0,1.0,0.0,0.0,1.0,0.0,0.0,0.0,1.0,0.0,0.0,0.0,0.0,1.0,0.0,1.0,0.0,0.0,1.0,1.0,0.0,0.0,1.0,0.0,1.0,0.0,1.0
-0.5877158126017253,-1.368951114586313,-1.2173734806299357,3.193112821444844,-1.1191120069138742,-0.3840356986917804,1.1352010995399686,1.7300819112180217,1.5770169407870533,0.9958328199461243,-0.8011771620977103,-0.5333564800733459,-0.5463571656234143,-0.07121747803331217,1.0,0.0,0.0,1.0,1.0,0.0,0.0,1.0,0.0,0.0,0.0,1.0,0.0,0.0,0.0,0.0,1.0,0.0,0.0,1.0,0.0,1.0,1.0,0.0,0.0,1.0,0.0,1.0,0.0,1.0
0.23445266917804672,-1.368951114586313,-1.2173734806299357,0.5563179855977891,-1.1191120069138742,-0.3840356986917804,0.09793108077017354,1.7300819112180217,1.5770169407870533,-1.060548745910793,-0.8011771620977103,-0.5333564800733459,-0.8972969786909292,-0.7432514980203854,0.0,1.0,1.0,0.0,1.0,0.0,0.0,1.0,0.0,0.0,1.0,0.0,0.0,0.0,0.0,0.0,1.0,0.0,1.0,0.0,0.0,1.0,1.0,0.0,0.0,1.0,0.0,1.0,0.0,1.0
1.0566211509578187,-1.368951114586313,-1.2173734806299357,0.5563179855977891,-1.1191120069138742,-0.3840356986917804,-0.9393389379996216,-0.16225214973488297,-1.0103543730226854,-0.3750882239584872,-0.37579511899928403,0.9370924610053615,0.5064622735791303,-0.7432514980203854,0.0,1.0,0.0,1.0,0.0,1.0,0.0,1.0,0.0,0.0,1.0,0.0,0.0,0.0,0.0,0.0,1.0,0.0,1.0,0.0,1.0,0.0,1.0,0.0,1.0,0.0,0.0,1.0,0.0,1.0
-1.4098842943814975,1.3053988043733975,0.6219768438152948,-0.7620794323257384,0.11143700068845773,-0.3840356986917804,0.09793108077017354,1.7300819112180217,-1.0103543730226854,0.9958328199461243,-0.8011771620977103,0.5694802257356846,0.8574020866466452,0.600816541953761,0.0,1.0,1.0,0.0,1.0,0.0,0.0,1.0,0.0,0.0,0.0,0.0,1.0,1.0,0.0,0.0,0.0,0.0,1.0,0.0,0.0,1.0,1.0,0.0,0.0,1.0,0.0,1.0,0.0,1.0
-0.5877158126017253,-0.4775011415997428,-0.2976983184073204,0.5563179855977891,-1.1191120069138742,-0.3840356986917804,-1.9766089567694167,-0.16225214973488297,-0.14789726841943915,-1.060548745910793,0.0495869240991422,0.20186799046600779,-0.1954173525558994,-0.7432514980203854,0.0,1.0,0.0,1.0,0.0,1.0,0.0,1.0,0.0,0.0,0.0,1.0,0.0,0.0,0.0,0.0,1.0,0.0,1.0,0.0,0.0,1.0,1.0,0.0,0.0,1.0,0.0,1.0,0.0,1.0
-0.5877158126017253,-1.368951114586313,-0.2976983184073204,-0.7620794323257384,0.11143700068845773,-0.3840356986917804,0.09793108077017354,0.7839148807415693,1.5770169407870533,-0.3750882239584872,-0.8011771620977103,-1.2685809506126995,-0.8972969786909292,0.600816541953761,1.0,0.0,1.0,0.0,0.0,1.0,0.0,1.0,1.0,0.0,0.0,0.0,0.0,0.0,0.0,1.0,0.0,0.0,1.0,0.0,1.0,0.0,1.0,0.0,0.0,1.0,1.0,0.0,0.0,1.0
1.0566211509578187,1.3053988043733975,1.5416520060379102,-0.7620794323257384,0.11143700068845773,-0.3840356986917804,1.1352010995399686,0.7839148807415693,-0.14789726841943915,-1.060548745910793,-0.8011771620977103,2.039929166814392,1.91022152584919,-0.07121747803331217,0.0,1.0,0.0,1.0,0.0,1.0,1.0,0.0,0.0,0.0,0.0,0.0,1.0,0.0,0.0,0.0,0.0,1.0,1.0,0.0,0.0,1.0,1.0,0.0,0.0,1.0,0.0,1.0,0.0,1.0
-1.4098842943814975,1.3053988043733975,1.5416520060379102,3.193112821444844,2.5725350158931213,-0.3840356986917804,-3.013878975539212,-0.16225214973488297,1.5770169407870533,-1.7460092678630987,0.9003510102959947,0.20186799046600779,-0.5463571656234143,-1.4152855180074584,0.0,1.0,1.0,0.0,1.0,0.0,0.0,1.0,0.0,0.0,1.0,0.0,0.0,0.0,0.0,1.0,0.0,0.0,1.0,0.0,0.0,1.0,1.0,0.0,0.0,1.0,0.0,1.0,0.0,1.0
1.0566211509578187,-1.368951114586313,-1.2173734806299357,1.8747154035213165,0.11143700068845773,2.7796869619595532,-0.9393389379996216,0.7839148807415693,0.7145598361838071,0.9958328199461243,-0.1631040974500709,-1.6361931858823764,-1.248236791758444,0.600816541953761,1.0,0.0,0.0,1.0,1.0,0.0,0.0,1.0,0.0,0.0,1.0,0.0,0.0,0.0,0.0,1.0,0.0,0.0,1.0,0.0,1.0,0.0,1.0,0.0,0.0,1.0,0.0,1.0,1.0,0.0
1.8787896327375908,1.3053988043733975,0.6219768438152948,-0.7620794323257384,0.11143700068845773,-0.3840356986917804,0.09793108077017354,-0.16225214973488297,-1.8728114776259317,-1.7460092678630987,0.0495869240991422,-0.16574424480366903,0.5064622735791303,1.2728505619408341,0.0,1.0,0.0,1.0,0.0,1.0,1.0,0.0,0.0,0.0,0.0,1.0,0.0,1.0,0.0,0.0,0.0,0.0,1.0,0.0,0.0,1.0,1.0,0.0,1.0,0.0,0.0,1.0,0.0,1.0
-0.5877158126017253,1.3053988043733975,0.6219768438152948,0.5563179855977891,-1.1191120069138742,-0.3840356986917804,-0.9393389379996216,-0.16225214973488297,-0.14789726841943915,0.3103722979938185,0.4749689671975684,-0.9009687153430227,-0.1954173525558994,1.2728505619408341,0.0,1.0,1.0,0.0,1.0,0.0,0.0,1.0,0.0,0.0,0.0,1.0,0.0,0.0,0.0,1.0,0.0,0.0,0.0,1.0,0.0,1.0,0.0,1.0,0.0,1.0,0.0,1.0,0.0,1.0
-0.5877158126017253,1.3053988043733975,-1.2173734806299357,0.5563179855977891,0.11143700068845773,-0.3840356986917804,-3.013878975539212,-1.1084191802113352,0.7145598361838071,-1.7460092678630987,0.9003510102959947,-0.9009687153430227,-0.5463571656234143,0.600816541953761,1.0,0.0,0.0,1.0,0.0,1.0,0.0,1.0,0.0,0.0,1.0,0.0,0.0,0.0,0.0,1.0,0.0,0.0,1.0,0.0,0.0,1.0,1.0,0.0,0.0,1.0,0.0,1.0,0.0,1.0
1.0566211509578187,-0.4775011415997428,-0.2976983184073204,0.5563179855977891,1.3419860082907897,-0.3840356986917804,0.09793108077017354,-1.1084191802113352,-1.8728114776259317,0.3103722979938185,0.2622779456483553,0.9370924610053615,0.8574020866466452,-0.07121747803331217,1.0,0.0,1.0,0.0,1.0,0.0,0.0,1.0,0.0,0.0,0.0,1.0,0.0,0.0,0.0,1.0,0.0,0.0,1.0,0.0,1.0,0.0,1.0,0.0,1.0,0.0,0.0,1.0,0.0,1.0
-0.5877158126017253,1.3053988043733975,1.5416520060379102,-0.7620794323257384,0.11143700068845773,-0.3840356986917804,0.09793108077017354,-1.1084191802113352,0.7145598361838071,-1.7460092678630987,-0.8011771620977103,0.5694802257356846,0.5064622735791303,-0.07121747803331217,0.0,1.0,0.0,1.0,1.0,0.0,0.0,1.0,0.0,1.0,0.0,0.0,0.0,0.0,0.0,1.0,0.0,0.0,1.0,0.0,0.0,1.0,1.0,0.0,0.0,1.0,0.0,1.0,0.0,1.0
-0.5877158126017253,-0.4775011415997428,-0.2976983184073204,-0.7620794323257384,-1.1191120069138742,1.1978256316338864,0.09793108077017354,0.7839148807415693,-0.14789726841943915,-0.3750882239584872,-0.5884861405484971,-0.9009687153430227,-0.5463571656234143,0.600816541953761,1.0,0.0,0.0,1.0,1.0,0.0,0.0,1.0,0.0,0.0,1.0,0.0,0.0,0.0,0.0,0.0,1.0,0.0,1.0,0.0,0.0,1.0,0.0,1.0,0.0,1.0,0.0,1.0,0.0,1.0
1.0566211509578187,-0.4775011415997428,-1.2173734806299357,1.8747154035213165,0.11143700068845773,1.1978256316338864,0.09793108077017354,0.7839148807415693,1.5770169407870533,0.9958328199461243,0.0495869240991422,-0.16574424480366903,-0.5463571656234143,-0.7432514980203854,0.0,1.0,0.0,1.0,0.0,1.0,0.0,1.0,0.0,0.0,0.0,1.0,0.0,0.0,0.0,1.0,0.0,0.0,1.0,0.0,1.0,0.0,1.0,0.0,0.0,1.0,1.0,0.0,0.0,1.0
-0.5877158126017253,1.3053988043733975,0.6219768438152948,-0.7620794323257384,0.11143700068845773,-0.3840356986917804,-3.013878975539212,-0.16225214973488297,-1.0103543730226854,-1.7460092678630987,0.0495869240991422,0.9370924610053615,1.2083418997141602,0.600816541953761,1.0,0.0,0.0,1.0,1.0,0.0,0.0,1.0,0.0,0.0,0.0,0.0,1.0,0.0,0.0,1.0,0.0,0.0,1.0,0.0,1.0,0.0,1.0,0.0,0.0,1.0,0.0,1.0,0.0,1.0
1.0566211509578187,0.41394883138682737,1.5416520060379102,-0.7620794323257384,0.11143700068845773,-0.3840356986917804,0.09793108077017354,-0.16225214973488297,-0.14789726841943915,0.9958328199461243,0.4749689671975684,1.672316931544715,1.559281712781675,-0.07121747803331217,0.0,1.0,0.0,1.0,0.0,1.0,0.0,1.0,0.0,0.0,0.0,1.0,0.0,0.0,0.0,1.0,0.0,0.0,1.0,0.0,1.0,0.0,1.0,0.0,0.0,1.0,0.0,1.0,0.0,1.0
0.23445266917804672,-0.4775011415997428,-1.2173734806299357,-0.7620794323257384,-1.1191120069138742,-0.3840356986917804,1.1352010995399686,0.7839148807415693,1.5770169407870533,0.9958328199461243,3.8780253119849784,-0.9009687153430227,-1.5991766048259588,-1.4152855180074584,0.0,1.0,0.0,1.0,1.0,0.0,0.0,1.0,0.0,0.0,1.0,0.0,0.0,0.0,0.0,1.0,0.0,0.0,1.0,0.0,0.0,1.0,1.0,0.0,1.0,0.0,0.0,1.0,0.0,1.0
1.0566211509578187,-1.368951114586313,0.6219768438152948,0.5563179855977891,0.11143700068845773,-0.3840356986917804,-0.9393389379996216,-0.16225214973488297,0.7145598361838071,-0.3750882239584872,-0.8011771620977103,-1.2685809506126995,-0.5463571656234143,1.2728505619408341,0.0,1.0,1.0,0.0,1.0,0.0,0.0,1.0,1.0,0.0,0.0,0.0,0.0,0.0,0.0,1.0,0.0,0.0,1.0,0.0,0.0,1.0,0.0,1.0,1.0,0.0,0.0,1.0,1.0,0.0
-1.4098842943814975,-1.368951114586313,-1.2173734806299357,0.5563179855977891,2.5725350158931213,-0.3840356986917804,-0.9393389379996216,-2.0545862106877877,-1.0103543730226854,-1.7460092678630987,0.0495869240991422,0.5694802257356846,0.5064622735791303,-0.07121747803331217,1.0,0.0,1.0,0.0,1.0,0.0,0.0,1.0,1.0,0.0,0.0,0.0,0.0,0.0,0.0,1.0,0.0,0.0,0.0,1.0,0.0,1.0,0.0,1.0,0.0,1.0,0.0,1.0,0.0,1.0
0.23445266917804672,-0.4775011415997428,-0.2976983184073204,0.5563179855977891,-1.1191120069138742,-0.3840356986917804,1.1352010995399686,-1.1084191802113352,-1.0103543730226854,0.3103722979938185,-0.8011771620977103,-0.9009687153430227,-0.5463571656234143,0.600816541953761,0.0,1.0,1.0,0.0,1.0,0.0,0.0,1.0,0.0,0.0,1.0,0.0,0.0,0.0,0.0,0.0,1.0,0.0,1.0,0.0,1.0,0.0,1.0,0.0,1.0,0.0,1.0,0.0,1.0,0.0
-1.4098842943814975,1.3053988043733975,0.6219768438152948,-0.7620794323257384,0.11143700068845773,-0.3840356986917804,1.1352010995399686,-1.1084191802113352,-1.0103543730226854,0.9958328199461243,0.0495869240991422,-0.5333564800733459,-0.1954173525558994,0.600816541953761,1.0,0.0,0.0,1.0,0.0,1.0,1.0,0.0,0.0,0.0,1.0,0.0,0.0,0.0,0.0,1.0,0.0,0.0,0.0,1.0,0.0,1.0,0.0,1.0,0.0,1.0,0.0,1.0,0.0,1.0
2.700958114517363,0.41394883138682737,-0.2976983184073204,-0.7620794323257384,-1.1191120069138742,2.7796869619595532,1.1352010995399686,1.7300819112180217,-0.14789726841943915,0.9958328199461243,-0.8011771620977103,0.9370924610053615,1.2083418997141602,0.600816541953761,0.0,1.0,0.0,1.0,1.0,0.0,1.0,0.0,0.0,0.0,0.0,1.0,0.0,0.0,0.0,1.0,0.0,0.0,1.0,0.0,1.0,0.0,1.0,0.0,0.0,1.0,0.0,1.0,1.0,0.0
0.23445266917804672,1.3053988043733975,-0.2976983184073204,-0.7620794323257384,0.11143700068845773,-0.3840356986917804,0.09793108077017354,-0.16225214973488297,-1.0103543730226854,0.3103722979938185,0.0495869240991422,1.3047046962750384,0.8574020866466452,-0.7432514980203854,1.0,0.0,0.0,1.0,0.0,1.0,1.0,0.0,0.0,0.0,0.0,0.0,1.0,0.0,0.0,1.0,0.0,0.0,1.0,0.0,0.0,1.0,1.0,0.0,0.0,1.0,0.0,1.0,1.0,0.0
0.23445266917804672,-1.368951114586313,-0.2976983184073204,0.5563179855977891,0.11143700068845773,-0.3840356986917804,0.09793108077017354,0.7839148807415693,0.7145598361838071,0.9958328199461243,2.6018791826896996,-0.5333564800733459,-0.1954173525558994,0.600816541953761,0.0,1.0,0.0,1.0,1.0,0.0,0.0,1.0,1.0,0.0,0.0,0.0,0.0,0.0,0.0,0.0,1.0,0.0,1.0,0.0,1.0,0.0,1.0,0.0,0.0,1.0,0.0,1.0,0.0,1.0
-1.4098842943814975,-0.4775011415997428,-1.2173734806299357,0.5563179855977891,-1.1191120069138742,-0.3840356986917804,0.09793108077017354,0.7839148807415693,-1.0103543730226854,0.9958328199461243,-0.8011771620977103,-0.16574424480366903,-0.5463571656234143,-0.7432514980203854,1.0,0.0,0.0,1.0,0.0,1.0,1.0,0.0,1.0,0.0,0.0,0.0,0.0,0.0,0.0,1.0,0.0,0.0,1.0,0.0,0.0,1.0,1.0,0.0,0.0,1.0,1.0,0.0,0.0,1.0
1.0566211509578187,-0.4775011415997428,0.6219768438152948,-0.7620794323257384,-1.1191120069138742,-0.3840356986917804,-0.9393389379996216,-2.0545862106877877,-0.14789726841943915,0.3103722979938185,1.9638061180420603,0.5694802257356846,0.8574020866466452,0.600816541953761,0.0,1.0,1.0,0.0,1.0,0.0,0.0,1.0,0.0,0.0,1.0,0.0,0.0,0.0,0.0,0.0,1.0,0.0,1.0,0.0,1.0,0.0,1.0,0.0,1.0,0.0,0.0,1.0,0.0,1.0
1.8787896327375908,-1.368951114586313,-1.2173734806299357,1.8747154035213165,-1.1191120069138742,1.1978256316338864,0.09793108077017354,0.7839148807415693,0.7145598361838071,0.9958328199461243,0.0495869240991422,-1.2685809506126995,-0.8972969786909292,0.600816541953761,0.0,1.0,1.0,0.0,1.0,0.0,0.0,1.0,0.0,0.0,1.0,0.0,0.0,0.0,0.0,1.0,0.0,0.0,1.0,0.0,0.0,1.0,1.0,0.0,1.0,0.0,0.0,1.0,0.0,1.0
0.23445266917804672,-1.368951114586313,-1.2173734806299357,0.5563179855977891,-1.1191120069138742,-0.3840356986917804,-0.9393389379996216,1.7300819112180217,1.5770169407870533,0.3103722979938185,-0.1631040974500709,-0.5333564800733459,-0.1954173525558994,0.600816541953761,1.0,0.0,1.0,0.0,1.0,0.0,0.0,1.0,1.0,0.0,0.0,0.0,0.0,1.0,0.0,0.0,0.0,0.0,1.0,0.0,0.0,1.0,1.0,0.0,0.0,1.0,1.0,0.0,0.0,1.0
0.23445266917804672,1.3053988043733975,1.5416520060379102,0.5563179855977891,-1.1191120069138742,1.1978256316338864,0.09793108077017354,-1.1084191802113352,0.7145598361838071,-1.060548745910793,5.579553484378683,0.9370924610053615,1.2083418997141602,0.600816541953761,1.0,0.0,0.0,1.0,1.0,0.0,0.0,1.0,0.0,0.0,0.0,1.0,0.0,0.0,0.0,0.0,0.0,1.0,1.0,0.0,0.0,1.0,1.0,0.0,1.0,0.0,0.0,1.0,0.0,1.0
-1.4098842943814975,0.41394883138682737,0.6219768438152948,-0.7620794323257384,0.11143700068845773,-0.3840356986917804,-3.013878975539212,-0.16225214973488297,-1.0103543730226854,-1.7460092678630987,4.303407355083404,-0.9009687153430227,-1.248236791758444,-0.7432514980203854,1.0,0.0,0.0,1.0,1.0,0.0,1.0,0.0,0.0,0.0,0.0,1.0,0.0,0.0,0.0,0.0,1.0,0.0,1.0,0.0,1.0,0.0,1.0,0.0,1.0,0.0,0.0,1.0,1.0,0.0
1.0566211509578187,1.3053988043733975,0.6219768438152948,-0.7620794323257384,0.11143700068845773,-0.3840356986917804,0.09793108077017354,-0.16225214973488297,-1.0103543730226854,-0.3750882239584872,-0.37579511899928403,-0.5333564800733459,-0.5463571656234143,-0.07121747803331217,0.0,1.0,0.0,1.0,1.0,0.0,0.0,1.0,0.0,0.0,0.0,0.0,1.0,0.0,0.0,1.0,0.0,0.0,1.0,0.0,0.0,1.0,1.0,0.0,1.0,0.0,0.0,1.0,0.0,1.0
0.23445266917804672,-0.4775011415997428,-1.2173734806299357,0.5563179855977891,0.11143700068845773,-0.3840356986917804,0.09793108077017354,-1.1084191802113352,1.5770169407870533,0.9958328199461243,-0.8011771620977103,-0.16574424480366903,-0.5463571656234143,-0.7432514980203854,1.0,0.0,1.0,0.0,1.0,0.0,0.0,1.0,1.0,0.0,0.0,0.0,0.0,0.0,0.0,0.0,1.0,0.0,1.0,0.0,0.0,1.0,1.0,0.0,0.0,1.0,0.0,1.0,0.0,1.0
1.0566211509578187,-1.368951114586313,-1.2173734806299357,0.5563179855977891,2.5725350158931213,-0.3840356986917804,1.1352010995399686,-1.1084191802113352,-1.0103543730226854,-0.3750882239584872,-0.37579511899928403,2.039929166814392,1.91022152584919,-0.07121747803331217,1.0,0.0,1.0,0.0,0.0,1.0,0.0,1.0,1.0,0.0,0.0,0.0,0.0,0.0,0.0,1.0,0.0,0.0,1.0,0.0,0.0,1.0,1.0,0.0,0.0,1.0,0.0,1.0,1.0,0.0
1.0566211509578187,1.3053988043733975,1.5416520060379102,0.5563179855977891,1.3419860082907897,-0.3840356986917804,1.1352010995399686,0.7839148807415693,0.7145598361838071,-1.7460092678630987,-0.8011771620977103,1.3047046962750384,1.91022152584919,1.2728505619408341,1.0,0.0,1.0,0.0,0.0,1.0,0.0,1.0,0.0,0.0,1.0,0.0,0.0,0.0,0.0,1.0,0.0,0.0,1.0,0.0,1.0,0.0,1.0,0.0,1.0,0.0,0.0,1.0,0.0,1.0
1.0566211509578187,-0.4775011415997428,-1.2173734806299357,0.5563179855977891,-1.1191120069138742,-0.3840356986917804,0.09793108077017354,0.7839148807415693,-0.14789726841943915,0.9958328199461243,-0.8011771620977103,-1.6361931858823764,-1.5991766048259588,-0.07121747803331217,0.0,1.0,1.0,0.0,1.0,0.0,0.0,1.0,0.0,0.0,1.0,0.0,0.0,0.0,0.0,1.0,0.0,0.0,1.0,0.0,1.0,0.0,1.0,0.0,0.0,1.0,0.0,1.0,0.0,1.0
0.23445266917804672,-1.368951114586313,-0.2976983184073204,0.5563179855977891,0.11143700068845773,-0.3840356986917804,-0.9393389379996216,-1.1084191802113352,-1.0103543730226854,-0.3750882239584872,-0.8011771620977103,0.5694802257356846,0.5064622735791303,-0.07121747803331217,1.0,0.0,1.0,0.0,1.0,0.0,0.0,1.0,0.0,0.0,1.0,0.0,0.0,0.0,0.0,0.0,1.0,0.0,1.0,0.0,1.0,0.0,1.0,0.0,1.0,0.0,0.0,1.0,1.0,0.0
-0.5877158126017253,-1.368951114586313,-1.2173734806299357,-0.7620794323257384,2.5725350158931213,-0.3840356986917804,-1.9766089567694167,-1.1084191802113352,-1.8728114776259317,0.9958328199461243,-0.8011771620977103,0.9370924610053615,0.8574020866466452,-0.07121747803331217,1.0,0.0,0.0,1.0,1.0,0.0,0.0,1.0,0.0,0.0,1.0,0.0,0.0,0.0,0.0,1.0,0.0,0.0,0.0,1.0,0.0,1.0,1.0,0.0,0.0,1.0,0.0,1.0,0.0,1.0
-1.4098842943814975,0.41394883138682737,1.5416520060379102,-0.7620794323257384,1.3419860082907897,-0.3840356986917804,0.09793108077017354,-0.16225214973488297,-1.0103543730226854,0.9958328199461243,-0.37579511899928403,-0.16574424480366903,0.15552246051161547,0.600816541953761,1.0,0.0,1.0,0.0,1.0,0.0,0.0,1.0,0.0,0.0,0.0,1.0,0.0,0.0,1.0,0.0,0.0,0.0,0.0,1.0,0.0,1.0,1.0,0.0,0.0,1.0,0.0,1.0,0.0,1.0
0.23445266917804672,-0.4775011415997428,-0.2976983184073204,-0.7620794323257384,-1.1191120069138742,-0.3840356986917804,1.1352010995399686,-0.16225214973488297,-1.0103543730226854,-0.3750882239584872,3.6653342904357653,0.5694802257356846,0.5064622735791303,-0.07121747803331217,1.0,0.0,1.0,0.0,1.0,0.0,0.0,1.0,0.0,0.0,1.0,0.0,0.0,0.0,0.0,1.0,0.0,0.0,1.0,0.0,0.0,1.0,1.0,0.0,1.0,0.0,0.0,1.0,0.0,1.0
0.23445266917804672,1.3053988043733975,0.6219768438152948,-0.7620794323257384,0.11143700068845773,-0.3840356986917804,-0.9393389379996216,-1.1084191802113352,-0.14789726841943915,-0.3750882239584872,-0.8011771620977103,0.9370924610053615,0.15552246051161547,-1.4152855180074584,1.0,0.0,0.0,1.0,0.0,1.0,0.0,1.0,0.0,1.0,0.0,0.0,0.0,0.0,0.0,1.0,0.0,0.0,1.0,0.0,1.0,0.0,1.0,0.0,0.0,1.0,0.0,1.0,0.0,1.0
-1.4098842943814975,1.3053988043733975,1.5416520060379102,-0.7620794323257384,0.11143700068845773,-0.3840356986917804,1.1352010995399686,0.7839148807415693,-1.0103543730226854,0.9958328199461243,-0.8011771620977103,-0.5333564800733459,-0.1954173525558994,0.600816541953761,0.0,1.0,0.0,1.0,1.0,0.0,0.0,1.0,0.0,1.0,0.0,0.0,0.0,0.0,0.0,0.0,1.0,0.0,1.0,0.0,0.0,1.0,0.0,1.0,1.0,0.0,0.0,1.0,0.0,1.0
1.0566211509578187,1.3053988043733975,1.5416520060379102,0.5563179855977891,-1.1191120069138742,-0.3840356986917804,-0.9393389379996216,-1.1084191802113352,0.7145598361838071,-0.3750882239584872,0.4749689671975684,-0.16574424480366903,0.15552246051161547,0.600816541953761,0.0,1.0,0.0,1.0,1.0,0.0,0.0,1.0,0.0,0.0,0.0,0.0,1.0,0.0,0.0,0.0,1.0,0.0,1.0,0.0,1.0,0.0,1.0,0.0,0.0,1.0,0.0,1.0,0.0,1.0
-0.5877158126017253,0.41394883138682737,0.6219768438152948,0.5563179855977891,-1.1191120069138742,-0.3840356986917804,1.1352010995399686,0.7839148807415693,-1.0103543730226854,0.9958328199461243,0.4749689671975684,0.9370924610053615,0.8574020866466452,-0.07121747803331217,0.0,1.0,0.0,1.0,1.0,0.0,0.0,1.0,0.0,0.0,1.0,0.0,0.0,0.0,0.0,0.0,1.0,0.0,1.0,0.0,1.0,0.0,1.0,0.0,0.0,1.0,0.0,1.0,0.0,1.0
-1.4098842943814975,0.41394883138682737,0.6219768438152948,0.5563179855977891,-1.1191120069138742,-0.3840356986917804,0.09793108077017354,-2.0545862106877877,-0.14789726841943915,0.3103722979938185,-0.8011771620977103,0.9370924610053615,1.559281712781675,1.2728505619408341,1.0,0.0,1.0,0.0,1.0,0.0,0.0,1.0,0.0,0.0,1.0,0.0,0.0,0.0,0.0,0.0,1.0,0.0,1.0,0.0,1.0,0.0,1.0,0.0,1.0,0.0,0.0,1.0,0.0,1.0
-0.5877158126017253,0.41394883138682737,0.6219768438152948,1.8747154035213165,0.11143700068845773,-0.3840356986917804,1.1352010995399686,-0.16225214973488297,-1.0103543730226854,0.3103722979938185,-0.37579511899928403,0.5694802257356846,0.8574020866466452,0.600816541953761,1.0,0.0,0.0,1.0,1.0,0.0,0.0,1.0,0.0,0.0,1.0,0.0,0.0,0.0,0.0,1.0,0.0,0.0,0.0,1.0,0.0,1.0,1.0,0.0,0.0,1.0,0.0,1.0,1.0,0.0
1.8787896327375908,-0.4775011415997428,-0.2976983184073204,-0.7620794323257384,0.11143700068845773,-0.3840356986917804,0.09793108077017354,-0.16225214973488297,-0.14789726841943915,0.9958328199461243,-0.8011771620977103,-0.5333564800733459,-0.5463571656234143,-0.07121747803331217,1.0,0.0,0.0,1.0,1.0,0.0,0.0,1.0,0.0,0.0,0.0,1.0,0.0,0.0,0.0,0.0,1.0,0.0,1.0,0.0,0.0,1.0,1.0,0.0,1.0,0.0,0.0,1.0,0.0,1.0
1.0566211509578187,-1.368951114586313,-0.2976983184073204,0.5563179855977891,0.11143700068845773,-0.3840356986917804,0.09793108077017354,0.7839148807415693,-0.14789726841943915,0.3103722979938185,-0.8011771620977103,0.20186799046600779,0.5064622735791303,0.600816541953761,1.0,0.0,0.0,1.0,0.0,1.0,1.0,0.0,1.0,0.0,0.0,0.0,0.0,0.0,0.0,1.0,0.0,0.0,1.0,0.0,1.0,0.0,1.0,0.0,1.0,0.0,0.0,1.0,0.0,1.0
1.0566211509578187,-0.4775011415997428,1.5416520060379102,-0.7620794323257384,0.11143700068845773,1.1978256316338864,-1.9766089567694167,-0.16225214973488297,-1.0103543730226854,-1.7460092678630987,0.9003510102959947,-1.2685809506126995,-2.3010562309609885,-2.0873195379945315,1.0,0.0,0.0,1.0,1.0,0.0,1.0,0.0,0.0,0.0,1.0,0.0,0.0,0.0,0.0,0.0,1.0,0.0,1.0,0.0,0.0,1.0,1.0,0.0,1.0,0.0,0.0,1.0,0.0,1.0
-0.5877158126017253,-0.4775011415997428,-0.2976983184073204,-0.7620794323257384,0.11143700068845773,-0.3840356986917804,1.1352010995399686,-2.0545862106877877,1.5770169407870533,0.3103722979938185,-0.8011771620977103,0.20186799046600779,0.15552246051161547,-0.07121747803331217,1.0,0.0,0.0,1.0,1.0,0.0,0.0,1.0,0.0,0.0,1.0,0.0,0.0,0.0,0.0,1.0,0.0,0.0,1.0,0.0,0.0,1.0,1.0,0.0,1.0,0.0,0.0,1.0,0.0,1.0
-0.5877158126017253,-0.4775011415997428,-1.2173734806299357,0.5563179855977891,-1.1191120069138742,-0.3840356986917804,-1.9766089567694167,0.7839148807415693,-0.14789726841943915,0.3103722979938185,0.0495869240991422,-0.5333564800733459,-1.248236791758444,-1.4152855180074584,0.0,1.0,0.0,1.0,0.0,1.0,0.0,1.0,1.0,0.0,0.0,0.0,0.0,0.0,0.0,0.0,1.0,0.0,1.0,0.0,0.0,1.0,1.0,0.0,0.0,1.0,0.0,1.0,0.0,1.0
1.0566211509578187,1.3053988043733975,0.6219768438152948,-0.7620794323257384,1.3419860082907897,-0.3840356986917804,1.1352010995399686,-0.16225214973488297,-1.0103543730226854,0.3103722979938185,0.0495869240991422,1.3047046962750384,0.8574020866466452,-0.7432514980203854,0.0,1.0,1.0,0.0,1.0,0.0,0.0,1.0,0.0,0.0,0.0,0.0,1.0,0.0,0.0,0.0,1.0,0.0,1.0,0.0,1.0,0.0,1.0,0.0,1.0,0.0,0.0,1.0,0.0,1.0
-0.5877158126017253,-0.4775011415997428,-0.2976983184073204,0.5563179855977891,-1.1191120069138742,-0.3840356986917804,1.1352010995399686,0.7839148807415693,-0.14789726841943915,0.3103722979938185,0.4749689671975684,-1.6361931858823764,-1.248236791758444,0.600816541953761,0.0,1.0,1.0,0.0,1.0,0.0,0.0,1.0,0.0,0.0,0.0,1.0,0.0,0.0,0.0,0.0,1.0,0.0,1.0,0.0,0.0,1.0,1.0,0.0,0.0,1.0,0.0,1.0,0.0,1.0
-1.4098842943814975,-1.368951114586313,-0.2976983184073204,-0.7620794323257384,0.11143700068845773,-0.3840356986917804,0.09793108077017354,-0.16225214973488297,-1.0103543730226854,0.9958328199461243,-0.8011771620977103,0.9370924610053615,0.5064622735791303,-0.7432514980203854,0.0,1.0,0.0,1.0,0.0,1.0,0.0,1.0,0.0,0.0,1.0,0.0,0.0,1.0,0.0,0.0,0.0,0.0,0.0,1.0,0.0,1.0,1.0,0.0,0.0,1.0,0.0,1.0,0.0,1.0
1.0566211509578187,-0.4775011415997428,-0.2976983184073204,0.5563179855977891,0.11143700068845773,-0.3840356986917804,-3.013878975539212,-0.16225214973488297,-1.8728114776259317,-1.060548745910793,0.0495869240991422,-1.2685809506126995,-1.248236791758444,-0.07121747803331217,1.0,0.0,0.0,1.0,1.0,0.0,0.0,1.0,0.0,0.0,1.0,0.0,0.0,0.0,0.0,1.0,0.0,0.0,1.0,0.0,0.0,1.0,1.0,0.0,1.0,0.0,0.0,1.0,0.0,1.0
1.0566211509578187,-0.4775011415997428,-1.2173734806299357,-0.7620794323257384,0.11143700068845773,4.36154829228522,1.1352010995399686,0.7839148807415693,1.5770169407870533,0.9958328199461243,1.325733053394421,-0.5333564800733459,-0.8972969786909292,-0.7432514980203854,1.0,0.0,0.0,1.0,1.0,0.0,0.0,1.0,0.0,0.0,0.0,1.0,0.0,0.0,0.0,1.0,0.0,0.0,1.0,0.0,0.0,1.0,1.0,0.0,0.0,1.0,1.0,0.0,0.0,1.0
0.23445266917804672,1.3053988043733975,1.5416520060379102,-0.7620794323257384,1.3419860082907897,-0.3840356986917804,0.09793108077017354,0.7839148807415693,-0.14789726841943915,0.9958328199461243,-0.8011771620977103,1.3047046962750384,0.8574020866466452,-0.7432514980203854,0.0,1.0,0.0,1.0,0.0,1.0,0.0,1.0,0.0,0.0,1.0,0.0,0.0,0.0,0.0,0.0,1.0,0.0,1.0,0.0,0.0,1.0,1.0,0.0,1.0,0.0,0.0,1.0,0.0,1.0
1.0566211509578187,-1.368951114586313,-0.2976983184073204,-0.7620794323257384,0.11143700068845773,1.1978256316338864,-0.9393389379996216,0.7839148807415693,0.7145598361838071,0.9958328199461243,1.113042031845208,-0.9009687153430227,-1.248236791758444,-0.7432514980203854,1.0,0.0,0.0,1.0,1.0,0.0,0.0,1.0,0.0,0.0,1.0,0.0,0.0,0.0,0.0,1.0,0.0,0.0,1.0,0.0,0.0,1.0,1.0,0.0,0.0,1.0,0.0,1.0,0.0,1.0
0.23445266917804672,0.41394883138682737,-0.2976983184073204,0.5563179855977891,0.11143700068845773,-0.3840356986917804,-3.013878975539212,-1.1084191802113352,-0.14789726841943915,0.9958328199461243,-0.8011771620977103,1.3047046962750384,0.8574020866466452,-0.7432514980203854,1.0,0.0,0.0,1.0,0.0,1.0,1.0,0.0,0.0,0.0,0.0,1.0,0.0,0.0,0.0,1.0,0.0,0.0,1.0,0.0,1.0,0.0,1.0,0.0,1.0,0.0,0.0,1.0,1.0,0.0
0.23445266917804672,1.3053988043733975,1.5416520060379102,0.5563179855977891,0.11143700068845773,-0.3840356986917804,0.09793108077017354,-2.0545862106877877,0.7145598361838071,-1.7460092678630987,-0.37579511899928403,-0.5333564800733459,0.5064622735791303,1.9448845819279075,1.0,0.0,0.0,1.0,1.0,0.0,1.0,0.0,0.0,0.0,1.0,0.0,0.0,0.0,0.0,0.0,0.0,1.0,0.0,1.0,0.0,1.0,1.0,0.0,1.0,0.0,0.0,1.0,1.0,0.0
1.0566211509578187,1.3053988043733975,1.5416520060379102,-0.7620794323257384,0.11143700068845773,-0.3840356986917804,0.09793108077017354,0.7839148807415693,0.7145598361838071,0.9958328199461243,-0.8011771620977103,0.20186799046600779,-0.1954173525558994,-0.7432514980203854,1.0,0.0,0.0,1.0,1.0,0.0,0.0,1.0,0.0,0.0,0.0,0.0,1.0,0.0,0.0,1.0,0.0,0.0,1.0,0.0,0.0,1.0,1.0,0.0,1.0,0.0,0.0,1.0,0.0,1.0
-1.4098842943814975,1.3053988043733975,1.5416520060379102,-0.7620794323257384,0.11143700068845773,-0.3840356986917804,-0.9393389379996216,-0.16225214973488297,-0.14789726841943915,-1.060548745910793,-0.37579511899928403,0.9370924610053615,0.8574020866466452,-0.07121747803331217,1.0,0.0,0.0,1.0,1.0,0.0,0.0,1.0,0.0,0.0,0.0,0.0,1.0,0.0,1.0,0.0,0.0,0.0,1.0,0.0,0.0,1.0,1.0,0.0,1.0,0.0,0.0,1.0,0.0,1.0
0.23445266917804672,-1.368951114586313,-1.2173734806299357,-0.7620794323257384,-1.1191120069138742,1.1978256316338864,1.1352010995399686,0.7839148807415693,0.7145598361838071,0.9958328199461243,-0.8011771620977103,-2.003805421152053,-1.9501164178934738,-0.07121747803331217,1.0,0.0,1.0,0.0,1.0,0.0,0.0,1.0,0.0,0.0,1.0,0.0,0.0,0.0,0.0,1.0,0.0,0.0,1.0,0.0,0.0,1.0,1.0,0.0,1.0,0.0,1.0,0.0,0.0,1.0
-1.4098842943814975,0.41394883138682737,1.5416520060379102,-0.7620794323257384,-1.1191120069138742,-0.3840356986917804,1.1352010995399686,1.7300819112180217,1.5770169407870533,0.9958328199461243,-0.37579511899928403,-0.9009687153430227,-0.8972969786909292,-0.07121747803331217,0.0,1.0,0.0,1.0,1.0,0.0,0.0,1.0,0.0,0.0,0.0,1.0,0.0,0.0,0.0,0.0,1.0,0.0,0.0,1.0,1.0,0.0,1.0,0.0,1.0,0.0,0.0,1.0,0.0,1.0
1.0566211509578187,1.3053988043733975,-0.2976983184073204,0.5563179855977891,-1.1191120069138742,1.1978256316338864,1.1352010995399686,0.7839148807415693,-0.14789726841943915,-0.3750882239584872,-0.8011771620977103,-1.6361931858823764,-1.5991766048259588,-0.07121747803331217,0.0,1.0,1.0,0.0,1.0,0.0,0.0,1.0,0.0,0.0,1.0,0.0,0.0,0.0,0.0,1.0,0.0,0.0,1.0,0.0,1.0,0.0,0.0,1.0,1.0,0.0,0.0,1.0,1.0,0.0
-0.5877158126017253,1.3053988043733975,0.6219768438152948,-0.7620794323257384,0.11143700068845773,-0.3840356986917804,-0.9393389379996216,0.7839148807415693,-0.14789726841943915,-0.3750882239584872,0.0495869240991422,-0.16574424480366903,-0.5463571656234143,-0.7432514980203854,0.0,1.0,0.0,1.0,1.0,0.0,0.0,1.0,0.0,0.0,0.0,0.0,1.0,0.0,0.0,1.0,0.0,0.0,1.0,0.0,0.0,1.0,0.0,1.0,0.0,1.0,0.0,1.0,0.0,1.0
1.0566211509578187,1.3053988043733975,1.5416520060379102,-0.7620794323257384,-1.1191120069138742,-0.3840356986917804,1.1352010995399686,0.7839148807415693,1.5770169407870533,0.9958328199461243,-0.1631040974500709,2.039929166814392,1.91022152584919,-0.07121747803331217,0.0,1.0,0.0,1.0,0.0,1.0,0.0,1.0,0.0,0.0,0.0,1.0,0.0,0.0,0.0,1.0,0.0,0.0,1.0,0.0,0.0,1.0,1.0,0.0,0.0,1.0,0.0,1.0,0.0,1.0
-0.5877158126017253,0.41394883138682737,-0.2976983184073204,-0.7620794323257384,-1.1191120069138742,-0.3840356986917804,-0.9393389379996216,-2.0545862106877877,-0.14789726841943915,-0.3750882239584872,-0.37579511899928403,-1.6361931858823764,-1.9501164178934738,-0.7432514980203854,1.0,0.0,0.0,1.0,1.0,0.0,0.0,1.0,0.0,0.0,0.0,1.0,0.0,1.0,0.0,0.0,0.0,0.0,1.0,0.0,1.0,0.0,1.0,0.0,1.0,0.0,0.0,1.0,0.0,1.0
0.23445266917804672,1.3053988043733975,0.6219768438152948,-0.7620794323257384,1.3419860082907897,-0.3840356986917804,0.09793108077017354,0.7839148807415693,-0.14789726841943915,0.3103722979938185,-0.8011771620977103,-0.16574424480366903,0.15552246051161547,0.600816541953761,1.0,0.0,0.0,1.0,1.0,0.0,0.0,1.0,0.0,1.0,0.0,0.0,0.0,0.0,0.0,1.0,0.0,0.0,1.0,0.0,0.0,1.0,1.0,0.0,0.0,1.0,0.0,1.0,0.0,1.0
-0.5877158126017253,0.41394883138682737,-1.2173734806299357,-0.7620794323257384,2.5725350158931213,-0.3840356986917804,0.09793108077017354,-0.16225214973488297,-0.14789726841943915,0.9958328199461243,-0.8011771620977103,-0.5333564800733459,-0.8972969786909292,-0.7432514980203854,1.0,0.0,0.0,1.0,1.0,0.0,0.0,1.0,0.0,0.0,0.0,1.0,0.0,0.0,0.0,1.0,0.0,0.0,0.0,1.0,0.0,1.0,1.0,0.0,1.0,0.0,0.0,1.0,0.0,1.0
-0.5877158126017253,1.3053988043733975,1.5416520060379102,-0.7620794323257384,0.11143700068845773,-0.3840356986917804,0.09793108077017354,1.7300819112180217,-1.0103543730226854,-0.3750882239584872,-0.8011771620977103,-0.16574424480366903,-0.5463571656234143,-0.7432514980203854,1.0,0.0,0.0,1.0,0.0,1.0,0.0,1.0,0.0,0.0,0.0,0.0,1.0,0.0,0.0,0.0,0.0,1.0,1.0,0.0,0.0,1.0,1.0,0.0,1.0,0.0,0.0,1.0,0.0,1.0
-1.4098842943814975,1.3053988043733975,1.5416520060379102,-0.7620794323257384,-1.1191120069138742,-0.3840356986917804,1.1352010995399686,-0.16225214973488297,-0.14789726841943915,0.9958328199461243,-0.37579511899928403,0.20186799046600779,0.5064622735791303,0.600816541953761,0.0,1.0,0.0,1.0,1.0,0.0,0.0,1.0,0.0,0.0,0.0,1.0,0.0,0.0,0.0,1.0,0.0,0.0,1.0,0.0,0.0,1.0,0.0,1.0,0.0,1.0,0.0,1.0,0.0,1.0
0.23445266917804672,-1.368951114586313,-1.2173734806299357,-0.7620794323257384,1.3419860082907897,-0.3840356986917804,0.09793108077017354,-0.16225214973488297,-1.0103543730226854,0.3103722979938185,1.325733053394421,-0.16574424480366903,-0.5463571656234143,-0.7432514980203854,1.0,0.0,0.0,1.0,0.0,1.0,0.0,1.0,1.0,0.0,0.0,0.0,0.0,1.0,0.0,0.0,0.0,0.0,1.0,0.0,0.0,1.0,1.0,0.0,0.0,1.0,0.0,1.0,0.0,1.0
0.23445266917804672,0.41394883138682737,-0.2976983184073204,-0.7620794323257384,0.11143700068845773,-0.3840356986917804,1.1352010995399686,-0.16225214973488297,0.7145598361838071,-0.3750882239584872,-0.37579511899928403,2.039929166814392,2.2611613389167045,0.600816541953761,1.0,0.0,0.0,1.0,1.0,0.0,0.0,1.0,0.0,0.0,1.0,0.0,0.0,0.0,0.0,1.0,0.0,0.0,1.0,0.0,1.0,0.0,1.0,0.0,0.0,1.0,0.0,1.0,0.0,1.0
0.23445266917804672,1.3053988043733975,1.5416520060379102,0.5563179855977891,0.11143700068845773,-0.3840356986917804,0.09793108077017354,-0.16225214973488297,-0.14789726841943915,0.9958328199461243,-0.37579511899928403,0.20186799046600779,0.15552246051161547,-0.07121747803331217,1.0,0.0,1.0,0.0,1.0,0.0,0.0,1.0,0.0,0.0,0.0,0.0,1.0,0.0,0.0,0.0,1.0,0.0,1.0,0.0,0.0,1.0,0.0,1.0,0.0,1.0,0.0,1.0,0.0,1.0
0.23445266917804672,-1.368951114586313,0.6219768438152948,1.8747154035213165,0.11143700068845773,1.1978256316338864,1.1352010995399686,-1.1084191802113352,0.7145598361838071,0.9958328199461243,2.1764971395912736,0.20186799046600779,-0.1954173525558994,-0.7432514980203854,0.0,1.0,1.0,0.0,1.0,0.0,0.0,1.0,0.0,0.0,1.0,0.0,0.0,0.0,0.0,1.0,0.0,0.0,1.0,0.0,0.0,1.0,1.0,0.0,0.0,1.0,0.0,1.0,0.0,1.0
1.0566211509578187,-1.368951114586313,-0.2976983184073204,0.5563179855977891,0.11143700068845773,-0.3840356986917804,0.09793108077017354,-2.0545862106877877,-1.8728114776259317,0.3103722979938185,-0.8011771620977103,-0.16574424480366903,-0.1954173525558994,-0.07121747803331217,1.0,0.0,0.0,1.0,1.0,0.0,0.0,1.0,1.0,0.0,0.0,0.0,0.0,1.0,0.0,0.0,0.0,0.0,1.0,0.0,0.0,1.0,1.0,0.0,1.0,0.0,1.0,0.0,1.0,0.0
1.0566211509578187,-0.4775011415997428,-0.2976983184073204,0.5563179855977891,2.5725350158931213,-0.3840356986917804,0.09793108077017354,0.7839148807415693,0.7145598361838071,0.3103722979938185,0.4749689671975684,0.9370924610053615,0.5064622735791303,-0.7432514980203854,1.0,0.0,1.0,0.0,1.0,0.0,0.0,1.0,1.0,0.0,0.0,0.0,0.0,0.0,0.0,1.0,0.0,0.0,1.0,0.0,1.0,0.0,1.0,0.0,0.0,1.0,0.0,1.0,1.0,0.0
1.8787896327375908,0.41394883138682737,-0.2976983184073204,0.5563179855977891,-1.1191120069138742,4.36154829228522,-0.9393389379996216,-1.1084191802113352,-1.8728114776259317,-0.3750882239584872,0.0495869240991422,-2.003805421152053,-0.1954173525558994,3.2889526219020535,0.0,1.0,0.0,1.0,1.0,0.0,0.0,1.0,1.0,0.0,0.0,0.0,0.0,0.0,0.0,0.0,1.0,0.0,1.0,0.0,1.0,0.0,1.0,0.0,0.0,1.0,0.0,1.0,1.0,0.0
-0.5877158126017253,-0.4775011415997428,-1.2173734806299357,-0.7620794323257384,0.11143700068845773,-0.3840356986917804,1.1352010995399686,-0.16225214973488297,-0.14789726841943915,-1.7460092678630987,-0.8011771620977103,0.9370924610053615,0.5064622735791303,-0.7432514980203854,1.0,0.0,0.0,1.0,1.0,0.0,0.0,1.0,0.0,0.0,1.0,0.0,0.0,0.0,0.0,0.0,1.0,0.0,1.0,0.0,0.0,1.0,1.0,0.0,0.0,1.0,0.0,1.0,0.0,1.0
1.0566211509578187,1.3053988043733975,0.6219768438152948,-0.7620794323257384,-1.1191120069138742,-0.3840356986917804,1.1352010995399686,0.7839148807415693,0.7145598361838071,-1.060548745910793,0.9003510102959947,-0.5333564800733459,-0.1954173525558994,0.600816541953761,1.0,0.0,1.0,0.0,1.0,0.0,1.0,0.0,0.0,0.0,0.0,1.0,0.0,0.0,0.0,0.0,1.0,0.0,1.0,0.0,0.0,1.0,1.0,0.0,1.0,0.0,0.0,1.0,0.0,1.0
-0.5877158126017253,-0.4775011415997428,-0.2976983184073204,-0.7620794323257384,0.11143700068845773,1.1978256316338864,-0.9393389379996216,-2.0545862106877877,-1.0103543730226854,0.9958328199461243,1.7511150964928472,-1.2685809506126995,-0.5463571656234143,1.2728505619408341,1.0,0.0,0.0,1.0,1.0,0.0,0.0,1.0,1.0,0.0,0.0,0.0,0.0,0.0,0.0,1.0,0.0,0.0,0.0,1.0,1.0,0.0,1.0,0.0,0.0,1.0,0.0,1.0,0.0,1.0
-1.4098842943814975,-0.4775011415997428,-0.2976983184073204,-0.7620794323257384,-1.1191120069138742,-0.3840356986917804,0.09793108077017354,-1.1084191802113352,-1.0103543730226854,0.9958328199461243,0.9003510102959947,-0.16574424480366903,0.15552246051161547,0.600816541953761,0.0,1.0,0.0,1.0,1.0,0.0,0.0,1.0,0.0,0.0,1.0,0.0,0.0,0.0,0.0,1.0,0.0,0.0,1.0,0.0,0.0,1.0,1.0,0.0,1.0,0.0,0.0,1.0,0.0,1.0
0.23445266917804672,-1.368951114586313,-0.2976983184073204,-0.7620794323257384,-1.1191120069138742,4.36154829228522,-1.9766089567694167,-1.1084191802113352,-1.0103543730226854,0.9958328199461243,2.1764971395912736,-0.9009687153430227,-1.248236791758444,-0.7432514980203854,0.0,1.0,1.0,0.0,0.0,1.0,0.0,1.0,0.0,0.0,1.0,0.0,0.0,0.0,0.0,1.0,0.0,0.0,1.0,0.0,1.0,0.0,1.0,0.0,1.0,0.0,0.0,1.0,1.0,0.0
0.23445266917804672,1.3053988043733975,1.5416520060379102,-0.7620794323257384,0.11143700068845773,-0.3840356986917804,0.09793108077017354,0.7839148807415693,0.7145598361838071,0.9958328199461243,-0.8011771620977103,-0.16574424480366903,-0.8972969786909292,-1.4152855180074584,0.0,1.0,0.0,1.0,0.0,1.0,0.0,1.0,0.0,0.0,0.0,0.0,1.0,0.0,0.0,1.0,0.0,0.0,1.0,0.0,0.0,1.0,1.0,0.0,0.0,1.0,0.0,1.0,0.0,1.0
-1.4098842943814975,-1.368951114586313,-0.2976983184073204,-0.7620794323257384,0.11143700068845773,-0.3840356986917804,-0.9393389379996216,-1.1084191802113352,-0.14789726841943915,-1.7460092678630987,-0.8011771620977103,0.9370924610053615,0.8574020866466452,-0.07121747803331217,1.0,0.0,0.0,1.0,1.0,0.0,0.0,1.0,1.0,0.0,0.0,0.0,0.0,0.0,0.0,0.0,1.0,0.0,1.0,0.0,1.0,0.0,1.0,0.0,1.0,0.0,0.0,1.0,0.0,1.0
-0.5877158126017253,1.3053988043733975,1.5416520060379102,-0.7620794323257384,-1.1191120069138742,-0.3840356986917804,1.1352010995399686,-0.16225214973488297,-1.0103543730226854,0.9958328199461243,0.0495869240991422,0.9370924610053615,1.2083418997141602,0.600816541953761,0.0,1.0,0.0,1.0,1.0,0.0,0.0,1.0,0.0,0.0,0.0,1.0,0.0,0.0,0.0,0.0,1.0,0.0,1.0,0.0,1.0,0.0,0.0,1.0,0.0,1.0,0.0,1.0,0.0,1.0
1.0566211509578187,-1.368951114586313,-1.2173734806299357,0.5563179855977891,0.11143700068845773,-0.3840356986917804,0.09793108077017354,0.7839148807415693,-0.14789726841943915,-0.3750882239584872,-0.37579511899928403,0.5694802257356846,0.5064622735791303,-0.07121747803331217,1.0,0.0,0.0,1.0,0.0,1.0,0.0,1.0,0.0,0.0,1.0,0.0,0.0,0.0,0.0,1.0,0.0,0.0,1.0,0.0,0.0,1.0,1.0,0.0,1.0,0.0,0.0,1.0,1.0,0.0
-0.5877158126017253,1.3053988043733975,-0.2976983184073204,-0.7620794323257384,0.11143700068845773,-0.3840356986917804,0.09793108077017354,-1.1084191802113352,-0.14789726841943915,-0.3750882239584872,-0.8011771620977103,2.039929166814392,1.91022152584919,-0.07121747803331217,1.0,0.0,0.0,1.0,1.0,0.0,0.0,1.0,0.0,1.0,0.0,0.0,0.0,0.0,0.0,0.0,1.0,0.0,1.0,0.0,1.0,0.0,1.0,0.0,1.0,0.0,0.0,1.0,0.0,1.0
0.23445266917804672,0.41394883138682737,0.6219768438152948,-0.7620794323257384,1.3419860082907897,-0.3840356986917804,-0.9393389379996216,-1.1084191802113352,-0.14789726841943915,0.3103722979938185,-0.37579511899928403,1.3047046962750384,0.15552246051161547,-2.0873195379945315,1.0,0.0,0.0,1.0,1.0,0.0,0.0,1.0,0.0,0.0,1.0,0.0,0.0,0.0,0.0,1.0,0.0,0.0,1.0,0.0,1.0,0.0,1.0,0.0,0.0,1.0,0.0,1.0,1.0,0.0
-0.5877158126017253,1.3053988043733975,1.5416520060379102,-0.7620794323257384,1.3419860082907897,-0.3840356986917804,1.1352010995399686,-0.16225214973488297,-0.14789726841943915,0.9958328199461243,-0.8011771620977103,1.3047046962750384,0.5064622735791303,-1.4152855180074584,0.0,1.0,0.0,1.0,1.0,0.0,0.0,1.0,0.0,0.0,0.0,1.0,0.0,0.0,0.0,0.0,1.0,0.0,1.0,0.0,0.0,1.0,1.0,0.0,0.0,1.0,0.0,1.0,0.0,1.0
1.0566211509578187,-1.368951114586313,-1.2173734806299357,0.5563179855977891,-1.1191120069138742,1.1978256316338864,0.09793108077017354,0.7839148807415693,-0.14789726841943915,0.3103722979938185,-0.8011771620977103,-1.2685809506126995,-0.8972969786909292,0.600816541953761,0.0,1.0,1.0,0.0,1.0,0.0,0.0,1.0,0.0,0.0,1.0,0.0,0.0,0.0,0.0,1.0,0.0,0.0,1.0,0.0,1.0,0.0,1.0,0.0,0.0,1.0,1.0,0.0,0.0,1.0
0.23445266917804672,-0.4775011415997428,-0.2976983184073204,-0.7620794323257384,-1.1191120069138742,1.1978256316338864,-3.013878975539212,-1.1084191802113352,-1.8728114776259317,0.9958328199461243,-0.8011771620977103,-1.6361931858823764,-4.055755296298563,-4.775455617942824,0.0,1.0,0.0,1.0,1.0,0.0,0.0,1.0,0.0,0.0,1.0,0.0,0.0,0.0,0.0,1.0,0.0,0.0,1.0,0.0,1.0,0.0,1.0,0.0,0.0,1.0,0.0,1.0,1.0,0.0
-1.4098842943814975,-0.4775011415997428,-0.2976983184073204,1.8747154035213165,2.5725350158931213,-0.3840356986917804,1.1352010995399686,0.7839148807415693,1.5770169407870533,0.9958328199461243,0.9003510102959947,0.5694802257356846,0.8574020866466452,0.600816541953761,0.0,1.0,0.0,1.0,0.0,1.0,1.0,0.0,0.0,0.0,1.0,0.0,0.0,0.0,0.0,1.0,0.0,0.0,1.0,0.0,0.0,1.0,1.0,0.0,0.0,1.0,0.0,1.0,1.0,0.0
0.23445266917804672,-0.4775011415997428,-1.2173734806299357,1.8747154035213165,-1.1191120069138742,-0.3840356986917804,-0.9393389379996216,-1.1084191802113352,-1.0103543730226854,0.9958328199461243,0.9003510102959947,-0.16574424480366903,-0.5463571656234143,-0.7432514980203854,1.0,0.0,0.0,1.0,0.0,1.0,1.0,0.0,0.0,0.0,1.0,0.0,0.0,0.0,0.0,1.0,0.0,0.0,1.0,0.0,0.0,1.0,1.0,0.0,1.0,0.0,0.0,1.0,0.0,1.0
-0.5877158126017253,0.41394883138682737,1.5416520060379102,-0.7620794323257384,0.11143700068845773,-0.3840356986917804,-1.9766089567694167,0.7839148807415693,-0.14789726841943915,-0.3750882239584872,2.1764971395912736,0.20186799046600779,-0.1954173525558994,-0.7432514980203854,1.0,0.0,0.0,1.0,1.0,0.0,0.0,1.0,1.0,0.0,0.0,0.0,0.0,0.0,0.0,1.0,0.0,0.0,1.0,0.0,0.0,1.0,1.0,0.0,1.0,0.0,0.0,1.0,0.0,1.0
0.23445266917804672,-1.368951114586313,-2.137048642852551,0.5563179855977891,0.11143700068845773,-0.3840356986917804,0.09793108077017354,0.7839148807415693,1.5770169407870533,0.3103722979938185,-0.5884861405484971,-0.16574424480366903,-0.8972969786909292,-1.4152855180074584,1.0,0.0,0.0,1.0,1.0,0.0,1.0,0.0,0.0,0.0,1.0,0.0,0.0,0.0,0.0,1.0,0.0,0.0,1.0,0.0,1.0,0.0,1.0,0.0,1.0,0.0,0.0,1.0,0.0,1.0
-0.5877158126017253,-2.260401087572883,-0.2976983184073204,0.5563179855977891,-1.1191120069138742,-0.3840356986917804,-0.9393389379996216,-1.1084191802113352,-0.14789726841943915,-1.060548745910793,-0.8011771620977103,0.20186799046600779,-0.1954173525558994,-0.7432514980203854,1.0,0.0,1.0,0.0,1.0,0.0,0.0,1.0,0.0,0.0,1.0,0.0,0.0,0.0,0.0,1.0,0.0,0.0,1.0,0.0,0.0,1.0,1.0,0.0,0.0,1.0,0.0,1.0,1.0,0.0
1.0566211509578187,-0.4775011415997428,0.6219768438152948,0.5563179855977891,-1.1191120069138742,-0.3840356986917804,1.1352010995399686,-1.1084191802113352,-0.14789726841943915,0.3103722979938185,-0.8011771620977103,-0.5333564800733459,-0.5463571656234143,-0.07121747803331217,1.0,0.0,0.0,1.0,1.0,0.0,0.0,1.0,1.0,0.0,0.0,0.0,0.0,0.0,0.0,0.0,1.0,0.0,1.0,0.0,0.0,1.0,1.0,0.0,1.0,0.0,0.0,1.0,0.0,1.0
-1.4098842943814975,0.41394883138682737,1.5416520060379102,-0.7620794323257384,0.11143700068845773,-0.3840356986917804,1.1352010995399686,0.7839148807415693,0.7145598361838071,-1.7460092678630987,-0.8011771620977103,1.672316931544715,1.559281712781675,-0.07121747803331217,0.0,1.0,0.0,1.0,1.0,0.0,1.0,0.0,0.0,0.0,0.0,1.0,0.0,0.0,0.0,1.0,0.0,0.0,1.0,0.0,0.0,1.0,1.0,0.0,0.0,1.0,0.0,1.0,0.0,1.0
-1.4098842943814975,1.3053988043733975,1.5416520060379102,-0.7620794323257384,1.3419860082907897,-0.3840356986917804,0.09793108077017354,-0.16225214973488297,-0.14789726841943915,0.9958328199461243,0.0495869240991422,0.5694802257356846,0.8574020866466452,0.600816541953761,1.0,0.0,0.0,1.0,1.0,0.0,0.0,1.0,0.0,0.0,0.0,1.0,0.0,1.0,0.0,0.0,0.0,0.0,1.0,0.0,0.0,1.0,1.0,0.0,0.0,1.0,0.0,1.0,0.0,1.0
1.0566211509578187,-1.368951114586313,-0.2976983184073204,0.5563179855977891,0.11143700068845773,2.7796869619595532,0.09793108077017354,-0.16225214973488297,-0.14789726841943915,0.9958328199461243,-0.37579511899928403,-2.003805421152053,-1.248236791758444,1.2728505619408341,1.0,0.0,0.0,1.0,1.0,0.0,1.0,0.0,1.0,0.0,0.0,0.0,0.0,0.0,0.0,1.0,0.0,0.0,1.0,0.0,0.0,1.0,1.0,0.0,1.0,0.0,0.0,1.0,1.0,0.0
1.0566211509578187,-0.4775011415997428,-0.2976983184073204,-0.7620794323257384,0.11143700068845773,-0.3840356986917804,-0.9393389379996216,-1.1084191802113352,-0.14789726841943915,0.9958328199461243,0.0495869240991422,-0.16574424480366903,-0.1954173525558994,-0.07121747803331217,1.0,0.0,1.0,0.0,1.0,0.0,0.0,1.0,0.0,0.0,1.0,0.0,0.0,0.0,0.0,1.0,0.0,0.0,0.0,1.0,1.0,0.0,1.0,0.0,1.0,0.0,0.0,1.0,1.0,0.0
0.23445266917804672,-0.4775011415997428,-0.2976983184073204,1.8747154035213165,2.5725350158931213,1.1978256316338864,-3.013878975539212,-0.16225214973488297,1.5770169407870533,-0.3750882239584872,-0.37579511899928403,-0.5333564800733459,-1.248236791758444,-1.4152855180074584,0.0,1.0,1.0,0.0,0.0,1.0,0.0,1.0,0.0,0.0,0.0,1.0,0.0,0.0,0.0,0.0,1.0,0.0,1.0,0.0,0.0,1.0,1.0,0.0,1.0,0.0,0.0,1.0,1.0,0.0
1.0566211509578187,-1.368951114586313,-1.2173734806299357,0.5563179855977891,1.3419860082907897,-0.3840356986917804,1.1352010995399686,-0.16225214973488297,-1.0103543730226854,0.3103722979938185,-0.8011771620977103,2.7751536373537458,1.91022152584919,-1.4152855180074584,1.0,0.0,0.0,1.0,0.0,1.0,0.0,1.0,1.0,0.0,0.0,0.0,0.0,0.0,0.0,0.0,1.0,0.0,1.0,0.0,1.0,0.0,1.0,0.0,1.0,0.0,0.0,1.0,0.0,1.0
0.2144608479740904,-0.49917760921820464,-1.2173734806299357,0.5563179855977891,-1.0891900185527572,1.1593611446264727,-0.9393389379996216,-0.13924518398326918,-1.0103543730226854,0.9958328199461243,0.869320283854421,-1.2596421038400902,-1.2397033510444337,-0.07121747803331217,0.0,1.0,0.9756840335685462,0.02431596643145384,0.0,1.0,0.0,1.0,0.9756840335685462,0.0,0.02431596643145384,0.0,0.0,0.0,0.0,1.0,0.0,0.0,1.0,0.0,0.9756840335685462,0.02431596643145384,0.02431596643145384,0.9756840335685462,0.02431596643145384,0.9756840335685462,0.9756840335685462,0.02431596643145384,0.0,1.0
-0.057028835044825366,0.09790511915028133,0.8895513584899367,-0.294671022667392,-0.3248267137505101,0.6370119660002946,1.1352010995399686,0.7839148807415693,0.40879489901026667,0.752818074852099,0.7495412911939915,-1.3989096723792922,-1.021714864892523,0.600816541953761,0.0,1.0,0.3545277040928322,0.6454722959071678,1.0,0.0,0.0,1.0,0.0,0.0,0.0,1.0,0.0,0.0,0.0,0.6454722959071678,0.3545277040928322,0.0,1.0,0.0,0.0,1.0,1.0,0.0,0.0,1.0,0.0,1.0,0.0,1.0
0.08883785078296935,0.5718341417598742,1.5416520060379102,-0.7620794323257384,-0.10650637009166113,0.9176610966921693,0.9514895017870878,0.9514911663418038,0.8673101999395243,0.874430441196441,1.0510304156174364,-1.2034728978657432,-0.8972969786909292,0.4817921400892002,0.0,1.0,0.0,1.0,1.0,0.0,0.0,1.0,0.0,0.0,0.0,1.0,0.0,0.0,0.0,0.8228893205929511,0.17711067940704894,0.0,0.8228893205929511,0.17711067940704894,0.0,1.0,1.0,0.0,0.0,1.0,0.0,1.0,0.0,1.0
0.18549959387246395,0.4670270247570041,1.5416520060379102,-0.7620794323257384,0.03816837075269852,1.1036393686689139,1.0734405742141357,0.8402510051747366,0.7659117531267711,0.9550195300988937,0.9510067083698546,-1.2466927977155535,-0.8972969786909292,0.5608026850407287,0.0,1.0,0.0,1.0,1.0,0.0,0.0,1.0,0.0,0.0,0.0,1.0,0.0,0.0,0.0,0.9404585843529143,0.059541415647085705,0.0,0.9404585843529143,0.059541415647085705,0.0,1.0,1.0,0.0,0.0,1.0,0.0,1.0,0.0,1.0
-0.5119588688032926,-0.4364307728132465,-1.2173734806299357,-0.7620794323257384,-1.0624188630655809,-0.3840356986917804,1.1352010995399686,0.7403236192542829,-0.14789726841943915,0.9642526782912324,-0.35619716295619275,-0.5672293176536132,-1.248236791758444,-1.3533623908005061,1.0,0.0,1.0,0.0,0.046071422997412625,0.9539285770025874,0.0,1.0,0.0,0.0,1.0,0.0,0.0,0.0,0.0,1.0,0.0,0.0,1.0,0.0,0.046071422997412625,0.9539285770025874,1.0,0.0,0.9539285770025874,0.046071422997412625,0.0,1.0,0.0,1.0
0.9866253359199698,-1.368951114586313,-1.2173734806299357,0.6685605537044947,-1.1191120069138742,1.1978256316338864,1.1352010995399686,-0.24280465682780328,-0.2947488914376466,0.7624044218812478,-0.41201027862774,-0.9322656071551305,-1.5692991298445342,-1.3008574658390528,0.08513560977955148,0.9148643902204485,1.0,0.0,1.0,0.0,0.0,1.0,0.0,0.0,0.08513560977955148,0.9148643902204485,0.0,0.0,0.0,0.9148643902204485,0.08513560977955148,0.0,1.0,0.0,0.0,1.0,1.0,0.0,1.0,0.0,0.9148643902204485,0.08513560977955148,0.0,1.0
-1.1055514777749051,-0.8074791049432026,-1.2173734806299357,-0.27406315768703154,0.11143700068845773,-0.3840356986917804,-0.2860234411915943,0.7839148807415693,-1.0103543730226854,-0.2993612182639409,-0.6437182979123914,-0.9009687153430227,-0.6762605906963742,0.3520573025879047,0.6298412997445556,0.3701587002554444,0.0,1.0,0.6298412997445556,0.3701587002554444,0.0,1.0,0.6298412997445556,0.0,0.3701587002554444,0.0,0.0,0.0,0.0,1.0,0.0,0.0,0.3701587002554444,0.6298412997445556,0.0,1.0,1.0,0.0,1.0,0.0,0.0,1.0,0.0,1.0
0.22174472623305566,-0.4912799419868654,-1.2173734806299357,0.5563179855977891,-1.1000918827833865,1.1733754076491985,-0.9393389379996216,-0.14762760877255124,-1.0103543730226854,0.9958328199461243,0.8806261089406792,-1.2628989092608163,-1.242812449643147,-0.07121747803331217,0.0,1.0,0.9845433834711326,0.015456616528867428,0.0,1.0,0.0,1.0,0.9845433834711326,0.0,0.015456616528867428,0.0,0.0,0.0,0.0,1.0,0.0,0.0,1.0,0.0,0.9845433834711326,0.015456616528867428,0.015456616528867428,0.9845433834711326,0.015456616528867428,0.9845433834711326,0.9845433834711326,0.015456616528867428,0.0,1.0
0.2933868877470883,-0.41360072615493204,-1.1514498430494517,1.7802107815239268,-1.1191120069138742,-0.3840356986917804,1.0608480936098925,1.662259298441366,1.5770169407870533,-0.2768186329526686,0.9003510102959947,-1.2949319240471693,-0.5966689061151631,1.2246781973982115,0.0,1.0,0.9283185625877254,0.07168143741227462,1.0,0.0,0.0,1.0,0.0,0.0,0.9283185625877254,0.07168143741227462,0.0,0.0,0.0,1.0,0.0,0.0,1.0,0.0,1.0,0.0,1.0,0.0,0.07168143741227462,0.9283185625877254,1.0,0.0,0.9283185625877254,0.07168143741227462
0.7045816398136078,-0.8592058890504901,-1.2173734806299357,-0.7620794323257384,-1.1191120069138742,2.1023590154779637,-0.05105377887556284,-0.29815173199037104,1.2077264799922955,0.9958328199461243,-0.31469677156801523,-1.793598917752347,-1.5487705216963468,0.3130622274653351,0.42818414831731433,0.5718158516826857,0.42818414831731433,0.5718158516826857,1.0,0.0,0.0,1.0,0.0,0.0,0.42818414831731433,0.5718158516826857,0.0,0.0,0.0,0.42818414831731433,0.5718158516826857,0.0,1.0,0.0,0.5718158516826857,0.42818414831731433,1.0,0.0,1.0,0.0,1.0,0.0,0.0,1.0
0.974375080553205,-0.44777558093698977,1.5109852713325544,-0.7620794323257384,0.11143700068845773,1.1450781793263556,-2.011196913245872,-0.16225214973488297,-1.0103543730226854,-1.7460092678630987,1.0138265399175195,-1.256322854105871,-2.2659497762464373,-2.042501345983973,1.0,0.0,0.0,1.0,1.0,0.0,1.0,0.0,0.0,0.0,0.9666548190436696,0.033345180956330434,0.0,0.0,0.0,0.0,1.0,0.0,1.0,0.0,0.033345180956330434,0.9666548190436696,1.0,0.0,1.0,0.0,0.0,1.0,0.033345180956330434,0.9666548190436696
-1.3799737861778554,-1.368951114586313,-1.2173734806299357,0.5563179855977891,-1.0743446058245043,1.3129219345116319,0.060195173722697226,0.7839148807415693,-0.14789726841943915,-1.0854858154038305,0.018636107151659864,-1.9904316796106714,-1.5991766048259588,0.5763679289098298,1.0,0.0,1.0,0.0,0.036380022910747156,0.9636199770892528,0.0,1.0,0.036380022910747156,0.0,0.9636199770892528,0.0,0.0,0.0,0.0,0.036380022910747156,0.9636199770892528,0.0,0.9636199770892528,0.036380022910747156,0.0,1.0,1.0,0.0,1.0,0.0,0.0,1.0,0.036380022910747156,0.9636199770892528
1.0566211509578187,-0.2154317076939365,-0.2976983184073204,0.5563179855977891,-1.1191120069138742,1.1978256316338864,1.1352010995399686,1.591004304189457,1.323470861903703,-0.3750882239584872,-0.8011771620977103,-1.3226164732518502,-1.898531583672497,-1.2177202249227406,0.8530094554673601,0.14699054453263993,1.0,0.0,1.0,0.0,0.0,1.0,0.0,0.0,1.0,0.0,0.0,0.0,0.0,1.0,0.0,0.0,1.0,0.0,1.0,0.0,0.8530094554673601,0.14699054453263993,1.0,0.0,0.8530094554673601,0.14699054453263993,0.14699054453263993,0.8530094554673601
1.6367030341830036,-0.8439782008235975,-1.2173734806299357,0.16811732658280393,0.11143700068845773,0.732048315511773,0.403354088573938,-0.16225214973488297,-0.14789726841943915,-0.17325513271219084,0.0495869240991422,-1.5279501704959961,-1.248236791758444,0.40293686933549755,1.0,0.0,1.0,0.0,1.0,0.0,0.0,1.0,0.7055511079304143,0.0,0.2944488920695857,0.0,0.0,0.0,0.0,1.0,0.0,0.0,1.0,0.0,0.2944488920695857,0.7055511079304143,1.0,0.0,0.7055511079304143,0.2944488920695857,0.0,1.0,0.0,1.0
0.7400059360963351,-1.368951114586313,-0.6518631344308567,-0.7620794323257384,-0.36244462707255354,1.1978256316338864,-0.14043828164937266,0.7839148807415693,0.7145598361838071,0.9958328199461243,0.3758805682115818,-1.3256686257689099,-1.5185290415350126,-0.4844527233801426,1.0,0.0,0.38509772860192526,0.6149022713980747,1.0,0.0,0.0,1.0,0.0,0.0,1.0,0.0,0.0,0.0,0.0,1.0,0.0,0.0,1.0,0.0,0.0,1.0,1.0,0.0,0.38509772860192526,0.6149022713980747,0.38509772860192526,0.6149022713980747,0.0,1.0
0.11206193240637752,0.41394883138682737,-0.2976983184073204,0.5563179855977891,-0.9359283857805625,4.126067149454169,-0.2108918542895144,1.7300819112180217,-0.6251896672271646,-1.1625886807524057,1.2624092665818294,-1.4327528934128166,-1.7036607421669234,-0.6432102769512026,0.1488633284831431,0.8511366715168569,0.0,1.0,1.0,0.0,0.1488633284831431,0.8511366715168569,0.0,0.0,0.0,1.0,0.0,0.1488633284831431,0.0,0.0,0.8511366715168569,0.0,1.0,0.0,0.0,1.0,1.0,0.0,0.0,1.0,0.8511366715168569,0.1488633284831431,1.0,0.0
0.7960578671358809,0.13142871845141402,-0.2976983184073204,-0.7620794323257384,-1.1191120069138742,1.1978256316338864,-2.30534265100643,-0.46211330224624114,-1.8728114776259317,0.9958328199461243,-0.8011771620977103,-2.389516671526465,-4.055755296298563,-3.3983006654242165,0.0,1.0,0.6830779948437223,0.31692200515627766,1.0,0.0,0.0,1.0,0.0,0.0,0.31692200515627766,0.6830779948437223,0.0,0.0,0.0,1.0,0.0,0.0,1.0,0.0,1.0,0.0,1.0,0.0,0.6830779948437223,0.31692200515627766,0.6830779948437223,0.31692200515627766,0.31692200515627766,0.6830779948437223
-1.2705327001659095,-1.368951114586313,-1.2173734806299357,0.7797767851855,-0.9105428756835097,0.929711609880473,0.09793108077017354,0.6235464319222916,-0.29407749197757793,-0.7120069860790563,0.12168609497483623,-2.003805421152053,-1.5396948519876419,0.7147214338678664,1.0,0.0,0.8305072533139075,0.1694927466860925,0.0,1.0,0.0,1.0,0.1694927466860925,0.0,0.8305072533139075,0.0,0.0,0.0,0.0,0.1694927466860925,0.8305072533139075,0.0,1.0,0.0,0.0,1.0,1.0,0.0,1.0,0.0,0.0,1.0,0.0,1.0
0.9632207355207065,-0.8725906442089285,-0.7052971892527955,1.8747154035213165,-0.5737342402613906,1.8989045762001768,0.5576478435787502,0.364574847330874,1.194777040843068,0.692037581982222,-0.6126483776236,-0.8592070372261154,-1.0528330607955543,-0.4454068687770747,0.44319873754164985,0.5568012624583502,0.5568012624583502,0.44319873754164985,0.5568012624583502,0.44319873754164985,0.44319873754164985,0.5568012624583502,0.0,0.0,1.0,0.0,0.0,0.0,0.0,1.0,0.0,0.0,1.0,0.0,0.0,1.0,1.0,0.0,1.0,0.0,0.0,1.0,0.0,1.0
-0.5877158126017253,-1.368951114586313,-1.1586566121991124,0.47214460470461816,0.19000167998505546,-0.28304140481081075,-1.0717884152088388,0.7235066329991771,-1.0103543730226854,0.9520694381182103,-0.3622158126945003,-0.9009687153430227,-0.919702810312198,-0.11412364181102508,0.06384522583921903,0.936154774160781,0.0,1.0,0.06384522583921903,0.936154774160781,0.0,1.0,0.0,0.0,1.0,0.0,0.0,0.0,0.0,0.936154774160781,0.06384522583921903,0.0,1.0,0.0,0.0,1.0,1.0,0.0,1.0,0.0,0.0,1.0,0.06384522583921903,0.936154774160781
1.0566211509578187,0.14297460184400979,0.9015306898690804,0.15556445440838373,-0.7450617748715832,1.1978256316338864,-0.5326672762466447,-1.4793730414210593,-1.6106502161805687,-0.7918073724167303,1.7885867411969414,-1.2685809506126995,-1.8125270974919176,-1.1518081334139971,1.0,0.0,0.0,1.0,1.0,0.0,0.303970203325027,0.696029796674973,0.0,0.0,1.0,0.0,0.0,0.0,0.0,0.696029796674973,0.303970203325027,0.0,1.0,0.0,0.696029796674973,0.303970203325027,1.0,0.0,1.0,0.0,0.696029796674973,0.303970203325027,0.0,1.0
-1.056402139335699,-1.368951114586313,-1.2173734806299357,1.123148228817033,-0.5900512064376345,0.5177220221927887,0.09793108077017354,0.3771209347585033,-0.5187010668206731,-0.17643046163647058,0.2324751819738749,-2.003805421152053,-1.4482939522266545,0.8897500621671435,1.0,0.0,0.570061170089365,0.42993882991063503,0.0,1.0,0.0,1.0,0.42993882991063503,0.0,0.570061170089365,0.0,0.0,0.0,0.0,0.42993882991063503,0.570061170089365,0.0,1.0,0.0,0.0,1.0,1.0,0.0,1.0,0.0,0.0,1.0,0.0,1.0
0.314348119526241,-0.39087315885286156,-0.2976983184073204,-0.7620794323257384,-1.1191120069138742,1.1978256316338864,-2.913080712021624,-1.0164739856681337,-1.8728114776259317,0.9958328199461243,-0.8011771620977103,-1.7433629901546026,-4.055755296298563,-4.579537888671769,0.0,1.0,0.09717649377076854,0.9028235062292315,1.0,0.0,0.0,1.0,0.0,0.0,0.9028235062292315,0.09717649377076854,0.0,0.0,0.0,1.0,0.0,0.0,1.0,0.0,1.0,0.0,1.0,0.0,0.09717649377076854,0.9028235062292315,0.09717649377076854,0.9028235062292315,0.9028235062292315,0.09717649377076854
2.322736846641529,-0.1342993442406929,-1.2173734806299357,-0.7620794323257384,-0.36231547443094847,4.36154829228522,1.1352010995399686,0.7839148807415693,1.5770169407870533,-0.05975656939248708,1.4895020658792575,-0.9579406419407164,-1.0324062705854666,-0.22579501580572747,0.6150072266991697,0.38499277330083026,0.0,1.0,1.0,0.0,0.0,1.0,0.0,0.0,0.0,1.0,0.0,0.0,0.0,0.6150072266991697,0.38499277330083026,0.0,1.0,0.0,0.38499277330083026,0.6150072266991697,1.0,0.0,0.38499277330083026,0.6150072266991697,1.0,0.0,0.0,1.0
1.0647985619171507,-0.4775011415997428,-1.2173734806299357,-0.7489664539849186,0.09919777580479483,4.36154829228522,1.1248842564509305,0.7839148807415693,1.5598606855049995,0.9958328199461243,1.313040312703586,-0.540669132864344,-0.8972969786909292,-0.7298831958247334,0.9900538501042633,0.009946149895736722,0.0,1.0,1.0,0.0,0.0,1.0,0.009946149895736722,0.0,0.0,0.9900538501042633,0.0,0.0,0.0,1.0,0.0,0.0,1.0,0.0,0.009946149895736722,0.9900538501042633,1.0,0.0,0.0,1.0,1.0,0.0,0.0,1.0
-0.5877158126017253,0.41394883138682737,-1.0885416911924901,-0.7620794323257384,-1.1191120069138742,-0.3840356986917804,-0.9393389379996216,-2.0545862106877877,-0.14789726841943915,-1.5539651434606938,-0.7415879374909666,-1.3200775485793497,-1.9501164178934738,-1.3211442941121267,1.0,0.0,0.0,1.0,1.0,0.0,0.0,1.0,0.0,0.0,0.859915984763476,0.14008401523652403,0.0,0.14008401523652403,0.0,0.859915984763476,0.0,0.0,1.0,0.0,1.0,0.0,1.0,0.0,0.14008401523652403,0.859915984763476,0.0,1.0,0.0,1.0
-0.16156150925639484,-1.368951114586313,-0.7743932255297318,-0.7620794323257384,-0.5263930386386002,0.4358899347435606,0.6355788890064481,0.7839148807415693,1.1299798495794178,0.33550080414672123,-0.8011771620977103,-1.649669594836675,-1.4430045126145683,0.2524813819972569,1.0,0.0,1.0,0.0,0.5183296523637367,0.48167034763626326,0.0,1.0,0.48167034763626326,0.0,0.5183296523637367,0.0,0.0,0.0,0.0,1.0,0.0,0.0,1.0,0.0,0.48167034763626326,0.5183296523637367,1.0,0.0,0.5183296523637367,0.48167034763626326,1.0,0.0,0.0,1.0
0.03281267862142623,0.3046330596695772,-1.2173734806299357,-0.7620794323257384,0.11143700068845773,-0.3840356986917804,0.09793108077017354,1.6140563548276456,0.503038905520995,-1.6619533497414272,1.0649165873835709,-1.2235017914798814,-0.8542623074762823,0.600816541953761,1.0,0.0,0.8773730719279554,0.12262692807204456,1.0,0.0,0.0,1.0,1.0,0.0,0.0,0.0,0.0,0.0,0.0,1.0,0.0,0.0,0.8773730719279554,0.12262692807204456,0.0,1.0,1.0,0.0,0.12262692807204456,0.8773730719279554,0.0,1.0,0.0,1.0
-0.8008476845724228,-0.7085929503000284,-1.2173734806299357,-0.42030944732813447,-1.1191120069138742,-0.3840356986917804,1.1352010995399686,0.2933625064499483,-0.5950491631274515,0.8181399413655035,-0.48606749401422966,-0.6286531079527709,-1.0662875661052982,-0.8926485942551154,1.0,0.0,1.0,0.0,0.0,1.0,0.0,1.0,0.25923138224579556,0.0,0.7407686177542044,0.0,0.0,0.0,0.0,1.0,0.0,0.0,1.0,0.0,0.0,1.0,1.0,0.0,1.0,0.0,0.25923138224579556,0.7407686177542044,0.25923138224579556,0.7407686177542044
0.23445266917804672,0.14385352188170308,-0.2976983184073204,0.955771650341101,-0.26139997854894315,2.3004078789425915,0.09793108077017354,0.7839148807415693,0.9758707629453883,0.04027927268294518,-0.2081812021450491,-1.3020510237696077,-1.6311287002409132,-0.7432514980203854,0.0,1.0,1.0,0.0,1.0,0.0,0.0,1.0,0.0,0.0,1.0,0.0,0.0,0.0,0.0,1.0,0.0,0.0,0.302984259004732,0.697015740995268,0.0,1.0,1.0,0.0,1.0,0.0,0.0,1.0,0.0,1.0
-0.09849939465445234,0.7749576937878653,1.5416520060379102,-0.7620794323257384,0.11143700068845773,0.08659322400543035,-0.5192775988038343,-0.16225214973488297,0.20137040518808647,-0.7829590541171161,0.30270278051486876,-1.2685809506126995,-1.561467331608967,-0.6710399291781504,1.0,0.0,0.0,1.0,1.0,0.0,0.29751591601289074,0.7024840839871093,0.0,0.7024840839871093,0.29751591601289074,0.0,0.0,0.0,0.7024840839871093,0.0,0.29751591601289074,0.0,1.0,0.0,0.0,1.0,1.0,0.0,1.0,0.0,0.0,1.0,0.0,1.0
-0.5877158126017253,1.3053988043733975,1.5416520060379102,-0.7620794323257384,-0.33093447868683185,-0.3840356986917804,0.09793108077017354,0.518025200329431,1.024605533595285,-0.12867123180615855,0.6612712456258013,-1.1364276049531359,-1.1220770343499575,-0.07121747803331217,0.6405088487802448,0.35949115121975517,0.0,1.0,1.0,0.0,0.0,1.0,0.0,0.6405088487802448,0.0,0.35949115121975517,0.0,0.0,0.6405088487802448,0.0,0.35949115121975517,0.0,0.6405088487802448,0.35949115121975517,0.0,1.0,1.0,0.0,0.6405088487802448,0.35949115121975517,0.0,1.0,0.0,1.0
1.2980031118196804,0.15222638974816743,0.08195858981292536,-0.37500870292402394,-0.24984215191135295,3.244108547300551,0.09793108077017354,0.7839148807415693,1.070596196908089,0.02740301366247222,0.800820285469545,-2.3073180751833378,-1.1452037248141158,2.025007479905522,0.0,1.0,0.0,1.0,1.0,0.0,0.0,1.0,1.0,0.0,0.0,0.0,0.0,0.7064081557355066,0.0,0.29359184426449336,0.0,0.0,1.0,0.0,0.29359184426449336,0.7064081557355066,1.0,0.0,0.0,1.0,1.0,0.0,0.0,1.0
-0.5877158126017253,-0.6474461343986128,-0.12237250814609046,0.30498022522473656,-1.1191120069138742,-0.08247148248527392,1.1352010995399686,0.6035386913272125,-0.14789726841943915,0.04902149425365354,0.3127802848446222,-1.4960308423548323,-1.248236791758444,0.34458496385483073,0.0,1.0,0.8093611554785136,0.19063884452148638,1.0,0.0,0.0,1.0,0.19063884452148638,0.0,0.0,0.8093611554785136,0.0,0.0,0.0,0.0,1.0,0.0,1.0,0.0,0.19063884452148638,0.8093611554785136,1.0,0.0,0.19063884452148638,0.8093611554785136,0.19063884452148638,0.8093611554785136,0.0,1.0
-1.097646730367632,-1.368951114586313,-1.2173734806299357,0.8066639957510211,-1.1191120069138742,-0.08366142058796444,1.1352010995399686,-1.1084191802113352,-1.8728114776259317,-0.08010701679106202,-0.8011771620977103,-0.9707733547727799,-0.6796347051740409,0.473206283238312,1.0,0.0,1.0,0.0,0.18988660532081925,0.8101133946791808,0.0,1.0,0.8101133946791808,0.0,0.18988660532081925,0.0,0.0,0.0,0.0,0.8101133946791808,0.18988660532081925,0.0,1.0,0.0,0.0,1.0,1.0,0.0,1.0,0.0,0.8101133946791808,0.18988660532081925,0.8101133946791808,0.18988660532081925
-0.478426862582224,1.1869004263624636,1.5416520060379102,-0.7620794323257384,-0.9555379804597419,-0.17376253972379674,0.23581297937161483,1.6043101216208386,1.4623725175480269,0.40148897588181043,1.638024999079383,-0.9498345574390062,-0.8972969786909292,0.0181144460788617,0.0,1.0,0.0,1.0,1.0,0.0,0.0,1.0,0.0,0.0,0.0,1.0,0.0,0.0,0.0,0.1329276814198963,0.8670723185801037,0.0,0.1329276814198963,0.8670723185801037,0.0,1.0,1.0,0.0,0.0,1.0,0.0,1.0,0.0,1.0
-0.5163849294170274,-0.5548428486796062,-0.3774888273092921,0.6707014170878094,-1.1191120069138742,-0.2467942837404402,1.1352010995399686,0.6197370232347266,-0.2975498720976857,0.1319617696070141,0.3642512341627121,-1.6042993514768988,-1.248236791758444,0.5425112417164292,0.0867594474435287,0.9132405525564713,1.0,0.0,1.0,0.0,0.0,1.0,0.0,0.0,0.0867594474435287,0.9132405525564713,0.0,0.0,0.0,0.0,1.0,0.0,1.0,0.0,0.0,1.0,1.0,0.0,0.0867594474435287,0.9132405525564713,0.0,1.0,0.0,1.0
-0.1859569345630772,0.3937264690704556,-1.2173734806299357,-0.0879269339926555,-0.4898801254505514,-0.3840356986917804,-0.40893879833534463,-1.1084191802113352,-1.0103543730226854,0.9958328199461243,-0.5836612877473941,-1.0806052283792715,-1.0847083832326707,-0.1017073896445635,0.4886576011390622,0.5113423988609378,0.0,1.0,1.0,0.0,0.0,1.0,0.0,1.0,0.0,0.0,0.0,0.4886576011390622,0.0,0.0,0.5113423988609378,0.0,1.0,0.0,0.5113423988609378,0.4886576011390622,1.0,0.0,1.0,0.0,0.0,1.0,0.4886576011390622,0.5113423988609378
-0.17538492201093364,-0.9245778289509716,-1.2173734806299357,-0.7620794323257384,-1.1191120069138742,0.4092935344021123,1.1352010995399686,0.7839148807415693,0.2846390230078315,0.9958328199461243,-0.5891311450804775,-1.2708105845298554,-1.6002408611741212,-0.7412134947921377,1.0,0.0,1.0,0.0,0.5015162946871996,0.4984837053128004,0.0,1.0,0.0,0.0,1.0,0.0,0.0,0.0,0.0,1.0,0.0,0.0,1.0,0.0,0.0,1.0,1.0,0.0,1.0,0.0,0.5015162946871996,0.4984837053128004,0.0,1.0
0.8907858044812716,-0.6573108988610721,-1.2173734806299357,0.2903908703648582,-1.1191120069138742,-0.06496664215906267,0.30715344426926494,0.7839148807415693,0.026064487513391854,0.9958328199461243,-0.8011771620977103,-1.7103423460070704,-1.6699628570141754,-0.07121747803331217,0.20170482103322485,0.7982951789667752,1.0,0.0,1.0,0.0,0.0,1.0,0.0,0.0,1.0,0.0,0.0,0.0,0.0,1.0,0.0,0.0,1.0,0.0,0.7982951789667752,0.20170482103322485,1.0,0.0,0.20170482103322485,0.7982951789667752,0.20170482103322485,0.7982951789667752,0.0,1.0
0.4810439037566109,-1.0569114701338265,-1.2173734806299357,0.0948313357550935,-1.1191120069138742,0.6441171095120348,1.1352010995399686,0.1689404384407689,-0.14789726841943915,0.9958328199461243,-0.37579511899928403,-0.7722911735112257,-1.47633501212622,-1.4152855180074584,0.35003606922223485,0.6499639307777652,1.0,0.0,0.6499639307777652,0.35003606922223485,0.0,1.0,0.0,0.0,0.35003606922223485,0.6499639307777652,0.0,0.0,0.0,1.0,0.0,0.0,1.0,0.0,0.0,1.0,1.0,0.0,1.0,0.0,0.6499639307777652,0.35003606922223485,0.0,1.0
0.5665542708675818,-0.4775011415997428,-1.2173734806299357,0.5563179855977891,-0.752367643490717,-0.3840356986917804,0.09793108077017354,0.21993665128416362,-0.4049380525356242,0.9958328199461243,-0.6743992234345881,-1.417071941010981,-1.5991766048259588,-0.47179427316492495,0.0,1.0,0.7019668772577033,0.29803312274229665,1.0,0.0,0.0,1.0,0.0,0.29803312274229665,0.7019668772577033,0.0,0.0,0.0,0.0,0.7019668772577033,0.29803312274229665,0.0,1.0,0.0,1.0,0.0,1.0,0.0,0.29803312274229665,0.7019668772577033,0.0,1.0,0.0,1.0
1.7108968017995698,-1.368951114586313,-1.2173734806299357,0.8255444029342898,0.11143700068845773,1.520853311221949,-0.11388706083677169,0.030962093826284565,0.028222794637459137,-0.09513609716885296,0.00615385835366869,-1.6361931858823764,-1.248236791758444,0.600816541953761,1.0,0.0,0.795792669436101,0.20420733056389895,1.0,0.0,0.0,1.0,0.795792669436101,0.0,0.20420733056389895,0.0,0.0,0.0,0.0,1.0,0.0,0.0,1.0,0.0,0.20420733056389895,0.795792669436101,1.0,0.0,0.795792669436101,0.20420733056389895,0.0,1.0,0.20420733056389895,0.795792669436101
0.3248868102997833,-0.37944640653434525,-0.2976983184073204,-0.7620794323257384,-1.1191120069138742,1.1978256316338864,-2.899784814381742,-1.0043458611105895,-1.8728114776259317,0.9958328199461243,-0.8011771620977103,-1.757499332368882,-4.055755296298563,-4.553695160996489,0.0,1.0,0.1099946581824337,0.8900053418175663,1.0,0.0,0.0,1.0,0.0,0.0,0.8900053418175663,0.1099946581824337,0.0,0.0,0.0,1.0,0.0,0.0,1.0,0.0,1.0,0.0,1.0,0.0,0.1099946581824337,0.8900053418175663,0.1099946581824337,0.8900053418175663,0.8900053418175663,0.1099946581824337
1.8787896327375908,-1.368951114586313,-1.2173734806299357,1.429103461457594,0.11143700068845773,2.2450254934987504,0.7846088568484763,-0.16225214973488297,0.4230535118357115,0.07868996136101333,-0.2320180486204047,-1.3928321057332176,-1.248236791758444,0.15592676596178678,1.0,0.0,0.3379951568515358,0.6620048431484642,0.3379951568515358,0.6620048431484642,0.6620048431484642,0.3379951568515358,0.3379951568515358,0.0,0.6620048431484642,0.0,0.0,0.0,0.0,1.0,0.0,0.0,1.0,0.0,0.0,1.0,1.0,0.0,1.0,0.0,0.0,1.0,0.0,1.0
0.7478286850034719,0.07913541840173305,-0.6431126313045097,-0.2669118373491417,-1.1191120069138742,1.1978256316338864,-1.587028020434967,-0.16225214973488297,-1.5488872917537475,0.9958328199461243,-0.16211218711003483,-2.186754336694787,-3.001299206772105,-1.7497354719766605,0.0,1.0,1.0,0.0,0.624417047360056,0.375582952639944,0.0,1.0,0.375582952639944,0.0,0.0,0.624417047360056,0.0,0.0,0.0,1.0,0.0,0.0,1.0,0.0,1.0,0.0,0.624417047360056,0.375582952639944,0.624417047360056,0.375582952639944,1.0,0.0,0.0,1.0
-1.3326153055878125,-0.5612813393321109,-1.2173734806299357,-0.6381738855080924,0.11143700068845773,-0.3840356986917804,0.0004464322674135879,0.7839148807415693,-1.0103543730226854,-0.8672860172985561,-0.7611989325138481,-0.9009687153430227,-0.5793391700228913,0.5376574811163185,0.906018060159131,0.093981939840869,0.0,1.0,0.906018060159131,0.093981939840869,0.0,1.0,0.906018060159131,0.0,0.093981939840869,0.0,0.0,0.0,0.0,1.0,0.0,0.0,0.093981939840869,0.906018060159131,0.0,1.0,1.0,0.0,1.0,0.0,0.0,1.0,0.0,1.0
1.0566211509578187,-0.8534432985166036,-0.4416829211462514,0.5563179855977891,-0.6001650529305208,-0.3840356986917804,-0.3395062852943205,0.3848974540549711,0.2158180201306899,0.4176881906052936,-0.8011771620977103,-1.481163805856367,-1.1551817393689745,0.4956027062761337,0.0,1.0,1.0,0.0,1.0,0.0,0.0,1.0,0.421719859003826,0.0,0.578280140996174,0.0,0.0,0.0,0.0,1.0,0.0,0.0,1.0,0.0,0.578280140996174,0.421719859003826,0.578280140996174,0.421719859003826,0.421719859003826,0.578280140996174,0.0,1.0,0.421719859003826,0.578280140996174
-0.5286146032433647,-1.368951114586313,0.555866410845958,-0.7146932313578132,-1.1191120069138742,1.1978256316338864,1.1352010995399686,-0.16225214973488297,-0.14789726841943915,-0.9866377166401904,-0.37579511899928403,-0.9009687153430227,-1.2608503666058941,-0.767405928767486,0.0,1.0,0.035942273796742086,0.9640577262032579,1.0,0.0,0.0,1.0,0.9640577262032579,0.0,0.0,0.035942273796742086,0.0,0.0,0.0,0.035942273796742086,0.9640577262032579,0.0,1.0,0.0,0.9640577262032579,0.035942273796742086,1.0,0.0,1.0,0.0,1.0,0.0,0.0,1.0
0.23445266917804672,0.8290061720736095,1.5416520060379102,-0.1482362074295912,0.6843781798429691,0.4613141312738791,1.1352010995399686,0.3433813865294581,0.7145598361838071,0.9958328199461243,0.1081228654329387,-1.4397404787955048,-1.224090741586951,0.28791883413018965,0.46559801813246016,0.5344019818675398,0.46559801813246016,0.5344019818675398,1.0,0.0,0.0,1.0,0.0,0.0,0.0,1.0,0.0,0.0,0.0,0.5344019818675398,0.46559801813246016,0.0,1.0,0.0,0.0,1.0,1.0,0.0,0.0,1.0,0.0,1.0,0.0,1.0
-0.2116926462854206,-0.9612416865511192,-0.2976983184073204,-0.7620794323257384,0.21638962652640248,1.1978256316338864,-3.013878975539212,-0.5949867175860883,-1.404803757147549,0.6238713454048506,-0.8011771620977103,-1.0377447645165279,-2.5322704429676284,-2.952077341508076,0.5426446347075766,0.4573553652924234,0.0,1.0,1.0,0.0,0.0,1.0,0.0,0.0,1.0,0.0,0.0,0.0,0.0,0.4573553652924234,0.5426446347075766,0.0,1.0,0.0,0.4573553652924234,0.5426446347075766,1.0,0.0,0.5426446347075766,0.4573553652924234,0.0,1.0,1.0,0.0
0.11903974608703405,-1.368951114586313,-1.2173734806299357,0.5563179855977891,0.11143700068845773,3.4550112397155592,-0.6421182880261955,0.5127989951063461,-0.14789726841943915,-1.3531838353736565,-0.5573981555730885,-1.6361931858823764,-1.498617871367927,0.12134799152658828,1.0,0.0,1.0,0.0,1.0,0.0,0.0,1.0,1.0,0.0,0.0,0.0,0.0,0.0,0.0,1.0,0.0,0.0,0.2865412521282844,0.7134587478717156,0.0,1.0,1.0,0.0,1.0,0.0,0.0,1.0,0.7134587478717156,0.2865412521282844
1.0566211509578187,-1.368951114586313,-0.673998805869614,1.095762358363794,0.11143700068845773,2.7796869619595532,-0.3264853107193846,0.2248879290822684,0.20499149297016273,0.9958328199461243,-0.2887690272057462,-1.8533907214718217,-1.248236791758444,0.9978765931960232,1.0,0.0,0.0,1.0,1.0,0.0,0.5908332605690108,0.40916673943098925,0.5908332605690108,0.0,0.40916673943098925,0.0,0.0,0.0,0.0,1.0,0.0,0.0,1.0,0.0,0.40916673943098925,0.5908332605690108,1.0,0.0,0.5908332605690108,0.40916673943098925,0.0,1.0,1.0,0.0
0.23445266917804672,0.41394883138682737,-0.2976983184073204,-0.7218679815600734,-1.1191120069138742,4.36154829228522,1.1035641047132074,1.7300819112180217,1.4981014690307297,0.9331126682174344,-0.32389808446294205,-1.2685809506126995,-1.2589405437705665,-0.09171468361046205,0.0,1.0,0.0,1.0,1.0,0.0,0.0,1.0,0.0,0.0,0.0,1.0,0.0,0.0,0.0,0.0,1.0,0.0,1.0,0.0,0.0,1.0,0.03050024993904943,0.9694997500609506,0.0,1.0,0.03050024993904943,0.9694997500609506,0.03050024993904943,0.9694997500609506
-0.6184223162428913,-0.4775011415997428,-1.1486770775366264,0.5070782299867043,0.15739577728954812,-0.3840356986917804,0.13667123721508903,-1.0730815553688169,-1.0103543730226854,0.9958328199461243,-0.37579511899928403,-0.8872390641936502,-1.5729626720698398,-1.3901862645830878,0.0,1.0,0.0,1.0,1.0,0.0,0.0,1.0,0.0,0.9626518112507856,0.03734818874921442,0.0,0.0,0.0,0.0,0.03734818874921442,0.9626518112507856,0.0,0.9626518112507856,0.03734818874921442,1.0,0.0,1.0,0.0,1.0,0.0,0.0,1.0,0.0,1.0
0.7649166955357557,0.5720915567946077,0.028601397899739034,0.32243502283040104,-1.1191120069138742,-0.3840356986917804,-0.08608003900413386,0.6160653800127307,1.118018720351922,0.9958328199461243,1.2022011541004345,-1.5057647770193956,-1.1859802656780625,0.48159808359041817,0.0,1.0,0.0,1.0,1.0,0.0,0.0,1.0,0.0,0.0,0.0,0.8226005606596583,0.17739943934034175,0.0,0.0,0.8226005606596583,0.0,0.17739943934034175,1.0,0.0,0.8226005606596583,0.17739943934034175,1.0,0.0,1.0,0.0,1.0,0.0,0.0,1.0
0.004558972999035293,-0.4775011415997428,-0.6289567049782915,0.5563179855977891,-1.1191120069138742,-0.3840356986917804,0.7615861461626035,0.7839148807415693,-0.14789726841943915,0.5572687630579185,0.015313074352201583,-1.6361931858823764,-1.3746420281239808,0.35875617724442765,0.0,1.0,1.0,0.0,1.0,0.0,0.0,1.0,0.0,0.0,0.3601906414112629,0.6398093585887371,0.0,0.0,0.0,0.3601906414112629,0.6398093585887371,0.0,1.0,0.0,0.3601906414112629,0.6398093585887371,1.0,0.0,0.0,1.0,0.0,1.0,0.0,1.0
-0.5877158126017253,-0.5907692321709253,-1.2173734806299357,-0.5945631805254538,-0.9627578191646539,-0.3840356986917804,0.8716089788533279,0.7839148807415693,-0.25748151027058785,0.9958328199461243,-0.37579511899928403,-0.5800654791438163,-1.203646199200129,-1.2445075438093294,0.8729394873481152,0.12706051265188478,0.8729394873481152,0.12706051265188478,0.0,1.0,0.0,1.0,0.0,0.0,1.0,0.0,0.0,0.0,0.0,1.0,0.0,0.0,1.0,0.0,0.0,1.0,1.0,0.0,1.0,0.0,0.0,1.0,0.0,1.0
0.6638246174170238,-0.011947401531469115,-0.2976983184073204,-0.7620794323257384,-1.1191120069138742,1.1978256316338864,-2.472171699379766,-0.6142898256589393,-1.8728114776259317,0.9958328199461243,-0.8011771620977103,-2.2121422224321856,-4.055755296298563,-3.72255990554547,0.0,1.0,0.5222432600548044,0.47775673994519563,1.0,0.0,0.0,1.0,0.0,0.0,0.47775673994519563,0.5222432600548044,0.0,0.0,0.0,1.0,0.0,0.0,1.0,0.0,1.0,0.0,1.0,0.0,0.5222432600548044,0.47775673994519563,0.5222432600548044,0.47775673994519563,0.47775673994519563,0.5222432600548044
1.0566211509578187,0.8953203226194368,-0.5092295347736029,0.5563179855977891,-1.1191120069138742,0.8339873275549752,0.8966223080453907,0.7839148807415693,-0.14789726841943915,-0.059767545667644195,-0.8011771620977103,-1.6361931858823764,-1.5991766048259588,-0.07121747803331217,0.0,1.0,1.0,0.0,1.0,0.0,0.0,1.0,0.0,0.0,1.0,0.0,0.0,0.0,0.0,1.0,0.0,0.0,1.0,0.0,1.0,0.0,0.23000644690138916,0.7699935530986108,0.7699935530986108,0.23000644690138916,0.0,1.0,0.7699935530986108,0.23000644690138916
1.2340623974710487,-0.6698947907317374,-0.49618355688153115,1.5901775181358757,0.11143700068845773,1.8806235069707038,-0.12593360047239346,0.24615333166724676,0.03823911006798583,-0.13343808447498867,-0.8011771620977103,-0.9803071656793356,-4.055755296298563,-5.974484585210527,1.0,0.0,1.0,0.0,1.0,0.0,0.21582102749684318,0.7841789725031568,1.0,0.0,0.0,0.0,0.0,0.21582102749684318,0.0,0.7841789725031568,0.0,0.0,1.0,0.0,0.7841789725031568,0.21582102749684318,1.0,0.0,0.0,1.0,0.21582102749684318,0.7841789725031568,1.0,0.0
-0.38564246074312303,0.9692245292292669,0.39593820724638795,-0.7620794323257384,-0.3526147500498591,-0.3840356986917804,1.1352010995399686,1.7300819112180217,1.5770169407870533,0.9958328199461243,-0.6407615422297213,-1.129950875487038,-1.1158940458363844,-0.07121747803331217,0.6228904758190003,0.37710952418099974,0.0,1.0,1.0,0.0,0.0,1.0,0.0,0.0,0.0,0.37710952418099974,0.6228904758190003,0.0,0.0,0.0,1.0,0.0,0.0,1.0,0.37710952418099974,0.6228904758190003,1.0,0.0,0.37710952418099974,0.6228904758190003,0.0,1.0,0.0,1.0
-0.5175458168840469,1.2293158090102307,1.5416520060379102,-0.7620794323257384,-1.0140877685644183,-0.24902784417681528,-0.7622822047675413,-0.08149919222303655,-0.8631373179351812,0.9958328199461243,2.456658066560418,-0.9323434877239822,-0.8972969786909292,-0.013861078037844268,0.0,1.0,0.0,1.0,1.0,0.0,0.0,1.0,0.0,0.0,0.0,0.085347464993768,0.914652535006232,0.0,0.0,0.085347464993768,0.0,0.914652535006232,1.0,0.0,0.0,1.0,1.0,0.0,0.914652535006232,0.085347464993768,0.914652535006232,0.085347464993768,0.0,1.0
1.7938074682796714,-1.2768077767070034,-1.1698430853302524,0.5563179855977891,0.11143700068845773,4.2797949760839264,-0.8857310381130046,1.6811823705700082,0.7145598361838071,-1.675157708727844,-0.7572082098146192,-1.2875797836540754,-3.9469322549030514,-5.204366514072365,0.9483182788313923,0.0516817211686077,1.0,0.0,1.0,0.0,0.9483182788313923,0.0516817211686077,0.9483182788313923,0.0,0.0516817211686077,0.0,0.0,0.9483182788313923,0.0,0.0516817211686077,0.0,0.0,0.9483182788313923,0.0516817211686077,0.0,1.0,1.0,0.0,0.0516817211686077,0.9483182788313923,0.9483182788313923,0.0516817211686077,0.9483182788313923,0.0516817211686077
-1.4098842943814975,0.8317227324156831,0.6796489955630286,-0.14421858866336446,-1.1191120069138742,-0.3840356986917804,1.1352010995399686,1.7300819112180217,1.5770169407870533,0.9958328199461243,-0.17644179468712812,-0.7286889439050084,-0.8972969786909292,-0.38616310892889266,0.0,1.0,0.0,1.0,0.531354631568148,0.468645368431852,0.468645368431852,0.531354631568148,0.0,0.468645368431852,0.0,0.531354631568148,0.0,0.0,0.468645368431852,0.0,0.531354631568148,0.0,0.468645368431852,0.531354631568148,1.0,0.0,1.0,0.0,1.0,0.0,0.0,1.0,0.468645368431852,0.531354631568148
0.612127993826815,-1.368951114586313,-1.2173734806299357,-0.1564539627717475,-1.1191120069138742,1.1978256316338864,1.1352010995399686,0.3492789778502272,0.3183773332112373,0.9958328199461243,-0.6057715916005573,-1.497200971904177,-1.788906993341543,-0.6886351297637783,0.5406351216101065,0.4593648783898935,1.0,0.0,1.0,0.0,0.0,1.0,0.0,0.0,0.5406351216101065,0.4593648783898935,0.0,0.0,0.0,1.0,0.0,0.0,1.0,0.0,0.0,1.0,1.0,0.0,1.0,0.0,1.0,0.0,0.0,1.0
-0.06364103824591516,1.3053988043733975,0.3691951099060926,-0.7620794323257384,0.11143700068845773,-0.3840356986917804,0.7591180066616469,1.0439781643400283,1.2643157834174827,0.49877784201944786,-0.4927155435635292,-1.2685809506126995,-1.248236791758444,-0.07121747803331217,1.0,0.0,0.0,1.0,1.0,0.0,0.0,1.0,0.0,0.36257009850179345,0.0,0.0,0.6374299014982066,0.0,0.36257009850179345,0.0,0.6374299014982066,0.0,0.36257009850179345,0.6374299014982066,0.0,1.0,1.0,0.0,0.36257009850179345,0.6374299014982066,0.0,1.0,0.0,1.0
0.45965174147760834,-1.368951114586313,-0.9654664835371443,-0.7620794323257384,-0.7820539694526171,1.1978256316338864,0.5669666047185599,0.7839148807415693,0.7145598361838071,0.9958328199461243,-0.2768559357223237,-1.701728889942208,-1.7578655056115908,-0.25529342014096956,1.0,0.0,0.7260913337226615,0.27390866627733845,1.0,0.0,0.0,1.0,0.0,0.0,1.0,0.0,0.0,0.0,0.0,1.0,0.0,0.0,1.0,0.0,0.0,1.0,1.0,0.0,0.7260913337226615,0.27390866627733845,0.7260913337226615,0.27390866627733845,0.0,1.0
-0.5678621534352989,-1.3474244514755074,-0.2976983184073204,-0.7620794323257384,1.2825556089847137,1.1978256316338864,-3.013878975539212,-0.18510011600199794,-1.031180918651617,0.32692474420949236,-0.8011771620977103,-0.5599876932110224,-1.3160325255135423,-1.4964266385730647,0.9758520794625346,0.024147920537465395,0.0,1.0,1.0,0.0,0.0,1.0,0.0,0.0,1.0,0.0,0.0,0.0,0.0,0.024147920537465395,0.9758520794625346,0.0,1.0,0.0,0.024147920537465395,0.9758520794625346,1.0,0.0,0.9758520794625346,0.024147920537465395,0.0,1.0,1.0,0.0
0.658938542683208,-0.9086951830402556,-0.2976983184073204,-0.7620794323257384,-0.4837791256871,0.3811100758225525,1.1352010995399686,0.8147605850373171,1.131730037285557,-1.3921057616324042,2.1903648905184303,-1.6242087709330228,-1.5991766048259588,-0.09312625522539564,0.0,1.0,0.0,1.0,1.0,0.0,0.0,1.0,0.0,0.0,1.0,0.0,0.0,0.0,0.0,0.4836996516988047,0.5163003483011953,0.0,1.0,0.0,0.5163003483011953,0.4836996516988047,1.0,0.0,0.5163003483011953,0.4836996516988047,1.0,0.0,0.0,1.0
-0.031071963861007496,-0.18960160252043107,-0.5947133650504044,-0.7620794323257384,-1.1191120069138742,0.686953275709762,-2.343892842040026,-1.4139899471873028,-1.3157392684943643,0.11033716990539555,-0.8011771620977103,-1.517470434969634,-3.3757255908408945,-3.6902669339850642,0.32295647294124596,0.677043527058754,0.0,1.0,1.0,0.0,0.0,1.0,0.0,0.0,1.0,0.0,0.0,0.0,0.0,1.0,0.0,0.0,1.0,0.0,1.0,0.0,1.0,0.0,0.0,1.0,0.0,1.0,0.677043527058754,0.32295647294124596
0.7198382403687132,-0.4775011415997428,-1.2173734806299357,0.28629199362575564,-1.1191120069138742,-0.3840356986917804,0.3103783003667535,0.7839148807415693,-0.14789726841943915,0.9958328199461243,-0.7140530471736584,-1.410317003616881,-1.5272992863044412,-0.346501167790187,0.20481380523129633,0.7951861947687037,1.0,0.0,0.7951861947687037,0.20481380523129633,0.0,1.0,0.0,0.0,1.0,0.0,0.0,0.0,0.0,1.0,0.0,0.0,1.0,0.0,0.7951861947687037,0.20481380523129633,1.0,0.0,0.20481380523129633,0.7951861947687037,0.0,1.0,0.0,1.0
-0.8103855534388626,1.0639654013019295,1.5416520060379102,-0.7620794323257384,-1.1191120069138742,-0.3840356986917804,0.3788572551202511,1.7300819112180217,1.5770169407870533,0.49601711430543793,1.17507921459881,-0.9009687153430227,-0.8972969786909292,-0.07121747803331217,0.0,1.0,0.0,1.0,1.0,0.0,0.0,1.0,0.0,0.0,0.0,1.0,0.0,0.0,0.0,0.0,1.0,0.0,0.0,1.0,0.2708322512620742,0.7291677487379258,1.0,0.0,0.2708322512620742,0.7291677487379258,0.0,1.0,0.0,1.0
-0.22680734609546288,-0.9776300534563973,-0.2976983184073204,0.3953981428753278,1.8821618544058958,1.1978256316338864,-3.013878975539212,-0.16225214973488297,0.12542768849338382,0.00947471883478801,-0.25646937735086206,-0.7395974501579181,-1.248236791758444,-1.0382552265366307,0.5610285792943639,0.4389714207056361,0.4389714207056361,0.5610285792943639,0.5610285792943639,0.4389714207056361,0.0,1.0,0.0,0.0,0.5610285792943639,0.4389714207056361,0.0,0.0,0.0,0.0,1.0,0.0,1.0,0.0,0.0,1.0,1.0,0.0,1.0,0.0,0.0,1.0,1.0,0.0
1.8142852688034852,-1.368951114586313,-1.2173734806299357,1.7712787129400493,0.014892578487662234,2.6555798461969387,1.1352010995399686,-0.16225214973488297,0.6468945726937083,0.36415105009917725,-0.37579511899928403,-1.239739424896299,-1.2757702595606526,-0.17666819272747575,0.921543618657734,0.07845638134226596,0.07845638134226596,0.921543618657734,0.07845638134226596,0.921543618657734,0.921543618657734,0.07845638134226596,0.0,0.0,0.921543618657734,0.07845638134226596,0.0,0.0,0.0,1.0,0.0,0.0,1.0,0.0,0.0,1.0,1.0,0.0,1.0,0.0,0.07845638134226596,0.921543618657734,0.0,1.0
4.282767331399281,0.3913499118539283,-1.2173734806299357,-0.7286570776643573,-1.1191120069138742,4.36154829228522,1.1089055334415887,0.7839148807415693,1.5332890832557828,-1.6765015326093449,1.7079800923803221,-1.626873942429672,-1.239340206603101,0.600816541953761,0.0,1.0,0.0,1.0,1.0,0.0,0.0,1.0,0.02535074341545751,0.0,0.0,0.9746492565845425,0.0,0.0,0.0,0.02535074341545751,0.9746492565845425,0.0,1.0,0.0,1.0,0.0,1.0,0.0,0.9746492565845425,0.02535074341545751,1.0,0.0,0.0,1.0
0.9952025585651828,-0.510798211326112,1.472949355457208,-0.7620794323257384,0.15739995693891085,1.1978256316338864,-2.015352636377527,-0.16225214973488297,-1.0103543730226854,-1.669200156351252,0.8367962355869171,-1.2411191510704715,-2.2617317558488756,-2.0622180019576475,1.0,0.0,0.0,1.0,1.0,0.0,0.9626484146779251,0.03735158532207494,0.0,0.0,1.0,0.0,0.0,0.0,0.0,0.0,1.0,0.0,1.0,0.0,0.0,1.0,1.0,0.0,1.0,0.0,0.0,1.0,0.03735158532207494,0.9626484146779251
0.9217691756576378,-0.3312856244610881,-1.0665284713542649,-0.5458360467209022,-0.09039749924230156,4.36154829228522,0.9650681960650447,0.9391050830556411,1.1526366097058045,0.6585453633333513,1.325733053394421,-0.653947909127688,-1.0124191903845348,-0.7432514980203854,0.8359801205122058,0.16401987948779417,0.0,1.0,1.0,0.0,0.0,1.0,0.0,0.0,0.0,1.0,0.0,0.0,0.0,0.8359801205122058,0.16401987948779417,0.0,1.0,0.0,0.0,1.0,1.0,0.0,0.0,1.0,1.0,0.0,0.16401987948779417,0.8359801205122058
0.5567003001621503,0.41394883138682737,-1.2173734806299357,-0.7620794323257384,-0.26268163828845337,-0.3840356986917804,0.5044874176365851,-0.7375705149520264,-0.14789726841943915,-0.3148207401401153,-0.20906730263382545,-1.2685809506126995,-1.461626302320805,-0.4798488309505392,1.0,0.0,0.695974206093698,0.304025793906302,1.0,0.0,0.0,1.0,0.0,0.0,1.0,0.0,0.0,0.0,0.0,1.0,0.0,0.0,1.0,0.0,1.0,0.0,1.0,0.0,0.0,1.0,0.0,1.0,0.0,1.0
0.3841647081009232,-1.368951114586313,0.24587297831968502,-0.7620794323257384,-0.6158753670088428,-0.3840356986917804,0.09793108077017354,0.22468564328616844,0.5575114762975678,-0.3750882239584872,-0.8011771620977103,-1.0513048213592684,-0.689875035489568,0.600816541953761,0.4089529444142699,0.5910470555857301,0.4089529444142699,0.5910470555857301,0.0,1.0,0.0,1.0,1.0,0.0,0.0,0.0,0.0,0.0,0.0,0.4089529444142699,0.5910470555857301,0.0,1.0,0.0,1.0,0.0,1.0,0.0,0.5910470555857301,0.4089529444142699,1.0,0.0,0.0,1.0
-0.5877158126017253,0.5684320483327089,1.5416520060379102,1.4177738352768836,0.11143700068845773,-0.3840356986917804,0.09793108077017354,-0.9444538079914673,-1.4244347250284621,-0.9417623308236611,-0.30207882707019507,-1.572488073521594,-0.9581128549822538,1.0399312048245601,1.0,0.0,0.8267056799291542,0.17329432007084578,0.17329432007084578,0.8267056799291542,0.0,1.0,0.8267056799291542,0.17329432007084578,0.0,0.0,0.0,0.0,0.17329432007084578,0.8267056799291542,0.0,0.0,1.0,0.0,0.0,1.0,1.0,0.0,1.0,0.0,0.0,1.0,0.8267056799291542,0.17329432007084578
0.9280035450908145,-0.3380453441365042,-1.0735022180337785,-0.7620794323257384,-0.08106644692269087,4.36154829228522,1.1352010995399686,0.9319304528621889,1.5770169407870533,0.9958328199461243,1.0595510180836119,-0.6483728219439374,-0.952196965202755,-0.6381204833592461,0.843562957328914,0.15643704267108605,0.0,1.0,1.0,0.0,0.0,1.0,0.0,0.0,0.0,1.0,0.0,0.0,0.0,0.843562957328914,0.15643704267108605,0.0,1.0,0.0,0.0,1.0,0.843562957328914,0.15643704267108605,0.0,1.0,0.843562957328914,0.15643704267108605,0.0,1.0
0.23445266917804672,1.0823197795644879,0.1625860375218428,-0.7620794323257384,0.11143700068845773,0.011813865103416754,1.1352010995399686,1.4933103313638052,1.3611931753884914,0.9958328199461243,-0.37538182092920236,-1.2685809506126995,-1.1604165958550878,0.09695426279345658,0.7497571018354047,0.25024289816459533,0.0,1.0,1.0,0.0,0.0,1.0,0.0,0.0,0.0,0.25024289816459533,0.7497571018354047,0.0,0.0,0.25024289816459533,0.7497571018354047,0.0,0.25024289816459533,0.7497571018354047,0.0,1.0,1.0,0.0,0.0,1.0,0.0,1.0,0.0,1.0
-0.2171041838963523,0.9035569268026025,1.5416520060379102,-0.7620794323257384,-0.5644133265143976,0.32902520915153377,0.5655047467313792,1.3035750431450455,1.1882442751971456,0.6193596236865428,1.3676133318096424,-1.0666785087303732,-0.8972969786909292,0.2317175385872145,0.0,1.0,0.0,1.0,1.0,0.0,0.0,1.0,0.0,0.0,0.0,1.0,0.0,0.0,0.0,0.45077333529387953,0.5492266647061205,0.0,0.45077333529387953,0.5492266647061205,0.0,1.0,1.0,0.0,0.0,1.0,0.0,1.0,0.0,1.0
0.4691029061054932,-1.1145276575870264,-1.2173734806299357,-0.7620794323257384,-1.1191120069138742,1.6492953050319352,0.543118914304204,0.24383502413206148,0.9607086103338724,0.9958328199461243,-0.558365623076773,-1.8988873903407435,-1.7497971108207804,0.12058377135526632,0.7145959227000623,0.28540407729993766,0.7145959227000623,0.28540407729993766,1.0,0.0,0.0,1.0,0.0,0.0,0.7145959227000623,0.28540407729993766,0.0,0.0,0.0,0.7145959227000623,0.28540407729993766,0.0,1.0,0.0,0.28540407729993766,0.7145959227000623,1.0,0.0,1.0,0.0,1.0,0.0,0.0,1.0
-0.867090819490492,-0.19188524730466083,0.604127907965538,1.4267205023823322,-0.3067067801722071,-0.3840356986917804,0.45039815420019813,-1.1084191802113352,-1.8728114776259317,-0.5947061788791398,-0.5203410531413004,-1.386361982091787,-0.7780467095963985,1.044491639014298,1.0,0.0,1.0,0.0,0.0,1.0,0.0,1.0,1.0,0.0,0.0,0.0,0.0,0.0,0.0,1.0,0.0,0.0,1.0,0.0,0.0,1.0,1.0,0.0,1.0,0.0,0.33980262328226873,0.6601973767177313,1.0,0.0
0.00429984212730572,-1.1194040497158269,-0.9599252285445667,1.5056512765985146,-1.1191120069138742,0.7550090250077293,1.1352010995399686,-0.5786907322052474,-1.3899495211453288,-1.1703583625249718,-0.4439406030516019,-1.371488076196749,-1.248236791758444,0.11690762406191683,0.7200661030540572,0.27993389694594284,1.0,0.0,1.0,0.0,0.0,1.0,0.0,0.0,0.7200661030540572,0.27993389694594284,0.0,0.0,0.0,0.0,1.0,0.0,1.0,0.0,0.0,1.0,1.0,0.0,0.7200661030540572,0.27993389694594284,0.0,1.0,0.0,1.0
-0.6248241562744232,-0.3970304529326387,-0.3392075987352696,0.4968124881654409,-1.063571522825558,-0.3840356986917804,1.1352010995399686,0.7412098973752755,-0.10897050906313743,0.2484961614442629,0.4845687167606507,-1.6361931858823764,-1.2323972217915307,0.6311486088306629,0.0,1.0,1.0,0.0,0.9548652806631941,0.045134719336805906,0.0,1.0,0.0,0.045134719336805906,0.0,0.9548652806631941,0.0,0.0,0.0,0.0,1.0,0.0,1.0,0.0,0.0,1.0,1.0,0.0,0.0,1.0,0.0,1.0,0.0,1.0
1.0566211509578187,0.1802970448555734,-0.5387480140641872,0.21076195733969505,-1.1191120069138742,0.44518576538440113,-0.17394058936842782,0.2879282887241954,1.5770169407870533,0.9958328199461243,0.6773631201392927,-1.6361931858823764,-1.248236791758444,0.600816541953761,0.0,1.0,0.0,1.0,1.0,0.0,0.0,1.0,0.0,0.0,0.0,1.0,0.0,0.0,0.0,0.7378969166957685,0.2621030833042315,0.0,1.0,0.0,1.0,0.0,1.0,0.0,1.0,0.0,1.0,0.0,0.0,1.0
-0.042567005216210374,0.8112198992371137,-0.2976983184073204,0.5563179855977891,-1.1191120069138742,-0.3840356986917804,0.5601862610863562,1.2055703835207223,1.5770169407870533,0.9958328199461243,0.521211443013526,-1.1447184771969052,-1.0918418862524994,0.0018380667903379333,0.0,1.0,0.0,1.0,0.5543540525114007,0.4456459474885993,0.4456459474885993,0.5543540525114007,0.0,0.4456459474885993,0.0,0.5543540525114007,0.0,0.0,0.4456459474885993,0.5543540525114007,0.0,0.0,1.0,0.0,1.0,0.0,1.0,0.0,1.0,0.0,0.5543540525114007,0.4456459474885993,0.4456459474885993,0.5543540525114007
0.7373901863827333,-1.0228195843056807,-0.8602826949353376,1.0682243511956933,-1.1191120069138742,1.1978256316338864,0.7324506706985531,0.2051248787961728,0.5218511335410203,0.9958328199461243,-0.5409621412588476,-0.7582325109573909,-1.3266513073569377,-1.1543486502217493,0.0,1.0,1.0,0.0,1.0,0.0,0.0,1.0,0.0,0.0,0.38827925376564776,0.6117207462343522,0.0,0.0,0.0,1.0,0.0,0.0,1.0,0.0,0.0,1.0,1.0,0.0,1.0,0.0,0.6117207462343522,0.38827925376564776,0.0,1.0
0.36665725839591146,-0.8515536059161593,-1.2173734806299357,0.5563179855977891,-1.1191120069138742,-0.3840356986917804,0.09793108077017354,1.1809266257966053,0.5758768414461869,0.9958328199461243,-0.8011771620977103,-1.173442835277249,-1.1574135024113803,-0.07121747803331217,0.0,1.0,1.0,0.0,0.5803999375722101,0.4196000624277899,0.0,1.0,0.4196000624277899,0.0,0.5803999375722101,0.0,0.0,0.0,0.0,1.0,0.0,0.0,1.0,0.0,1.0,0.0,1.0,0.0,0.0,1.0,0.0,1.0,0.0,1.0
-1.002531071325563,0.6347886152855705,1.0859879301238182,-0.7620794323257384,-0.8142668836308813,-0.3840356986917804,1.1352010995399686,1.7300819112180217,1.5770169407870533,0.9958328199461243,-0.4811754334520812,-0.992037658139112,-0.9842356458374959,-0.07121747803331217,0.24773098950115746,0.7522690104988425,0.0,1.0,1.0,0.0,0.0,1.0,0.0,0.0,0.0,0.7522690104988425,0.24773098950115746,0.0,0.0,0.0,1.0,0.0,0.0,1.0,0.7522690104988425,0.24773098950115746,1.0,0.0,0.7522690104988425,0.24773098950115746,0.0,1.0,0.0,1.0
-0.5877158126017253,-0.7948329763673669,-1.2173734806299357,-0.29276597194059356,-0.6810701804660204,-0.3840356986917804,0.3967215254077119,0.7839148807415693,-0.454908434166868,0.9958328199461243,-0.37579511899928403,-0.6642163921672706,-1.1233118064554277,-0.9368340175283106,0.6440273213487384,0.3559726786512616,0.6440273213487384,0.3559726786512616,0.0,1.0,0.0,1.0,0.0,0.0,1.0,0.0,0.0,0.0,0.0,1.0,0.0,0.0,1.0,0.0,0.0,1.0,1.0,0.0,1.0,0.0,0.0,1.0,0.0,1.0
0.6326352606111991,0.19808075310169637,-0.520401236048839,-0.4428243696218235,-1.1191120069138742,4.36154829228522,0.8840221299961658,1.500963884637771,1.1593222559124243,0.9958328199461243,-0.2727872027243867,-1.2685809506126995,-1.1632553510312382,0.09151817380682348,0.0,1.0,0.0,1.0,1.0,0.0,0.0,1.0,0.24215388953563088,0.0,0.0,0.7578461104643691,0.0,0.0,0.0,0.24215388953563088,0.7578461104643691,0.0,1.0,0.0,0.24215388953563088,0.7578461104643691,0.24215388953563088,0.7578461104643691,0.0,1.0,0.24215388953563088,0.7578461104643691,0.0,1.0
-0.5877158126017253,-1.368951114586313,-0.3109356523978405,-0.7431030940813566,1.3242741151415083,1.1750571285619935,-2.9840191070969126,-0.14863350533987027,-1.0103543730226854,0.32023846622268554,-0.7950544304970708,-0.5386477026018591,-1.2431855435493282,-1.3959396899564722,0.9856065113702441,0.014393488629755868,0.0,1.0,0.9856065113702441,0.014393488629755868,0.0,1.0,0.0,0.0,1.0,0.0,0.0,0.0,0.0,0.014393488629755868,0.9856065113702441,0.0,1.0,0.0,0.0,1.0,1.0,0.0,1.0,0.0,0.0,1.0,0.9856065113702441,0.014393488629755868
-1.314453027759757,-1.1620052100975722,-0.8971261071665192,0.7093478551336734,-0.9762789343283063,-0.3840356986917804,1.0148024295427,-1.1084191802113352,-1.8728114776259317,0.1512458725013122,-0.7518019451310491,-0.9863081610038249,-0.5870916763851644,0.6788213051641383,1.0,0.0,1.0,0.0,0.0,1.0,0.0,1.0,1.0,0.0,0.0,0.0,0.0,0.0,0.0,1.0,0.0,0.0,1.0,0.0,0.0,1.0,1.0,0.0,1.0,0.0,0.8839273594930838,0.11607264050691624,1.0,0.0
0.1588088244802811,-1.368951114586313,-1.2173734806299357,1.8140656390621772,-1.1191120069138742,1.1250558311268612,1.1352010995399686,-1.1084191802113352,-1.8728114776259317,-1.6514102828288515,-0.8011771620977103,-1.2516698165507723,-1.2159484745749927,-0.04030213758540742,1.0,0.0,1.0,0.0,0.9539973579782473,0.04600264202175275,0.0,1.0,0.04600264202175275,0.0,0.9539973579782473,0.0,0.0,0.0,0.0,0.04600264202175275,0.9539973579782473,0.0,1.0,0.0,0.0,1.0,1.0,0.0,1.0,0.0,0.04600264202175275,0.9539973579782473,0.04600264202175275,0.9539973579782473
-0.5542298750344292,0.41394883138682737,-0.26024105052748875,-0.7620794323257384,-1.1191120069138742,-0.3840356986917804,-0.8970921724537522,-2.0545862106877877,-0.11277042349746218,-0.3750882239584872,-0.3238192155690977,-1.6361931858823764,-1.8929429848043413,-0.6337669350136801,0.9592711976810299,0.040728802318970136,0.0,1.0,1.0,0.0,0.0,1.0,0.0,0.0,0.0,1.0,0.0,0.9592711976810299,0.0,0.0,0.040728802318970136,0.0,1.0,0.0,0.9592711976810299,0.040728802318970136,1.0,0.0,0.9592711976810299,0.040728802318970136,0.0,1.0,0.0,1.0
1.6411181283355807,-0.3486514831208606,-1.0844441697826968,0.5563179855977891,-1.1191120069138742,4.36154829228522,0.09793108077017354,0.9206733107546753,-0.27255631463435004,0.698604629366635,0.23404034034409538,-1.2685809506126995,-0.998746249947059,0.40654573240642755,0.0,1.0,0.0,1.0,1.0,0.0,0.0,1.0,0.8554605840110072,0.0,0.0,0.14453941598899278,0.0,0.0,0.0,0.8554605840110072,0.14453941598899278,0.0,1.0,0.0,0.8554605840110072,0.14453941598899278,1.0,0.0,0.0,1.0,1.0,0.0,0.14453941598899278,0.8554605840110072
-1.1662411265406039,-1.1047769213358527,-0.9448349743818619,0.16562127258248138,-1.1191120069138742,0.729053458841215,0.09793108077017354,0.5035257175461311,0.10768511615159371,-1.2636795842966255,0.17564554933222887,-1.8948664244341427,-1.5991766048259588,0.40166454190134376,1.0,0.0,0.7036578593800237,0.2963421406199763,0.0,1.0,0.2963421406199763,0.7036578593800237,0.0,0.0,1.0,0.0,0.0,0.0,0.0,0.2963421406199763,0.7036578593800237,0.0,1.0,0.0,0.0,1.0,1.0,0.0,1.0,0.0,0.2963421406199763,0.7036578593800237,0.2963421406199763,0.7036578593800237
0.23445266917804672,0.41394883138682737,-0.2976983184073204,-0.1369298804100969,-0.5356178720994684,3.6114710481995287,0.6433548029424132,1.2814342674208183,1.1680623530737644,0.3457779391814816,-0.17409008679831367,-1.4428930518298728,-1.5810497416412712,-0.38987842256753075,0.0,1.0,0.4741738290873252,0.5258261709126748,1.0,0.0,0.0,1.0,0.0,0.0,0.4741738290873252,0.5258261709126748,0.0,0.0,0.0,0.4741738290873252,0.5258261709126748,0.0,0.5258261709126748,0.4741738290873252,0.0,1.0,0.4741738290873252,0.5258261709126748,0.4741738290873252,0.5258261709126748,0.0,1.0,0.0,1.0
0.0735803425207823,1.2181845445038986,-0.11774702327207404,-0.7620794323257384,-0.008952728610239255,-0.3840356986917804,1.1352010995399686,1.7300819112180217,1.5770169407870533,0.9958328199461243,-0.7595602669551677,-1.2326159161300523,-1.2139028897079644,-0.07121747803331217,0.9021658393489985,0.09783416065100148,0.0,1.0,1.0,0.0,0.0,1.0,0.0,0.0,0.0,0.09783416065100148,0.9021658393489985,0.0,0.0,0.0,1.0,0.0,0.0,1.0,0.09783416065100148,0.9021658393489985,1.0,0.0,0.09783416065100148,0.9021658393489985,0.0,1.0,0.0,1.0
0.6386437468416868,-0.4775011415997428,-1.2173734806299357,1.2265703031570694,-1.1191120069138742,-0.3840356986917804,0.6252626915300027,1.264931178523646,0.7290217323265448,0.2988783247567598,0.06385274878871905,-1.4493049613584565,-1.0639399155669857,0.6120853762523786,0.0,1.0,1.0,0.0,1.0,0.0,0.0,1.0,0.0,0.0,1.0,0.0,0.0,0.0,0.0,1.0,0.0,0.0,1.0,0.0,1.0,0.0,1.0,0.0,0.0,1.0,0.5083841248831676,0.49161587511683236,0.5083841248831676,0.49161587511683236
0.2780740170613428,0.3666516529447348,1.5416520060379102,-0.7620794323257384,0.11143700068845773,0.4488589464352917,-0.9943728116403656,-0.16225214973488297,-0.19365618794512818,-1.0969168536052407,0.49753823188786117,-1.2685809506126995,-1.8025759467695577,-1.132752125590347,1.0,0.0,0.0,1.0,1.0,0.0,0.5265282292194343,0.4734717707805657,0.0,0.4734717707805657,0.5265282292194343,0.0,0.0,0.0,0.4734717707805657,0.0,0.5265282292194343,0.0,1.0,0.0,0.0,1.0,1.0,0.0,1.0,0.0,0.0,1.0,0.0,1.0
1.0566211509578187,-1.368951114586313,0.6219768438152948,0.3279690875288984,-0.10169638844417965,-0.3840356986917804,-0.7596818311470965,-0.16225214973488297,0.5651806529493473,-0.3750882239584872,-0.8011771620977103,-1.204909824062191,-0.5463571656234143,1.1564530130359285,0.0,1.0,0.8267981300899848,0.17320186991001518,0.8267981300899848,0.17320186991001518,0.0,1.0,1.0,0.0,0.0,0.0,0.0,0.0,0.0,0.8267981300899848,0.17320186991001518,0.0,1.0,0.0,0.17320186991001518,0.8267981300899848,0.17320186991001518,0.8267981300899848,1.0,0.0,0.17320186991001518,0.8267981300899848,0.8267981300899848,0.17320186991001518
1.0566211509578187,0.027191790393457427,1.0209794297087769,-0.015670908519418436,-0.5852362904974515,1.1978256316338864,-0.8021115359265842,-1.233593957434179,-1.4986330403968062,-0.9698645798315465,1.6228390367278613,-1.2685809506126995,-1.9036882381911733,-1.3263776338512185,1.0,0.0,0.0,1.0,1.0,0.0,0.43385164923797304,0.566148350762027,0.0,0.0,1.0,0.0,0.0,0.0,0.0,0.566148350762027,0.43385164923797304,0.0,1.0,0.0,0.566148350762027,0.43385164923797304,1.0,0.0,1.0,0.0,0.566148350762027,0.43385164923797304,0.0,1.0
1.0566211509578187,-0.12225410688618393,1.1751570997845255,-0.2366918194659402,-0.37894260474906105,1.1978256316338864,-1.149894930112985,-0.9163562320860233,-1.3540476124217298,-1.1996907413821216,1.408901284603046,-1.2685809506126995,-2.021353876969121,-1.551702060712636,1.0,0.0,0.0,1.0,1.0,0.0,0.6014952656026266,0.39850473439737344,0.0,0.0,1.0,0.0,0.0,0.0,0.0,0.39850473439737344,0.6014952656026266,0.0,1.0,0.0,0.39850473439737344,0.6014952656026266,1.0,0.0,1.0,0.0,0.39850473439737344,0.6014952656026266,0.0,1.0
-0.2718798709414678,-0.6840502751580224,-0.65099144179895,-0.7620794323257384,0.11143700068845773,-0.3840356986917804,0.09793108077017354,1.1473848527253239,1.245704128619547,-0.9017274085525967,0.015875188635330995,-1.2685809506126995,-0.8972969786909292,0.600816541953761,1.0,0.0,1.0,0.0,0.38414990194778353,0.6158500980522165,0.0,1.0,1.0,0.0,0.0,0.0,0.0,0.0,0.0,1.0,0.0,0.0,1.0,0.0,0.6158500980522165,0.38414990194778353,1.0,0.0,0.0,1.0,0.6158500980522165,0.38414990194778353,0.0,1.0
-0.8877303116596741,-1.043655359509646,-0.6332936242416823,-0.2809878438457386,-0.3375981451041533,-0.3840356986917804,-1.037588166071036,0.4386525239810043,1.2623008674630203,-0.8753460170384376,-0.8011771620977103,-1.5368690279499846,-1.0253571446425875,0.8460460226799847,1.0,0.0,1.0,0.0,0.0,1.0,0.0,1.0,1.0,0.0,0.0,0.0,0.0,0.0,0.0,1.0,0.0,0.0,1.0,0.0,1.0,0.0,1.0,0.0,0.3649063491323562,0.6350936508676438,1.0,0.0,0.3649063491323562,0.6350936508676438
0.27170019811086454,-0.4371148833122704,-1.1757085080934957,1.8149867140162708,-1.1191120069138742,-0.3840356986917804,1.088208608473373,1.6872167508233302,1.5770169407870533,-0.3129800035887312,0.9003510102959947,-1.28523525891168,-0.5781551270646347,1.2424047261321933,0.0,1.0,0.9546959902279555,0.04530400977204452,1.0,0.0,0.0,1.0,0.0,0.0,0.9546959902279555,0.04530400977204452,0.0,0.0,0.0,1.0,0.0,0.0,1.0,0.0,1.0,0.0,1.0,0.0,0.04530400977204452,0.9546959902279555,1.0,0.0,0.9546959902279555,0.04530400977204452
-0.17790555588951085,-0.8114495467889389,-1.2173734806299357,0.062429681752668054,-1.1191120069138742,-0.3840356986917804,-3.013878975539212,0.19219395542526493,0.7145598361838071,-0.718880634455983,-0.8011771620977103,-2.003805421152053,-1.248236791758444,1.2728505619408341,1.0,0.0,0.6253873853735288,0.3746126146264712,0.0,1.0,0.3746126146264712,0.6253873853735288,1.0,0.0,0.0,0.0,0.0,0.0,0.0,1.0,0.0,0.0,1.0,0.0,0.6253873853735288,0.3746126146264712,1.0,0.0,1.0,0.0,1.0,0.0,1.0,0.0
0.542058854248229,-1.368951114586313,-1.2173734806299357,-0.26881411126169663,-1.1191120069138742,1.1978256316338864,1.1352010995399686,0.4299158682106988,0.39188006237469286,0.9958328199461243,-0.6420246886392147,-1.5911900030872284,-1.8188157666531637,-0.5740872077950403,0.6258599157142364,0.3741400842857636,1.0,0.0,1.0,0.0,0.0,1.0,0.0,0.0,0.6258599157142364,0.3741400842857636,0.0,0.0,0.0,1.0,0.0,0.0,1.0,0.0,0.0,1.0,1.0,0.0,1.0,0.0,1.0,0.0,0.0,1.0
1.4702839248029642,-1.368951114586313,-0.7604202386370422,1.219651529773481,0.11143700068845773,2.7796869619595532,0.6198192371513055,-0.16225214973488297,0.2860361723764535,0.650952777526687,-0.37579511899928403,-1.6338873318283569,-1.248236791758444,0.5966011970311704,1.0,0.0,0.0,1.0,0.4968637414199123,0.5031362585800877,1.0,0.0,0.4968637414199123,0.0,0.5031362585800877,0.0,0.0,0.0,0.0,1.0,0.0,0.0,1.0,0.0,0.0,1.0,1.0,0.0,1.0,0.0,0.0,1.0,0.4968637414199123,0.5031362585800877
-0.5877158126017253,-0.3495690144037743,-1.2173734806299357,0.3671145627746778,-0.06515928281810535,-0.3840356986917804,-0.05092770435407168,-1.2442037610173844,-0.8865830169728137,0.6023506264880809,-0.4368417635599751,-0.9537248056076899,-1.6495400331326184,-1.4152855180074584,0.14351015881167772,0.8564898411883223,0.0,1.0,1.0,0.0,0.0,1.0,0.0,0.8564898411883223,0.14351015881167772,0.0,0.0,0.0,0.0,0.14351015881167772,0.8564898411883223,0.0,1.0,0.0,1.0,0.0,1.0,0.0,0.8564898411883223,0.14351015881167772,0.0,1.0,0.0,1.0
-0.5877158126017253,-0.7817586944731786,-1.2173734806299357,-0.3121019975312991,-1.1191120069138742,-0.3840356986917804,0.781174236403101,1.1068477137953743,0.44082693609370827,0.9958328199461243,-0.5209807193037213,-0.5333564800733459,-1.0086808055216445,-0.9565465364268398,0.658693631618945,0.341306368381055,1.0,0.0,0.0,1.0,0.0,1.0,0.341306368381055,0.0,0.658693631618945,0.0,0.0,0.0,0.0,1.0,0.0,0.0,1.0,0.0,0.341306368381055,0.658693631618945,1.0,0.0,0.658693631618945,0.341306368381055,0.0,1.0,0.0,1.0
-0.5877158126017253,0.5591967220071501,0.0019951729082050562,-0.7620794323257384,-0.9186132093645665,-0.3840356986917804,-0.7703319417626212,-1.7462598446197508,-0.007373314198600545,-0.3750882239584872,-0.3064857395163139,-1.576296496940588,-1.8357560631290346,-0.6337540199945615,1.0,0.0,0.0,1.0,1.0,0.0,0.0,1.0,0.0,0.1629344270814297,0.0,0.8370655729185703,0.0,0.8370655729185703,0.1629344270814297,0.0,0.0,0.0,1.0,0.0,0.8370655729185703,0.1629344270814297,1.0,0.0,1.0,0.0,0.0,1.0,0.0,1.0
-0.5877158126017253,1.3053988043733975,1.5416520060379102,-0.7620794323257384,-1.0322737048325357,-0.3840356986917804,-0.8661400920590169,-0.16225214973488297,-0.8886293379057802,0.8990886390928862,2.42176711500115,-0.9269106503150759,-0.9220623617120447,-0.07121747803331217,0.07056874740042984,0.9294312525995702,0.0,1.0,1.0,0.0,0.0,1.0,0.0,0.07056874740042984,0.0,0.0,0.9294312525995702,0.0,0.07056874740042984,0.0,0.0,0.9294312525995702,1.0,0.0,0.0,1.0,1.0,0.0,1.0,0.0,0.9294312525995702,0.07056874740042984,0.0,1.0
-0.5877158126017253,-1.368951114586313,-1.2173734806299357,1.4032819032092918,0.11143700068845773,-0.3840356986917804,-0.27297668123647834,0.1760789399602738,-1.0103543730226854,0.9958328199461243,0.1707521311791536,-1.6094522758682908,-1.1227474800956214,0.7922377420670562,0.6424192782063156,0.3575807217936844,0.0,1.0,0.0,1.0,0.0,1.0,0.6424192782063156,0.0,0.3575807217936844,0.0,0.0,0.0,0.0,1.0,0.0,0.0,1.0,0.0,0.0,1.0,1.0,0.0,1.0,0.0,0.0,1.0,0.0,1.0
0.27804619705404127,0.39031532432066,-0.3220801122304206,0.5563179855977891,-1.1191120069138742,4.36154829228522,0.09793108077017354,1.7049977832488163,-0.9874895048937207,-1.0060313756262937,1.2919007470641852,-1.2685809506126995,-1.5805688560946556,-0.7076184928235618,0.0,1.0,0.0,1.0,1.0,0.0,0.0,1.0,0.026511310541621813,0.0,0.0,0.9734886894583782,0.0,0.0,0.0,0.026511310541621813,0.9734886894583782,0.0,1.0,0.0,0.026511310541621813,0.9734886894583782,1.0,0.0,0.0,1.0,1.0,0.0,0.9734886894583782,0.026511310541621813
-0.9282780740622307,-0.999690767702164,-0.4554696616521434,0.010205581507849004,0.6211604480770503,-0.3840356986917804,-0.08001379682485732,0.3919893925242476,-1.0103543730226854,0.9958328199461243,-0.37579511899928403,-0.7486947508716779,-0.8972969786909292,-0.3495903793269153,0.0,1.0,0.0,1.0,0.4142244187265367,0.5857755812734633,0.0,1.0,0.0,0.0,1.0,0.0,0.0,0.0,0.0,1.0,0.0,0.0,0.5857755812734633,0.4142244187265367,0.4142244187265367,0.5857755812734633,1.0,0.0,1.0,0.0,0.0,1.0,0.0,1.0
0.28359348084203284,-0.4242193919326074,-1.162404718216427,0.47751769022254054,-1.1191120069138742,1.1978256316338864,-1.0013363165986222,-0.16225214973488297,-1.0619032259461516,0.9958328199461243,0.7986510822233898,-1.3564693288179006,-1.4160414949697713,-0.23188672254868248,0.0,1.0,1.0,0.0,0.05976975857504241,0.9402302414249576,0.0,1.0,0.9402302414249576,0.0,0.0,0.05976975857504241,0.0,0.0,0.0,1.0,0.0,0.0,1.0,0.0,1.0,0.0,0.05976975857504241,0.9402302414249576,0.05976975857504241,0.9402302414249576,1.0,0.0,0.0,1.0
0.11034768870247091,-1.368951114586313,0.6219768438152948,-0.7620794323257384,-1.1191120069138742,0.526284649891027,0.6948531920570188,-0.16225214973488297,-0.14789726841943915,-0.7695530542953612,-0.5563807805624817,-0.9009687153430227,-0.9502707664412998,-0.17265990835960487,0.0,1.0,0.0,1.0,0.575474177875879,0.42452582212412104,0.0,1.0,1.0,0.0,0.0,0.0,0.0,0.0,0.0,0.0,1.0,0.0,1.0,0.0,1.0,0.0,1.0,0.0,1.0,0.0,1.0,0.0,0.0,1.0
0.41833899315425416,-1.368951114586313,0.2649866039613712,0.044555757171544474,0.11143700068845773,-0.3840356986917804,-0.5367019113575127,0.2050214366642055,1.0493397468339398,-0.3750882239584872,-0.8011771620977103,-1.2685809506126995,-0.6825814469647622,1.0119871659941797,0.3881699262065219,0.6118300737934781,1.0,0.0,0.6118300737934781,0.3881699262065219,0.0,1.0,1.0,0.0,0.0,0.0,0.0,0.0,0.0,1.0,0.0,0.0,1.0,0.0,0.3881699262065219,0.6118300737934781,0.3881699262065219,0.6118300737934781,0.6118300737934781,0.3881699262065219,0.3881699262065219,0.6118300737934781,0.6118300737934781,0.3881699262065219
0.4700667832054025,-0.7329696985192018,0.9500358093860418,1.026605877346292,0.11143700068845773,-0.3840356986917804,-0.5693325016479143,-0.4997610768272466,-0.20838599471641417,-0.6196000679315287,-0.649438375661439,-1.3997125659781346,-0.6715415315622351,1.2728505619408341,0.3567117815576468,0.6432882184423532,1.0,0.0,0.6432882184423532,0.3567117815576468,0.0,1.0,1.0,0.0,0.0,0.0,0.0,0.0,0.0,1.0,0.0,0.0,1.0,0.0,0.0,1.0,0.3567117815576468,0.6432882184423532,1.0,0.0,0.0,1.0,1.0,0.0
1.5020285494909884,-0.9604415877366328,-0.7959296792281678,0.5563179855977891,-0.45246563893677816,2.911763238328235,0.011325030643275058,1.7300819112180217,1.109783297293189,-1.1177807368581631,-0.8011771620977103,-1.2685809506126995,-3.090840193938116,-3.599720444923638,1.0,0.0,1.0,0.0,1.0,0.0,0.5417471095084834,0.45825289049151663,0.5417471095084834,0.0,0.45825289049151663,0.0,0.0,0.5417471095084834,0.0,0.45825289049151663,0.0,0.0,1.0,0.0,0.45825289049151663,0.5417471095084834,1.0,0.0,0.45825289049151663,0.5417471095084834,1.0,0.0,0.5417471095084834,0.45825289049151663
-0.5877158126017253,0.8190087322766881,0.5380715875868802,-0.7620794323257384,-0.5599711979354366,-0.3840356986917804,-0.4680208565246817,-1.1947413843851915,0.24398875984746643,-0.3750882239584872,-0.18250866048887376,-1.4691563581337947,-1.6311940998565078,-0.43789052232973996,1.0,0.0,0.0,1.0,1.0,0.0,0.0,1.0,0.0,0.45438321068406506,0.0,0.5456167893159349,0.0,0.5456167893159349,0.45438321068406506,0.0,0.0,0.0,1.0,0.0,0.5456167893159349,0.45438321068406506,1.0,0.0,1.0,0.0,0.0,1.0,0.0,1.0
-1.3136327157837115,-1.3167699199513825,-1.2173734806299357,1.8747154035213165,-1.1191120069138742,1.1052310761742532,1.1352010995399686,1.7300819112180217,1.5770169407870533,-1.6657621424058566,-0.3010956612918877,-1.2685809506126995,-0.8767546496250918,0.6401541818223848,0.9414648087765252,0.058535191223474836,1.0,0.0,1.0,0.0,0.0,1.0,0.0,0.0,1.0,0.0,0.0,0.0,0.0,1.0,0.0,0.0,1.0,0.0,1.0,0.0,1.0,0.0,0.0,1.0,0.058535191223474836,0.9414648087765252,0.058535191223474836,0.9414648087765252
-0.5877158126017253,-1.368951114586313,-0.2976983184073204,-0.7620794323257384,1.3419860082907897,1.1978256316338864,-3.013878975539212,-0.16225214973488297,-1.0103543730226854,0.3103722979938185,-0.5548154687276328,-0.6752925337988069,-1.248236791758444,-1.1558114101985912,1.0,0.0,0.0,1.0,1.0,0.0,0.0,1.0,0.0,0.0,1.0,0.0,0.0,0.0,0.0,0.0,1.0,0.0,1.0,0.0,0.0,1.0,1.0,0.0,1.0,0.0,0.0,1.0,1.0,0.0
1.7830659470787267,-1.368951114586313,-1.2173734806299357,0.6074842460434084,0.11143700068845773,1.1364344852951944,0.09793108077017354,-0.16225214973488297,-0.18136874237515055,-0.32188355120261847,0.06609576135122358,-1.6504600094646231,-1.248236791758444,0.6268978033606076,1.0,0.0,0.9611905638239142,0.03880943617608579,0.9611905638239142,0.03880943617608579,0.0,1.0,1.0,0.0,0.0,0.0,0.0,0.0,0.0,1.0,0.0,0.0,1.0,0.0,0.0,1.0,1.0,0.0,1.0,0.0,0.0,1.0,0.0,1.0
1.1344388699622319,-1.368951114586313,0.4478835163886479,0.5563179855977891,0.11143700068845773,-0.23431353926192888,-0.8411619966048388,-0.16225214973488297,0.6329288248926779,-0.3750882239584872,-0.7206528874923421,-1.3033752126900708,-0.6127896216612129,1.2092429733653718,0.09464935804393626,0.9053506419560637,1.0,0.0,1.0,0.0,0.0,1.0,1.0,0.0,0.0,0.0,0.0,0.0,0.0,1.0,0.0,0.0,1.0,0.0,0.0,1.0,0.09464935804393626,0.9053506419560637,1.0,0.0,0.0,1.0,0.9053506419560637,0.09464935804393626
0.07347936914239214,1.3053988043733975,-0.6771807496826473,-0.7620794323257384,-0.8781814203015711,-0.3840356986917804,-0.7362506639417686,-0.9231680636141318,-0.6726314625879644,0.7274186330535135,-0.6346050962232497,-1.2685809506126995,-0.6837789741098789,1.0096939551602706,1.0,0.0,0.0,1.0,1.0,0.0,0.0,1.0,0.0,1.0,0.0,0.0,0.0,0.8042088652107036,0.19579113478929644,0.0,0.0,0.0,1.0,0.0,0.0,1.0,1.0,0.0,1.0,0.0,0.0,1.0,0.8042088652107036,0.19579113478929644
0.999594475523014,-1.368951114586313,-0.36148818404165983,-0.7620794323257384,0.02608452073051612,1.1978256316338864,-0.795446142278261,0.7839148807415693,0.7145598361838071,0.9958328199461243,0.9802692983931165,-0.9774629039108191,-1.2969200756849444,-0.696638344161715,1.0,0.0,0.06936130087516545,0.9306386991248345,1.0,0.0,0.0,1.0,0.0,0.0,1.0,0.0,0.0,0.0,0.0,1.0,0.0,0.0,1.0,0.0,0.0,1.0,1.0,0.0,0.06936130087516545,0.9306386991248345,0.06936130087516545,0.9306386991248345,0.0,1.0
1.0566211509578187,-0.5673396882052903,-1.2173734806299357,-0.6292139755262454,-1.1191120069138742,2.6202701386330953,-0.73027093923893,-1.0130663579107035,1.4031835342356986,0.9958328199461243,0.006717771973836439,-1.5620987331776437,-1.283603804723156,0.39763780577795654,0.0,1.0,0.10077800137742665,0.8992219986225733,1.0,0.0,0.0,1.0,0.0,0.0,0.0,1.0,0.0,0.0,0.0,0.10077800137742665,0.8992219986225733,0.0,1.0,0.0,0.8992219986225733,0.10077800137742665,1.0,0.0,1.0,0.0,1.0,0.0,0.0,1.0
1.8488268112752102,-1.336463422616633,-1.2006153201678544,0.5563179855977891,0.11143700068845773,4.332723890919097,-0.9204379845640187,1.7128410205514353,0.7145598361838071,-1.7210285836190284,-0.7856746872484313,-1.2752795166711601,-4.017386711771141,-5.361769830721096,0.9817781743484503,0.018221825651549728,1.0,0.0,1.0,0.0,0.9817781743484503,0.018221825651549728,0.9817781743484503,0.0,0.018221825651549728,0.0,0.0,0.9817781743484503,0.0,0.018221825651549728,0.0,0.0,0.9817781743484503,0.018221825651549728,0.0,1.0,1.0,0.0,0.018221825651549728,0.9817781743484503,0.9817781743484503,0.018221825651549728,0.9817781743484503,0.018221825651549728
1.8011416070781026,-1.368951114586313,-1.130516635375943,0.43180462999612007,0.11143700068845773,1.1978256316338864,-2.817953272187258,-1.786509763504265,0.7145598361838071,-1.4870615831651794,1.6908535870889152,-1.56675641006443,-1.248236791758444,0.47387877680118506,1.0,0.0,0.0,1.0,1.0,0.0,0.0,1.0,0.0,0.0,1.0,0.0,0.0,0.0,0.0,1.0,0.0,0.0,1.0,0.0,0.0,1.0,1.0,0.0,0.9055570392440716,0.0944429607559284,0.0,1.0,0.0,1.0
0.7959993111230735,-0.4775011415997428,-1.2173734806299357,0.5563179855977891,-1.1191120069138742,0.1174036284160469,-0.23087648931813998,0.48398634086377446,-0.42129032879760886,0.9958328199461243,-0.26180425660766027,-1.519662597292616,-1.4879310611450267,-0.07121747803331217,0.0,1.0,1.0,0.0,0.6830067734163568,0.31699322658364315,0.0,1.0,0.31699322658364315,0.0,0.6830067734163568,0.0,0.0,0.0,0.0,1.0,0.0,0.0,1.0,0.0,1.0,0.0,0.6830067734163568,0.31699322658364315,0.0,1.0,0.31699322658364315,0.6830067734163568,0.0,1.0
0.9980920879333184,0.3504877126400058,-0.2976983184073204,-0.7620794323257384,-1.1191120069138742,1.1978256316338864,-2.050450807493955,-0.2296085018521299,-1.8728114776259317,0.9958328199461243,-0.8011771620977103,-2.6605204371325306,-4.055755296298563,-2.902877138788128,0.0,1.0,0.928811351539771,0.07118864846022899,1.0,0.0,0.0,1.0,0.0,0.0,0.07118864846022899,0.928811351539771,0.0,0.0,0.0,1.0,0.0,0.0,1.0,0.0,1.0,0.0,1.0,0.0,0.928811351539771,0.07118864846022899,0.928811351539771,0.07118864846022899,0.07118864846022899,0.928811351539771
-0.06321239323499017,-1.368951114586313,-0.2976983184073204,-0.7620794323257384,0.9494708629834734,1.1978256316338864,-2.352151259495378,0.13955207517451987,-0.46014877593837955,0.5290175000250459,0.24395541848883442,-0.9009687153430227,-1.248236791758444,-0.7432514980203854,1.0,0.0,0.0,1.0,1.0,0.0,0.0,1.0,0.0,0.0,1.0,0.0,0.0,0.0,0.0,0.3189756302937613,0.6810243697062387,0.0,1.0,0.0,0.0,1.0,1.0,0.0,0.6810243697062387,0.3189756302937613,0.0,1.0,0.6810243697062387,0.3189756302937613
0.23445266917804672,0.13737703169516768,-1.074709157081036,-0.7620794323257384,-0.07945153145270023,-0.13864995173556638,0.25883726987254607,1.4365341784707932,0.8483482263375703,-1.7460092678630987,1.3917203105492424,-1.382632417972764,-1.0061758374320011,0.600816541953761,0.8448753109694546,0.15512468903054544,0.8448753109694546,0.15512468903054544,1.0,0.0,0.0,1.0,0.8448753109694546,0.0,0.15512468903054544,0.0,0.0,0.0,0.0,1.0,0.0,0.0,1.0,0.0,0.0,1.0,1.0,0.0,0.0,1.0,0.15512468903054544,0.8448753109694546,0.0,1.0
-0.5494489084577245,-1.3482053481032656,-0.25489307586116056,-0.7620794323257384,1.313348750866084,1.1978256316338864,-2.9897396943217025,-0.16225214973488297,-1.0103543730226854,0.26251631834485933,-0.7615793078170667,-0.5504665767031444,-1.2727379380889938,-1.4309250505328863,1.0,0.0,0.0,1.0,1.0,0.0,0.023271935735825866,0.9767280642641741,0.0,0.0,1.0,0.0,0.0,0.0,0.0,0.0,1.0,0.0,1.0,0.0,0.0,1.0,1.0,0.0,1.0,0.0,0.0,1.0,0.9767280642641741,0.023271935735825866
-0.7402539785938774,-1.368951114586313,-1.2173734806299357,0.5563179855977891,-0.1168686239406822,-0.3840356986917804,-0.5544463769048955,0.4328272709643355,-1.1703673483416788,0.8686582891829329,-0.45471689493475376,-0.9009687153430227,-0.8321865826525578,0.05346601344674695,0.18553151741106422,0.8144684825889358,0.18553151741106422,0.8144684825889358,0.0,1.0,0.0,1.0,0.18553151741106422,0.0,0.8144684825889358,0.0,0.0,0.0,0.0,1.0,0.0,0.0,1.0,0.0,0.0,1.0,1.0,0.0,1.0,0.0,0.18553151741106422,0.8144684825889358,0.18553151741106422,0.8144684825889358
0.4661847814358725,-0.728760572957626,-0.038483482694375126,1.5031187962306487,1.8788627891223493,0.7519704626521948,-2.4291599605000904,-0.16225214973488297,1.3339292878173867,-0.3750882239584872,-0.49569107894943965,-0.7405830076251076,-1.050408667816117,-0.6576215286333822,0.0,1.0,1.0,0.0,0.28185477477339993,0.7181452252266001,0.0,1.0,0.28185477477339993,0.0,0.0,0.7181452252266001,0.0,0.0,0.0,0.28185477477339993,0.7181452252266001,0.0,1.0,0.0,0.0,1.0,0.7181452252266001,0.28185477477339993,1.0,0.0,0.0,1.0,1.0,0.0
1.0566211509578187,-1.1582750498037366,-0.4063715754192745,-0.7620794323257384,0.11143700068845773,1.0109052602145903,-0.6942012720695316,0.672111216684025,0.6126477410872918,0.9148354955281796,0.9873790423550242,-0.9444075517552758,-1.248236791758444,-0.6638407138927241,1.0,0.0,0.11816482762165625,0.8818351723783437,1.0,0.0,0.0,1.0,0.0,0.0,1.0,0.0,0.0,0.0,0.0,1.0,0.0,0.0,1.0,0.0,0.11816482762165625,0.8818351723783437,1.0,0.0,0.0,1.0,0.0,1.0,0.0,1.0
-0.9112180057159248,-1.368951114586313,-0.38066359071049094,3.193112821444844,-0.26174277951535674,0.0956840523436171,1.1352010995399686,1.0708521764428425,1.3154657544932458,0.5182469989120435,1.2873587028756481,-1.4132269288529704,-0.8972969786909292,0.8652446781948244,0.30326283463584935,0.6967371653641506,1.0,0.0,0.6967371653641506,0.30326283463584935,0.30326283463584935,0.6967371653641506,0.0,0.0,1.0,0.0,0.0,0.0,0.0,1.0,0.0,0.0,1.0,0.0,0.0,1.0,1.0,0.0,0.30326283463584935,0.6967371653641506,0.0,1.0,0.6967371653641506,0.30326283463584935
1.0566211509578187,-1.368951114586313,-0.8761214330483637,1.385514610813861,0.11143700068845773,2.7796869619595532,-0.5544524777143252,0.4328328359422462,0.39453895817526274,0.9958328199461243,-0.24202462242160028,-1.7725983353904262,-1.248236791758444,0.850179572277235,1.0,0.0,0.0,1.0,1.0,0.0,0.371057153220116,0.628942846779884,0.371057153220116,0.0,0.628942846779884,0.0,0.0,0.0,0.0,1.0,0.0,0.0,1.0,0.0,0.628942846779884,0.371057153220116,1.0,0.0,0.371057153220116,0.628942846779884,0.0,1.0,1.0,0.0
-0.6884544612157206,-1.0412684038920905,-1.1046875347936176,0.5563179855977891,-1.1191120069138742,-0.3840356986917804,0.2250256875987926,1.7300819112180217,1.5770169407870533,0.9958328199461243,-0.6969347516525132,-0.5333564800733459,-0.5893571142917693,-0.15356045334364843,0.0,1.0,0.877472013527053,0.12252798647294705,0.0,1.0,0.12252798647294705,0.877472013527053,0.877472013527053,0.12252798647294705,0.0,0.0,0.0,0.0,0.12252798647294705,0.877472013527053,0.0,0.0,1.0,0.0,1.0,0.0,1.0,0.0,0.12252798647294705,0.877472013527053,0.0,1.0,0.12252798647294705,0.877472013527053
0.23445266917804672,0.41394883138682737,-0.2976983184073204,0.20703633381565667,-0.2145710634437923,3.198767833049729,0.3727339441363793,1.034581924512873,0.9430496966702681,-0.011891542769551289,-0.06310909656349434,-1.5388020601074606,-1.7641681811662013,-0.5652102265769315,0.0,1.0,0.7350710438038858,0.26492895619611423,1.0,0.0,0.0,1.0,0.0,0.0,0.7350710438038858,0.26492895619611423,0.0,0.0,0.0,0.7350710438038858,0.26492895619611423,0.0,0.26492895619611423,0.7350710438038858,0.0,1.0,0.7350710438038858,0.26492895619611423,0.7350710438038858,0.26492895619611423,0.0,1.0,0.0,1.0
0.7334775807452941,-0.4775011415997428,-1.0366397734017838,0.5563179855977891,-1.1191120069138742,-0.3840356986917804,0.3017744197985044,0.7839148807415693,-0.14789726841943915,0.8611267559141411,-0.5503901120756253,-1.6361931858823764,-1.5302102392710157,0.06085002232427761,0.0,1.0,1.0,0.0,1.0,0.0,0.0,1.0,0.0,0.0,0.8034809303848486,0.19651906961515142,0.0,0.0,0.0,0.8034809303848486,0.19651906961515142,0.0,1.0,0.0,0.8034809303848486,0.19651906961515142,1.0,0.0,0.0,1.0,0.0,1.0,0.0,1.0
0.23445266917804672,0.41394883138682737,-0.2976983184073204,0.18448433335461295,-1.1191120069138742,4.36154829228522,0.3904770871549437,1.7300819112180217,-0.28062621044909597,-0.4805780499408233,0.845843282575326,-1.2685809506126995,-1.5001994446492082,-0.5537146704399544,0.0,1.0,0.0,1.0,1.0,0.0,0.0,1.0,0.0,0.0,0.0,1.0,0.0,0.0,0.0,0.0,1.0,0.0,1.0,0.0,0.0,1.0,0.7179654274286935,0.2820345725713065,0.0,1.0,0.7179654274286935,0.2820345725713065,0.7179654274286935,0.2820345725713065
-0.44183061228465526,0.41394883138682737,-0.134511577196997,-0.7620794323257384,-1.1191120069138742,-0.3840356986917804,-0.7552862190927246,-2.0545862106877877,0.005136726750941567,-0.3750882239584872,-0.1493563320208706,-1.6361931858823764,-1.7010340165941096,-0.26626985837654776,0.8225604562202772,0.17743954377972282,0.0,1.0,1.0,0.0,0.0,1.0,0.0,0.0,0.0,1.0,0.0,0.8225604562202772,0.0,0.0,0.17743954377972282,0.0,1.0,0.0,0.8225604562202772,0.17743954377972282,1.0,0.0,0.8225604562202772,0.17743954377972282,0.0,1.0,0.0,1.0
0.4394893601997536,0.1916343584738215,-0.9880200618893149,-0.7620794323257384,0.11143700068845773,-0.3840356986917804,0.3566109220165705,1.7300819112180217,0.7145598361838071,-1.575065525355636,1.6439850727912813,-1.2685809506126995,-1.072335403572835,0.2656257999932238,0.7506147516408583,0.24938524835914166,0.7506147516408583,0.24938524835914166,1.0,0.0,0.0,1.0,0.7506147516408583,0.0,0.24938524835914166,0.0,0.0,0.0,0.0,0.7506147516408583,0.24938524835914166,0.0,1.0,0.0,0.24938524835914166,0.7506147516408583,1.0,0.0,0.24938524835914166,0.7506147516408583,0.24938524835914166,0.7506147516408583,0.0,1.0
0.8978067618085914,0.24175166492468614,-0.47534761090747313,0.8109865665803531,-1.1191120069138742,-0.3840356986917804,0.2982956143960911,0.9666814818802718,1.5770169407870533,0.7310184990562956,0.9003510102959947,-1.5651832726079653,-1.1126580307730758,0.7306301686458326,0.0,1.0,0.193165260732736,0.806834739267264,1.0,0.0,0.0,1.0,0.0,0.0,0.193165260732736,0.806834739267264,0.0,0.0,0.0,1.0,0.0,0.0,1.0,0.0,1.0,0.0,1.0,0.0,0.806834739267264,0.193165260732736,1.0,0.0,0.193165260732736,0.806834739267264
1.8709832597515699,-0.4775011415997428,-1.2173734806299357,0.5437999893279261,-1.1074281188254778,4.36154829228522,0.10777981230535172,0.7839148807415693,-0.1315194529420025,0.9958328199461243,0.0617037503831912,-1.2616000986672982,-0.8972969786909292,0.588054806772773,0.0094948579993267,0.9905051420006733,0.0,1.0,1.0,0.0,0.0,1.0,0.9905051420006733,0.0,0.0,0.0094948579993267,0.0,0.0,0.0,1.0,0.0,0.0,1.0,0.0,0.9905051420006733,0.0094948579993267,1.0,0.0,0.0,1.0,1.0,0.0,0.0,1.0
-0.5877158126017253,-1.368951114586313,-1.2173734806299357,1.1003120654274179,0.11143700068845773,-0.3840356986917804,-0.5113429925249571,0.3935096386561927,-1.0103543730226854,0.9958328199461243,-0.024754818153066183,-1.356018634906595,-1.0421009490945774,0.4833687542317144,0.4126176769114265,0.5873823230885735,0.0,1.0,0.0,1.0,0.0,1.0,0.4126176769114265,0.0,0.5873823230885735,0.0,0.0,0.0,0.0,1.0,0.0,0.0,1.0,0.0,0.0,1.0,1.0,0.0,1.0,0.0,0.0,1.0,0.0,1.0
-0.5877158126017253,-0.809136654130235,-1.2173734806299357,0.5563179855977891,0.11143700068845773,-0.3840356986917804,-0.28795212606280995,-0.40443668517515186,-1.0103543730226854,0.9958328199461243,-0.37579511899928403,-0.9009687153430227,-1.3380646898542508,-0.9152678986010185,0.0,1.0,0.0,1.0,0.6279819142072168,0.37201808579278317,0.0,1.0,0.0,0.6279819142072168,0.37201808579278317,0.0,0.0,0.0,0.0,0.37201808579278317,0.6279819142072168,0.0,1.0,0.0,0.6279819142072168,0.37201808579278317,1.0,0.0,1.0,0.0,0.0,1.0,0.0,1.0
0.6889687177330454,0.21463217128013323,-1.2173734806299357,-0.7620794323257384,-0.1636978085832217,-0.3840356986917804,1.1352010995399686,0.04929853525288386,-0.14789726841943915,0.46363238662538,-0.04552298747075523,-1.1041942880547726,-1.248236791758444,-0.37173367165243887,1.0,0.0,1.0,0.0,0.7764129607419968,0.22358703925800316,0.0,1.0,0.0,0.0,1.0,0.0,0.0,0.0,0.0,1.0,0.0,0.0,1.0,0.0,0.7764129607419968,0.22358703925800316,1.0,0.0,0.22358703925800316,0.7764129607419968,0.0,1.0,0.0,1.0
1.5985917034625956,-1.368951114586313,-0.9039449294616999,0.5563179855977891,0.11143700068845773,1.7369295731982222,0.09793108077017354,-0.16225214973488297,-0.14789726841943915,0.09212652121156734,-0.09538478214886326,-1.7614767371026074,-1.248236791758444,0.8298481151358229,1.0,0.0,0.6591964597469822,0.34080354025301784,1.0,0.0,0.34080354025301784,0.6591964597469822,1.0,0.0,0.0,0.0,0.0,0.0,0.0,1.0,0.0,0.0,1.0,0.0,0.0,1.0,1.0,0.0,1.0,0.0,0.0,1.0,0.34080354025301784,0.6591964597469822
-0.530786668118837,-1.3072247343660928,-0.2976983184073204,-0.7620794323257384,1.1715729997662603,1.1978256316338864,-3.013878975539212,-0.22776728535080604,-1.0700732094976204,0.3578354177269726,-0.8011771620977103,-0.6097198430061179,-1.4426368814302823,-1.64795268215392,0.9307573256035647,0.06924267439643528,0.0,1.0,1.0,0.0,0.0,1.0,0.0,0.0,1.0,0.0,0.0,0.0,0.0,0.06924267439643528,0.9307573256035647,0.0,1.0,0.0,0.06924267439643528,0.9307573256035647,1.0,0.0,0.9307573256035647,0.06924267439643528,0.0,1.0,1.0,0.0
0.3508612420346535,-0.4775011415997428,-0.2976983184073204,1.6880471411402456,-1.1191120069138742,1.1978256316338864,0.24479528832353636,0.9178800668835995,1.5770169407870533,0.8017278818991649,-0.8011771620977103,-0.6374548896346917,-1.046362785893801,-0.8384029455782335,0.1415872481569882,0.8584127518430118,1.0,0.0,1.0,0.0,0.0,1.0,0.0,0.0,1.0,0.0,0.0,0.0,0.0,1.0,0.0,0.0,1.0,0.0,0.1415872481569882,0.8584127518430118,1.0,0.0,1.0,0.0,0.1415872481569882,0.8584127518430118,0.0,1.0
-0.5877158126017253,-1.368951114586313,-1.2173734806299357,1.1219026035936284,0.11143700068845773,-0.3840356986917804,-0.49435629517220636,0.37801487576801435,-1.0103543730226854,0.9958328199461243,-0.01082240731566908,-1.374079075305037,-1.0478480624649984,0.5053796835012441,0.42899402737501835,0.5710059726249817,0.0,1.0,0.0,1.0,0.0,1.0,0.42899402737501835,0.0,0.5710059726249817,0.0,0.0,0.0,0.0,1.0,0.0,0.0,1.0,0.0,0.0,1.0,1.0,0.0,1.0,0.0,0.0,1.0,0.0,1.0
0.8517951949965383,-1.1468651346988703,-0.9882557894867341,0.8847689265515245,-1.1191120069138742,1.1978256316338864,0.876787127351956,0.07346543225860536,0.28182876667144807,0.9958328199461243,-0.4817700931770662,-0.8093858717035073,-1.424318083028036,-1.2478624002002914,0.0,1.0,1.0,0.0,1.0,0.0,0.0,1.0,0.0,0.0,0.24912893220850263,0.7508710677914974,0.0,0.0,0.0,1.0,0.0,0.0,1.0,0.0,0.0,1.0,1.0,0.0,1.0,0.0,0.7508710677914974,0.24912893220850263,0.0,1.0
1.258428263513642,-1.368951114586313,-0.5234391405021871,0.5563179855977891,-0.190610022015557,2.391407826221234,0.09793108077017354,-0.16225214973488297,-0.3595935105405985,0.9958328199461243,-0.4802081727142095,-2.0940384638726535,-1.248236791758444,1.4378061010041783,0.7545428740846823,0.24545712591531765,0.24545712591531765,0.7545428740846823,1.0,0.0,0.7545428740846823,0.24545712591531765,0.7545428740846823,0.0,0.24545712591531765,0.0,0.0,0.0,0.0,0.7545428740846823,0.24545712591531765,0.0,1.0,0.0,0.24545712591531765,0.7545428740846823,1.0,0.0,1.0,0.0,0.0,1.0,1.0,0.0
0.14966747450195167,1.2134690342853347,-1.1225330198292256,-0.7620794323257384,-1.1191120069138742,-0.3840356986917804,-0.9393389379996216,-1.2059915849590728,-0.921414459690962,0.8544581380300853,-0.7573101200800672,-1.3064905465451337,-0.6911182506317387,1.0649423175495398,1.0,0.0,0.0,1.0,1.0,0.0,0.0,1.0,0.0,0.8968761311640674,0.0,0.10312386883593261,0.0,1.0,0.0,0.0,0.0,0.0,1.0,0.0,0.10312386883593261,0.8968761311640674,1.0,0.0,1.0,0.0,0.0,1.0,0.8968761311640674,0.10312386883593261
0.8162673646504814,0.32707962267870727,-1.038134137914752,-0.7620794323257384,0.23135042466764877,-0.3840356986917804,1.1352010995399686,-0.16225214973488297,-0.23194120637658244,0.37716843344397777,0.008134680448493248,-1.1969354630205848,-1.2140387270445985,-0.13670523989349836,0.9025529066795667,0.09744709332043333,0.9025529066795667,0.09744709332043333,1.0,0.0,0.0,1.0,0.0,0.0,1.0,0.0,0.0,0.0,0.0,1.0,0.0,0.0,0.9025529066795667,0.09744709332043333,1.0,0.0,1.0,0.0,0.09744709332043333,0.9025529066795667,0.0,1.0,0.0,1.0
-0.5790791424393322,-0.9185439008162701,-1.2173734806299357,2.5269893982098526,-0.5103008048159767,-0.3840356986917804,1.1352010995399686,1.261968017621741,1.5770169407870533,-0.03595825694193039,0.9003510102959947,-1.4504562318715124,-0.7199838055521598,1.2728505619408341,0.0,1.0,1.0,0.0,1.0,0.0,0.0,1.0,0.0,0.0,1.0,0.0,0.0,0.0,0.0,1.0,0.0,0.0,1.0,0.0,0.5052523724478571,0.49474762755214285,1.0,0.0,0.0,1.0,0.5052523724478571,0.49474762755214285,1.0,0.0
0.23445266917804672,0.41394883138682737,1.2224464900181373,-0.7620794323257384,-0.10211559216945476,1.7468660786956764,1.1352010995399686,0.9481151046957665,0.864232827490035,0.9958328199461243,0.6788853774012944,-1.2685809506126995,-0.9581999630943412,0.4841900552634037,0.0,1.0,0.0,1.0,1.0,0.0,0.0,1.0,0.0,0.0,0.0,1.0,0.0,0.0,0.0,0.8264574661077416,0.17354253389225838,0.0,1.0,0.0,0.0,1.0,0.8264574661077416,0.17354253389225838,0.0,1.0,0.0,1.0,0.0,1.0
-0.5877158126017253,0.09311527478645998,0.290985019086902,-0.7620794323257384,-0.7252752879821327,-0.3840356986917804,0.09793108077017354,-0.16225214973488297,0.7145598361838071,-1.307246534716958,0.33882561401833067,-1.5185390366503448,-1.4868584576679433,-0.07121747803331217,1.0,0.0,0.0,1.0,0.32004960103061175,0.6799503989693882,0.6799503989693882,0.32004960103061175,0.0,0.32004960103061175,0.6799503989693882,0.0,0.0,0.0,0.32004960103061175,0.6799503989693882,0.0,0.0,1.0,0.0,0.0,1.0,1.0,0.0,1.0,0.0,0.6799503989693882,0.32004960103061175,0.6799503989693882,0.32004960103061175
1.0566211509578187,-1.368951114586313,0.6219768438152948,-0.6243375265421427,-0.9905482194223783,-0.3840356986917804,-0.010439541968580213,-0.16225214973488297,-0.05779053456997729,-0.3750882239584872,-0.8011771620977103,-0.9393756548492938,-0.5463571656234143,0.6710284867027303,0.0,1.0,0.10447677150379953,0.8955232284962005,0.10447677150379953,0.8955232284962005,0.0,1.0,1.0,0.0,0.0,0.0,0.0,0.0,0.0,0.10447677150379953,0.8955232284962005,0.0,1.0,0.0,0.8955232284962005,0.10447677150379953,0.8955232284962005,0.10447677150379953,1.0,0.0,0.8955232284962005,0.10447677150379953,0.10447677150379953,0.8955232284962005
0.8744313758000577,-1.368951114586313,-1.2173734806299357,1.3615929152266935,-0.6401802673903882,1.1978256316338864,0.7314938669341475,-0.7401693835869819,-1.2014719717303532,-1.2124444961634326,-0.47005835154315906,-1.411656249702876,-1.248236791758444,0.1903392907121248,1.0,0.0,1.0,0.0,1.0,0.0,0.0,1.0,0.3892016787341631,0.0,0.6107983212658369,0.0,0.0,0.0,0.0,0.3892016787341631,0.6107983212658369,0.0,1.0,0.0,0.0,1.0,1.0,0.0,1.0,0.0,0.0,1.0,0.0,1.0
-0.5877158126017253,-0.46783991748039294,-1.2074063617466801,0.5420296538698086,0.09810073941463664,-0.3840356986917804,0.08668950981578397,-1.1186734087297878,-1.0010073635062882,0.9809752554652793,-0.37579511899928403,-0.9089368219145151,-1.6029799682105457,-1.4080022475159346,0.01083765148029836,0.9891623485197016,0.0,1.0,1.0,0.0,0.0,1.0,0.0,0.9891623485197016,0.0,0.01083765148029836,0.0,0.01083765148029836,0.0,0.0,0.9891623485197016,0.0,1.0,0.0,1.0,0.0,1.0,0.0,1.0,0.0,0.0,1.0,0.0,1.0
0.15666071238167012,0.2452543622566472,-0.3847161645931173,0.5563179855977891,0.11143700068845773,2.929359554613762,-0.0002133583253777216,0.7839148807415693,0.6329558495230836,-0.5048020636179813,-0.03091069227027521,-1.6361931858823764,-1.9169111863852324,-0.6796649672701914,0.09461802358073634,0.9053819764192637,1.0,0.0,1.0,0.0,0.0,1.0,0.09461802358073634,0.0,0.9053819764192637,0.0,0.0,0.0,0.0,1.0,0.0,0.0,0.0,1.0,0.0,1.0,1.0,0.0,1.0,0.0,0.0,1.0,0.09461802358073634,0.9053819764192637
0.15939964071807053,-1.2875736090312804,1.3737438274738085,2.952408583513528,-1.1191120069138742,1.053422767651964,1.1352010995399686,1.643709467321222,0.635828993233986,0.9332594068290098,2.021170287275469,-0.9680849139504049,-0.9293331079778095,-0.009869725661466211,0.9087133232138664,0.09128667678613356,1.0,0.0,0.09128667678613356,0.9087133232138664,0.9087133232138664,0.09128667678613356,0.0,0.0,0.9087133232138664,0.09128667678613356,0.0,0.0,0.0,0.9087133232138664,0.09128667678613356,0.0,1.0,0.0,0.0,1.0,1.0,0.0,0.9087133232138664,0.09128667678613356,0.0,1.0,0.0,1.0
1.0566211509578187,1.0207466707691788,-0.2976983184073204,-0.7620794323257384,-0.28149407916231795,0.1210741968581211,0.14155771096938508,-0.16225214973488297,-1.8728114776259317,0.9958328199461243,-0.8011771620977103,-2.488801256488434,-4.055755296298563,-3.216797950462096,0.6806863624095851,0.31931363759041487,1.0,0.0,0.31931363759041487,0.6806863624095851,0.6806863624095851,0.31931363759041487,0.0,0.0,0.0,0.31931363759041487,0.6806863624095851,0.0,0.0,1.0,0.0,0.0,1.0,0.0,1.0,0.0,1.0,0.0,0.31931363759041487,0.6806863624095851,0.31931363759041487,0.6806863624095851,0.0,1.0
-0.5877158126017253,-0.5220183997233052,-0.2517715498536911,0.4904798119013901,-1.1191120069138742,-0.3050406554569196,1.1352010995399686,0.7366651603981942,-0.14789726841943915,0.2419111977325652,0.4324834822290781,-1.5994775220475277,-1.248236791758444,0.5336964278875719,0.0,1.0,0.9500619670508049,0.04993803294919508,1.0,0.0,0.0,1.0,0.04993803294919508,0.0,0.0,0.9500619670508049,0.0,0.0,0.0,0.0,1.0,0.0,1.0,0.0,0.04993803294919508,0.9500619670508049,1.0,0.0,0.04993803294919508,0.9500619670508049,0.04993803294919508,0.9500619670508049,0.0,1.0
-0.5471065655886045,0.41394883138682737,-0.2976983184073204,0.5563179855977891,0.050656674369819576,2.857819606213491,-1.8741415055230668,1.7300819112180217,1.4492192896660663,-1.7121524170222024,0.9213618430461574,-2.316945405059835,-2.2663883937197777,-0.10441115563549708,0.9506071469375561,0.0493928530624439,0.0,1.0,1.0,0.0,0.9506071469375561,0.0493928530624439,0.0,0.0,0.0,1.0,0.0,0.9506071469375561,0.0,0.0,0.0493928530624439,0.0,1.0,0.0,0.0,1.0,1.0,0.0,0.0,1.0,0.0493928530624439,0.9506071469375561,1.0,0.0
-0.7084724465685951,-0.988692331476722,-1.2173734806299357,1.8747154035213165,-1.1191120069138742,0.5230635218740618,1.1352010995399686,1.7300819112180217,1.5770169407870533,-1.1612262921589185,0.16856046897620414,-1.2685809506126995,-0.7475993508872308,0.8874807927724446,0.5734378881232861,0.4265621118767139,1.0,0.0,1.0,0.0,0.0,1.0,0.0,0.0,1.0,0.0,0.0,0.0,0.0,1.0,0.0,0.0,1.0,0.0,1.0,0.0,1.0,0.0,0.0,1.0,0.4265621118767139,0.5734378881232861,0.4265621118767139,0.5734378881232861
0.01766786803460363,0.41394883138682737,-0.2976983184073204,-0.7620794323257384,-1.1191120069138742,0.19834677864170724,-1.321223159842594,-1.3578992273013213,-0.7829464924488274,0.12963388946052357,-0.5324049578793073,-2.0422166220145037,-2.7253342975307486,-1.4855052529659183,0.6318372121697993,0.36816278783020073,0.36816278783020073,0.6318372121697993,1.0,0.0,0.0,1.0,0.0,0.0,0.0,1.0,0.0,0.6318372121697993,0.0,0.36816278783020073,0.0,0.0,1.0,0.0,1.0,0.0,1.0,0.0,1.0,0.0,0.36816278783020073,0.6318372121697993,0.0,1.0
-0.13424510478780585,-0.9691843661327915,0.7168035896910768,2.0106539849336733,-1.1191120069138742,0.4884470016586735,1.1352010995399686,1.3057775433573322,0.327794809726094,0.6884411183836909,1.413454450161362,-1.230676836805277,-1.054674366344965,0.2301531688469794,0.5515544780216802,0.44844552197831977,1.0,0.0,0.44844552197831977,0.5515544780216802,0.5515544780216802,0.44844552197831977,0.0,0.0,0.5515544780216802,0.44844552197831977,0.0,0.0,0.0,0.5515544780216802,0.44844552197831977,0.0,1.0,0.0,0.0,1.0,1.0,0.0,0.5515544780216802,0.44844552197831977,0.0,1.0,0.0,1.0
-1.1688156393730245,-0.7388838761093538,0.08265951576162345,-0.3755111080116452,0.9811757841594224,-0.3840356986917804,0.5269236142144536,0.11517421542638376,-1.0103543730226854,0.9958328199461243,-0.37579511899928403,-0.6411443472624183,-0.8972969786909292,-0.5462038844126231,0.0,1.0,0.0,1.0,0.7067892283019355,0.29321077169806453,0.0,1.0,0.0,0.0,1.0,0.0,0.0,0.0,0.0,1.0,0.0,0.0,0.29321077169806453,0.7067892283019355,0.7067892283019355,0.29321077169806453,1.0,0.0,1.0,0.0,0.0,1.0,0.0,1.0
-0.3174981823201025,1.3053988043733975,0.937122767878111,-0.7620794323257384,-0.7146741767748526,-0.3840356986917804,0.4388449599149924,1.7300819112180217,1.5770169407870533,0.5356588688102983,0.9122671216720257,-1.0217898235203495,-1.0126384528049672,-0.07121747803331217,0.32866454536991596,0.671335454630084,0.0,1.0,1.0,0.0,0.0,1.0,0.0,0.0,0.0,0.671335454630084,0.32866454536991596,0.0,0.0,0.0,1.0,0.0,0.0,1.0,0.0,1.0,1.0,0.0,0.0,1.0,0.0,1.0,0.0,1.0
0.7873761471797817,-0.1855677281160184,-0.9161968385976734,-0.33032861040009553,-0.29154508819402214,4.36154829228522,0.7955143123282367,1.0937671206910018,0.7297005882386587,0.3224058098645839,1.325733053394421,-0.7741289248155154,-1.1271496023056997,-0.7432514980203854,0.6725184560770384,0.3274815439229616,0.0,1.0,1.0,0.0,0.0,1.0,0.0,0.0,0.0,1.0,0.0,0.0,0.0,0.6725184560770384,0.3274815439229616,0.0,1.0,0.0,0.0,1.0,1.0,0.0,0.0,1.0,1.0,0.0,0.3274815439229616,0.6725184560770384
1.0566211509578187,0.8639073662862637,-0.5254333132171735,0.5563179855977891,-1.1191120069138742,0.8061164753476557,0.8783466230419116,0.7839148807415693,-0.14789726841943915,-0.035613255357820894,-0.8011771620977103,-1.6361931858823764,-1.5991766048259588,-0.07121747803331217,0.0,1.0,1.0,0.0,1.0,0.0,0.0,1.0,0.0,0.0,1.0,0.0,0.0,0.0,0.0,1.0,0.0,0.0,1.0,0.0,1.0,0.0,0.24762547056231998,0.75237452943768,0.75237452943768,0.24762547056231998,0.0,1.0,0.75237452943768,0.24762547056231998
-0.5877158126017253,-1.368951114586313,-0.48937789517934327,-0.48729778173274463,-0.14503520021822836,-0.3840356986917804,0.09793108077017354,0.9811159180285458,1.5770169407870533,-0.08935954901153009,-0.8011771620977103,-1.1153447633867306,-0.8241537672567258,0.46075056885929294,0.7915790437258485,0.20842095627415147,1.0,0.0,0.0,1.0,0.0,1.0,1.0,0.0,0.0,0.0,0.0,0.0,0.0,1.0,0.0,0.0,1.0,0.0,1.0,0.0,1.0,0.0,0.0,1.0,0.7915790437258485,0.20842095627415147,0.0,1.0
0.5377131545599874,-0.28995624067708337,1.3481690373837965,-0.7620794323257384,0.11143700068845773,0.8650307071184951,-2.1948317497417342,-0.16225214973488297,-1.0103543730226854,-1.7460092678630987,1.616292324287147,-1.1912420058252196,-2.079562122039561,-1.8045520075342871,1.0,0.0,0.0,1.0,1.0,0.0,1.0,0.0,0.0,0.0,0.7896181427945539,0.2103818572054461,0.0,0.0,0.0,0.0,1.0,0.0,1.0,0.0,0.2103818572054461,0.7896181427945539,1.0,0.0,1.0,0.0,0.0,1.0,0.2103818572054461,0.7896181427945539
0.08447910263286432,0.332643153287862,-1.2173734806299357,-0.7620794323257384,0.11143700068845773,-0.3840356986917804,0.09793108077017354,1.643785703535113,0.5572371330687695,-1.6834910848621076,1.1317458611049334,-1.235052471200734,-0.8652891259364053,0.600816541953761,1.0,0.0,0.9087938969513096,0.09120610304869037,1.0,0.0,0.0,1.0,1.0,0.0,0.0,0.0,0.0,0.0,0.0,1.0,0.0,0.0,0.9087938969513096,0.09120610304869037,0.0,1.0,1.0,0.0,0.09120610304869037,0.9087938969513096,0.0,1.0,0.0,1.0
-0.9942126038801391,-0.9182521088708708,-0.7524043923408219,0.5563179855977891,-1.1191120069138742,0.3980686622450667,0.6223537408009542,0.7839148807415693,-0.14789726841943915,-0.36743890225668063,0.26465144783383787,-1.817948139256807,-1.4217485610675518,0.600816541953761,0.49442030470258147,0.5055796952974185,1.0,0.0,0.5055796952974185,0.49442030470258147,0.0,1.0,0.0,0.0,0.49442030470258147,0.5055796952974185,0.0,0.0,0.0,0.0,1.0,0.0,1.0,0.0,0.0,1.0,1.0,0.0,0.49442030470258147,0.5055796952974185,0.0,1.0,0.0,1.0
-0.5877158126017253,-1.368951114586313,-1.2173734806299357,0.6322033061826129,0.11143700068845773,-0.3840356986917804,-0.8796349619167909,0.7294546796987142,-1.0103543730226854,0.9958328199461243,-0.32682619313109973,-0.9644466286302312,-0.9174966391715683,0.006145411725601166,0.057558760016644284,0.9424412399833557,0.0,1.0,0.0,1.0,0.0,1.0,0.057558760016644284,0.0,0.9424412399833557,0.0,0.0,0.0,0.0,1.0,0.0,0.0,1.0,0.0,0.0,1.0,1.0,0.0,1.0,0.0,0.0,1.0,0.0,1.0
-0.21735265769619397,-0.8790736072834788,-0.7119854166328418,1.1502179439913016,-1.1191120069138742,0.3285471427888853,1.1352010995399686,-0.06852695871274994,-0.9249213001363576,-0.6159682043466137,-0.09989800598431453,-1.470594491388975,-1.248236791758444,0.29808462585371104,0.45047111767626447,0.5495288823237355,1.0,0.0,1.0,0.0,0.0,1.0,0.0,0.0,0.45047111767626447,0.5495288823237355,0.0,0.0,0.0,0.0,1.0,0.0,1.0,0.0,0.0,1.0,1.0,0.0,0.45047111767626447,0.5495288823237355,0.0,1.0,0.0,1.0
0.6936086889842078,-0.08389878807769907,-0.2976983184073204,0.5563179855977891,-0.5757870866227051,1.8962656579157353,0.6772147480929689,1.3123203078687944,1.1962158229785511,-0.3750882239584872,-0.42553886856875106,-1.4308929651623077,-1.9501164178934738,-1.1185620002226,0.558469498626623,0.441530501373377,1.0,0.0,1.0,0.0,0.0,1.0,0.0,0.0,1.0,0.0,0.0,0.0,0.0,1.0,0.0,0.0,0.558469498626623,0.441530501373377,0.558469498626623,0.441530501373377,1.0,0.0,1.0,0.0,0.558469498626623,0.441530501373377,0.0,1.0
0.4191048323217015,1.2052927011267789,1.3351006581605467,1.7266648880262465,-1.1191120069138742,4.36154829228522,-0.9393389379996216,-0.2685027496693889,-0.3415979192141032,0.8418841209470111,-0.3280264948296021,-1.0248126645059923,-0.8184788324687969,0.30611556941005524,0.0,1.0,0.8877041827582998,0.11229581724170024,1.0,0.0,0.0,1.0,0.11229581724170024,0.8877041827582998,0.0,0.0,0.0,0.0,0.0,0.8877041827582998,0.11229581724170024,0.0,1.0,0.0,1.0,0.0,1.0,0.0,0.0,1.0,0.0,1.0,0.11229581724170024,0.8877041827582998
-0.5877158126017253,0.1011256529266949,-0.6204261395025045,-0.2994339858664756,-0.6872938864651539,-0.3840356986917804,-0.5753453163431241,-1.7225619953117803,-0.45054641410691676,0.10598855137120838,-0.37579511899928403,-1.3781918815744638,-1.8269663689858626,-0.979078324579573,0.6490849874479213,0.3509150125520787,0.0,1.0,1.0,0.0,0.0,1.0,0.0,0.3509150125520787,0.0,0.6490849874479213,0.0,0.6490849874479213,0.0,0.0,0.3509150125520787,0.0,1.0,0.0,1.0,0.0,1.0,0.0,1.0,0.0,0.0,1.0,0.0,1.0
0.04195504685250201,-1.368951114586313,1.2186611240659821,3.193112821444844,-0.975055306025918,1.012641845290457,1.1352010995399686,1.6193169599179758,0.8155251162165007,0.9155880017622584,2.0271025197090373,-0.9870392505136311,-0.8972969786909292,0.08612855728216122,0.8829329835723941,0.11706701642760586,1.0,0.0,0.11706701642760586,0.8829329835723941,0.8829329835723941,0.11706701642760586,0.0,0.0,1.0,0.0,0.0,0.0,0.0,1.0,0.0,0.0,1.0,0.0,0.0,1.0,1.0,0.0,0.8829329835723941,0.11706701642760586,0.0,1.0,0.11706701642760586,0.8829329835723941
1.0566211509578187,0.28647890028352263,-0.42920421679574683,0.5563179855977891,-1.1191120069138742,-0.3840356986917804,0.09793108077017354,0.7839148807415693,1.3303685566157797,0.9958328199461243,0.6570466348651312,-1.6361931858823764,-1.2984182659282757,0.5047212670390803,0.0,1.0,0.14299168205283586,0.8570083179471641,1.0,0.0,0.0,1.0,0.0,0.0,0.14299168205283586,0.8570083179471641,0.0,0.0,0.0,1.0,0.0,0.0,1.0,0.0,1.0,0.0,1.0,0.0,0.8570083179471641,0.14299168205283586,0.8570083179471641,0.14299168205283586,0.0,1.0
1.4866327490546654,-0.05229845977365577,-0.5593752352391275,0.8707417529436869,-1.1191120069138742,4.36154829228522,-0.14944679074464062,0.5582641033534851,-0.14789726841943915,0.9958328199461243,-0.051862170638132477,-1.1809093408503064,-0.8972969786909292,0.4405435730626763,0.0,1.0,0.23848936828252776,0.7615106317174722,1.0,0.0,0.0,1.0,0.7615106317174722,0.23848936828252776,0.0,0.0,0.0,0.0,0.0,1.0,0.0,0.0,1.0,0.0,1.0,0.0,1.0,0.0,0.0,1.0,0.7615106317174722,0.23848936828252776,0.0,1.0
-0.5877158126017253,-0.8178406387432223,-1.2173734806299357,0.5563179855977891,0.11143700068845773,-0.3840356986917804,-0.29807987585973716,-0.3859602175681308,-1.0103543730226854,0.9958328199461243,-0.37579511899928403,-0.9009687153430227,-1.3312116418412685,-0.9021446186714118,0.0,1.0,0.0,1.0,0.6182180633162611,0.38178193668373894,0.0,1.0,0.0,0.6182180633162611,0.38178193668373894,0.0,0.0,0.0,0.0,0.38178193668373894,0.6182180633162611,0.0,1.0,0.0,0.6182180633162611,0.38178193668373894,1.0,0.0,1.0,0.0,0.0,1.0,0.0,1.0
-0.4214360583989612,-1.278805307688322,-0.11169829127209618,-0.7620794323257384,1.2175495995417982,1.1978256316338864,-2.9089874553792736,-0.16225214973488297,-1.0103543730226854,0.1024254909247932,-0.05556467101833849,-0.9381426483489732,-1.3547007109247007,-0.8791672551136844,1.0,0.0,0.0,1.0,1.0,0.0,0.10112267612279024,0.8988773238772098,0.0,0.0,1.0,0.0,0.0,0.0,0.0,0.0,1.0,0.0,1.0,0.0,0.0,1.0,1.0,0.0,1.0,0.0,0.0,1.0,0.8988773238772098,0.10112267612279024
1.0566211509578187,-1.2189970945079107,-0.37504925896515673,-0.7620794323257384,0.11143700068845773,1.0647803274233736,-0.7648560012844798,0.7043357937568835,0.6420213237044399,0.9381809247267967,1.0235982192860058,-0.9318874063403503,-1.248236791758444,-0.6867288629986503,1.0,0.0,0.08410680611499743,0.9158931938850026,1.0,0.0,0.0,1.0,0.0,0.0,1.0,0.0,0.0,0.0,0.0,1.0,0.0,0.0,1.0,0.0,0.08410680611499743,0.9158931938850026,1.0,0.0,0.0,1.0,0.0,1.0,0.0,1.0
-0.9181767839944136,1.0388277446904794,-0.6673509555601289,-0.7620794323257384,-0.25653513783698556,-0.3840356986917804,0.8250253449158218,-0.7281184475511207,0.7145598361838071,-0.85557489068091,0.7512611696514898,-1.6361931858823764,-0.7923551415837762,1.4738094786265878,0.0,1.0,0.70096913145912,0.29903086854088,0.29903086854088,0.70096913145912,0.0,1.0,0.0,0.70096913145912,0.0,0.29903086854088,0.0,0.0,0.0,0.0,1.0,0.0,1.0,0.0,0.0,1.0,1.0,0.0,0.0,1.0,0.0,1.0,0.0,1.0
-1.3500608439093167,-0.4775011415997428,-1.1504551509481409,0.4603874258868832,-1.1191120069138742,-0.3840356986917804,-2.787454320607811,-0.16225214973488297,0.7145598361838071,-1.7460092678630987,-0.708320933170157,-1.9770568497375702,-1.2737722276101244,1.1750521305942863,1.0,0.0,0.9272369936358065,0.07276300636419353,0.0,1.0,0.07276300636419353,0.9272369936358065,0.9272369936358065,0.0,0.07276300636419353,0.0,0.0,0.0,0.0,1.0,0.0,0.0,1.0,0.0,0.9272369936358065,0.07276300636419353,1.0,0.0,1.0,0.0,1.0,0.0,1.0,0.0
1.7323285881400043,-0.6363039869331839,-1.2173734806299357,0.7911772234584338,-0.8999020796592838,4.079755608690127,-0.08684813887336884,0.7839148807415693,0.0057407890591941735,0.9958328199461243,0.011698158130891811,-1.3340673724077794,-0.9598133761834298,0.600816541953761,0.17813994070964378,0.8218600592903562,0.0,1.0,1.0,0.0,0.0,1.0,0.8218600592903562,0.0,0.17813994070964378,0.0,0.0,0.0,0.0,1.0,0.0,0.0,1.0,0.0,1.0,0.0,1.0,0.0,0.0,1.0,0.8218600592903562,0.17813994070964378,0.17813994070964378,0.8218600592903562
-1.1683659122717467,-0.21563078293380633,-1.2173734806299357,-0.7620794323257384,-0.2500463351595871,-0.3840356986917804,-0.20677504978098082,-0.04991687809057321,-0.757000894801379,-1.261908102211648,-0.8011771620977103,-1.008957666845865,-0.9587223571787292,0.008570890994352931,1.0,0.0,0.0,1.0,1.0,0.0,0.0,1.0,0.7062422271564962,0.0,0.2937577728435038,0.0,0.0,0.0,0.0,1.0,0.0,0.0,0.2937577728435038,0.7062422271564962,0.2937577728435038,0.7062422271564962,1.0,0.0,0.7062422271564962,0.2937577728435038,0.0,1.0,0.0,1.0
0.9897387474828323,-0.4049827732940308,-0.2976983184073204,0.5563179855977891,-1.0190083456253247,1.3265081220004529,1.0508204483166452,1.653112377005195,1.5068571069716359,-0.3750882239584872,-0.7319685410716762,-1.2984857577009308,-1.9501164178934738,-1.3606163699316358,0.9186512193581002,0.08134878064189976,1.0,0.0,1.0,0.0,0.0,1.0,0.0,0.0,1.0,0.0,0.0,0.0,0.0,1.0,0.0,0.0,0.9186512193581002,0.08134878064189976,0.9186512193581002,0.08134878064189976,1.0,0.0,1.0,0.0,0.9186512193581002,0.08134878064189976,0.0,1.0
1.8787896327375908,-1.368951114586313,-1.2173734806299357,1.762865580328865,0.11143700068845773,2.645485462694963,1.047201482258435,-0.16225214973488297,0.6413909469327345,0.25221939421574235,-0.33970667884992495,-1.2997683323227267,-1.248236791758444,-0.01420364799012671,1.0,0.0,0.08483771408519192,0.9151622859148081,0.08483771408519192,0.9151622859148081,0.9151622859148081,0.08483771408519192,0.08483771408519192,0.0,0.9151622859148081,0.0,0.0,0.0,0.0,1.0,0.0,0.0,1.0,0.0,0.0,1.0,1.0,0.0,1.0,0.0,0.0,1.0,0.0,1.0
1.0346521160385662,-0.48941128898395914,-1.2173734806299357,0.5563179855977891,-1.102671353497347,-0.3840356986917804,0.0840727161113154,0.7839148807415693,-0.15942005886159438,0.9958328199461243,-0.7954938787038841,-1.6263702770597206,-1.5897991971793575,-0.07121747803331217,0.0,1.0,0.9866395785011755,0.013360421498824548,0.9866395785011755,0.013360421498824548,0.0,1.0,0.0,0.0,1.0,0.0,0.0,0.0,0.0,1.0,0.0,0.0,1.0,0.0,0.9866395785011755,0.013360421498824548,1.0,0.0,0.013360421498824548,0.9866395785011755,0.0,1.0,0.0,1.0
-0.07326098274326989,1.3053988043733975,-0.18475081622334377,-0.7620794323257384,-0.6585534506216453,-0.3840356986917804,-0.5511190626606846,-0.7542964927967082,-0.36476935933193233,0.4827371099251342,-0.4827610105560858,-1.2685809506126995,-0.8090502118219801,0.7698051470693414,1.0,0.0,0.0,1.0,1.0,0.0,0.0,1.0,0.0,1.0,0.0,0.0,0.0,0.6257292042438797,0.3742707957561203,0.0,0.0,0.0,1.0,0.0,0.0,1.0,1.0,0.0,1.0,0.0,0.0,1.0,0.6257292042438797,0.3742707957561203
-0.2829855212641446,0.41394883138682737,-0.2976983184073204,0.5563179855977891,-0.34465632556030246,3.365991441793547,-1.2076969830795146,1.7300819112180217,0.6180280817773294,-1.4919487082771044,1.0580155240736961,-1.9626598919164937,-2.0409100593477945,-0.32030161010331487,0.6293578529331091,0.3706421470668909,0.0,1.0,1.0,0.0,0.6293578529331091,0.3706421470668909,0.0,0.0,0.0,1.0,0.0,0.6293578529331091,0.0,0.0,0.3706421470668909,0.0,1.0,0.0,0.0,1.0,1.0,0.0,0.0,1.0,0.3706421470668909,0.6293578529331091,1.0,0.0
0.7488005598049879,0.08018918996408031,-1.0452098922793356,-0.7620794323257384,0.11143700068845773,-0.3840356986917804,0.9410237031554445,0.014870727816992613,0.17500741798769903,0.18205379165644875,-0.10967648099868399,-1.2685809506126995,-1.1825407068856342,0.0545875813259481,1.0,0.0,1.0,0.0,0.8127995672575026,0.18720043274249742,0.0,1.0,0.18720043274249742,0.0,0.8127995672575026,0.0,0.0,0.0,0.0,1.0,0.0,0.0,1.0,0.0,1.0,0.0,1.0,0.0,0.0,1.0,0.18720043274249742,0.8127995672575026,0.0,1.0
1.0566211509578187,0.4609740856529897,-1.168859307477962,-0.6925320929568248,0.04652378993855377,-0.30059026313563963,1.1352010995399686,-0.11234049284476022,-0.14789726841943915,0.27421328031363157,0.0047079082415367735,-1.2879730189942746,-1.2667493661503981,-0.07121747803331217,0.9472485773838587,0.0527514226161413,1.0,0.0,1.0,0.0,0.0,1.0,0.0,0.0,1.0,0.0,0.0,0.0,0.0,1.0,0.0,0.0,1.0,0.0,1.0,0.0,0.9472485773838587,0.0527514226161413,0.0527514226161413,0.9472485773838587,0.0,1.0,0.0527514226161413,0.9472485773838587
-0.5877158126017253,1.2804401018195126,1.51590305823862,-0.7620794323257384,0.09421062366820321,-0.3840356986917804,0.09793108077017354,-0.16225214973488297,0.7145598361838071,-0.39427966015599103,0.05554182017137388,-1.2737271308321714,-1.2531495758035898,-0.07121747803331217,1.0,0.0,0.0,1.0,0.9860010638228709,0.013998936177129107,0.013998936177129107,0.9860010638228709,0.0,0.9860010638228709,0.013998936177129107,0.0,0.0,0.0,0.9860010638228709,0.013998936177129107,0.0,0.0,1.0,0.0,0.0,1.0,1.0,0.0,1.0,0.0,0.013998936177129107,0.9860010638228709,0.013998936177129107,0.9860010638228709
1.2593858339572468,-1.368951114586313,-0.524510275886939,0.5563179855977891,0.11143700068845773,2.3895654500059322,0.09793108077017354,-0.16225214973488297,-0.14789726841943915,0.6577337842316628,-0.27088662757209103,-1.9131442245688284,-1.248236791758444,1.1071123123638933,1.0,0.0,0.24662181474105838,0.7533781852589416,1.0,0.0,0.7533781852589416,0.24662181474105838,1.0,0.0,0.0,0.0,0.0,0.0,0.0,1.0,0.0,0.0,1.0,0.0,0.0,1.0,1.0,0.0,1.0,0.0,0.0,1.0,0.7533781852589416,0.24662181474105838
-0.5877158126017253,-1.03353451722884,-1.2173734806299357,0.5563179855977891,0.11143700068845773,-0.3840356986917804,-0.5490561506536533,0.07190605128139482,-1.0103543730226854,0.9958328199461243,-0.37579511899928403,-0.9009687153430227,-1.1613859159130895,-0.5769359616793347,0.0,1.0,0.0,1.0,0.37625958553091576,0.6237404144690842,0.0,1.0,0.0,0.37625958553091576,0.6237404144690842,0.0,0.0,0.0,0.0,0.6237404144690842,0.37625958553091576,0.0,1.0,0.0,0.37625958553091576,0.6237404144690842,1.0,0.0,1.0,0.0,0.0,1.0,0.0,1.0
0.919317836006484,-0.5519378532451302,-0.2209047832317676,-0.7620794323257384,0.008685276620827409,-0.2519491438916776,1.1352010995399686,1.5720706608951518,0.6425440498275773,-1.060548745910793,2.3532412444034616,-1.2378850655004818,-1.5698728789167244,-0.7432514980203854,0.0,1.0,0.0,1.0,1.0,0.0,0.0,1.0,0.08350071669866876,0.0,0.9164992833013312,0.0,0.0,0.0,0.0,0.0,1.0,0.0,1.0,0.0,1.0,0.0,1.0,0.0,1.0,0.0,1.0,0.0,0.0,1.0
0.23445266917804672,0.6126112071632877,1.5416520060379102,-0.4682705017081761,0.38566864213506946,0.8453029555956839,1.1352010995399686,0.573058639952113,0.7145598361838071,0.9958328199461243,0.5211602094417055,-1.3505044709853558,-1.053713018022818,0.4510516879979591,0.2228530840725632,0.7771469159274368,0.2228530840725632,0.7771469159274368,1.0,0.0,0.0,1.0,0.0,0.0,0.0,1.0,0.0,0.0,0.0,0.7771469159274368,0.2228530840725632,0.0,1.0,0.0,0.0,1.0,1.0,0.0,0.0,1.0,0.0,1.0,0.0,1.0
1.5157235251824783,-0.8711616612437436,-1.2173734806299357,1.1385166825121065,-0.575706794664862,3.66300505130614,-0.3601229513950297,0.7839148807415693,0.23296012375851666,0.9958328199461243,-0.04433652713634062,-1.43091695145291,-1.0522705087400548,0.600816541953761,0.44159575026419495,0.558404249735805,0.0,1.0,1.0,0.0,0.0,1.0,0.558404249735805,0.0,0.44159575026419495,0.0,0.0,0.0,0.0,1.0,0.0,0.0,1.0,0.0,1.0,0.0,1.0,0.0,0.0,1.0,0.558404249735805,0.44159575026419495,0.44159575026419495,0.558404249735805
0.10984811795857652,-0.09932844291621723,-1.2173734806299357,-0.7620794323257384,-0.5970860344319403,-0.3840356986917804,1.1352010995399686,0.3825300019896037,-0.14789726841943915,0.7050453800640359,-0.1953386939784858,-0.8452548822130947,-1.248236791758444,-0.8451022735249808,1.0,0.0,1.0,0.0,0.4242220092469763,0.5757779907530237,0.0,1.0,0.0,0.0,1.0,0.0,0.0,0.0,0.0,1.0,0.0,0.0,1.0,0.0,0.4242220092469763,0.5757779907530237,1.0,0.0,0.5757779907530237,0.4242220092469763,0.0,1.0,0.0,1.0
0.9026362048938307,-1.2019903528310962,0.7081003898947301,0.6797801224887501,0.11143700068845773,-0.3840356986917804,-0.8422031492691294,-0.25085654310693806,0.4722638585138532,-0.4392785960299941,-0.7613419991021007,-1.303006224431227,-0.5792211402128602,1.2728505619408341,0.09364561490526402,0.906354385094736,1.0,0.0,0.906354385094736,0.09364561490526402,0.0,1.0,1.0,0.0,0.0,0.0,0.0,0.0,0.0,1.0,0.0,0.0,1.0,0.0,0.0,1.0,0.09364561490526402,0.906354385094736,1.0,0.0,0.0,1.0,1.0,0.0
-0.5877158126017253,-1.2698241219883197,-1.1151079180512795,1.7281129299692894,-0.025396950811254662,-0.3840356986917804,0.2132728953290291,-0.057040758104813905,-0.9144513143937514,0.9196113356847675,0.4749689671975684,-1.9629278661251284,-1.248236791758444,1.1981220708941898,0.8888025176938487,0.11119748230615134,0.11119748230615134,0.8888025176938487,0.11119748230615134,0.8888025176938487,0.0,1.0,0.8888025176938487,0.0,0.0,0.11119748230615134,0.0,0.0,0.0,0.8888025176938487,0.11119748230615134,0.0,1.0,0.0,0.0,1.0,1.0,0.0,0.8888025176938487,0.11119748230615134,0.0,1.0,0.0,1.0
0.6394735032594642,-0.038350505687150094,-0.2976983184073204,-0.7620794323257384,-1.1191120069138742,1.1978256316338864,-2.5028937243649603,-0.6423135481463005,-1.8728114776259317,0.9958328199461243,-0.8011771620977103,-2.1794782330973375,-4.055755296298563,-3.7822731303934125,0.0,1.0,0.49262510429085915,0.5073748957091408,1.0,0.0,0.0,1.0,0.0,0.0,0.5073748957091408,0.49262510429085915,0.0,0.0,0.0,1.0,0.0,0.0,1.0,0.0,1.0,0.0,1.0,0.0,0.49262510429085915,0.5073748957091408,0.49262510429085915,0.5073748957091408,0.5073748957091408,0.49262510429085915
0.24378727805914252,-0.4775011415997428,-0.2976983184073204,-0.7321422004349658,-1.1051407906126574,1.1978256316338864,-2.978548589576193,-1.097676735856662,-1.8532274144403276,0.9880503446777882,-0.8011771620977103,-1.6278457084195588,-4.055755296298563,-4.790715689011932,0.011353644767419069,0.9886463552325809,0.011353644767419069,0.9886463552325809,1.0,0.0,0.0,1.0,0.011353644767419069,0.0,0.9886463552325809,0.0,0.0,0.0,0.0,1.0,0.0,0.0,1.0,0.0,1.0,0.0,1.0,0.0,0.0,1.0,0.0,1.0,1.0,0.0
0.23445266917804672,0.887611287727865,1.5416520060379102,-0.06156299468964965,0.7652761203826458,0.3573204479243292,1.1352010995399686,0.28117909820188725,0.7145598361838071,0.9958328199461243,-0.0037378764525841657,-1.4639077996959937,-1.2702332486389185,0.24373841721572298,0.5313393580058737,0.46866064199412627,0.5313393580058737,0.46866064199412627,1.0,0.0,0.0,1.0,0.0,0.0,0.0,1.0,0.0,0.0,0.0,0.46866064199412627,0.5313393580058737,0.0,1.0,0.0,0.0,1.0,1.0,0.0,0.0,1.0,0.0,1.0,0.0,1.0
0.2807434478646109,-0.4775011415997428,-1.2173734806299357,0.5563179855977891,-1.1191120069138742,1.1087616570621224,-0.8809372381763213,-0.10897984657690188,-0.9617952128984496,0.9958328199461243,0.8045494005252991,-1.2892787236391046,-1.2679958528013169,-0.07121747803331217,0.0,1.0,1.0,0.0,0.05630327568183735,0.9436967243181626,0.0,1.0,0.9436967243181626,0.0,0.05630327568183735,0.0,0.0,0.0,0.0,1.0,0.0,0.0,1.0,0.0,1.0,0.0,0.05630327568183735,0.9436967243181626,0.0,1.0,0.9436967243181626,0.05630327568183735,0.0,1.0
0.23445266917804672,1.1994785761259041,1.5416520060379102,0.3996687515869092,1.1957747393417368,-0.19608223159744445,1.1352010995399686,-0.0498305547321216,0.7145598361838071,0.9958328199461243,-0.5990051301824696,-1.5925142660929852,-1.5157807301775812,0.008632203882807651,0.8811820837319281,0.11881791626807192,0.8811820837319281,0.11881791626807192,1.0,0.0,0.0,1.0,0.0,0.0,0.0,1.0,0.0,0.0,0.0,0.11881791626807192,0.8811820837319281,0.0,1.0,0.0,0.0,1.0,1.0,0.0,0.0,1.0,0.0,1.0,0.0,1.0
0.9599947750758115,-1.368951114586313,-1.2173734806299357,0.4013716853086108,-1.1191120069138742,1.1978256316338864,1.1352010995399686,-0.051052689818746916,-0.04653592190917066,0.9958328199461243,-0.4257886739710187,-1.0305809741847842,-1.6404212439004426,-1.2573222458562372,0.11752624677710488,0.8824737532228951,1.0,0.0,1.0,0.0,0.0,1.0,0.0,0.0,0.11752624677710488,0.8824737532228951,0.0,0.0,0.0,1.0,0.0,0.0,1.0,0.0,0.0,1.0,1.0,0.0,1.0,0.0,1.0,0.0,0.0,1.0
1.3019731660711489,-1.368951114586313,-1.2173734806299357,1.018798217522145,-0.3202269139197421,1.1978256316338864,0.4617947172784951,-0.4941577965034589,-0.7529794027426937,-0.8559932027725167,-0.24885235266835493,-1.5072386009336878,-1.248236791758444,0.36507393111476827,1.0,0.0,1.0,0.0,1.0,0.0,0.0,1.0,0.6492103021160636,0.0,0.35078969788393644,0.0,0.0,0.0,0.0,0.6492103021160636,0.35078969788393644,0.0,1.0,0.0,0.0,1.0,1.0,0.0,1.0,0.0,0.0,1.0,0.0,1.0
0.23445266917804672,0.6403371169054669,1.5416520060379102,-0.42726565688081464,0.4239412224839215,0.7961038465056736,1.1352010995399686,0.543630918281846,0.7145598361838071,0.9958328199461243,0.4682392178424678,-1.361937960204118,-1.0755429038871902,0.4301500612702009,0.2539551207345767,0.7460448792654233,0.2539551207345767,0.7460448792654233,1.0,0.0,0.0,1.0,0.0,0.0,0.0,1.0,0.0,0.0,0.0,0.7460448792654233,0.2539551207345767,0.0,1.0,0.0,0.0,1.0,1.0,0.0,0.0,1.0,0.0,1.0,0.0,1.0
0.7140800810957189,-0.8489070446992412,-0.2976983184073204,-0.7620794323257384,-0.4012481519573665,0.27501714080685213,1.1352010995399686,0.9416764345545061,1.0738864047253858,-1.3461330096489277,2.2474242908465185,-1.5748984297042974,-1.5991766048259588,-0.18327077073251652,0.0,1.0,0.0,1.0,1.0,0.0,0.0,1.0,0.0,0.0,1.0,0.0,0.0,0.0,0.0,0.4166312349028404,0.5833687650971596,0.0,1.0,0.0,0.5833687650971596,0.4166312349028404,1.0,0.0,0.5833687650971596,0.4166312349028404,1.0,0.0,0.0,1.0
-0.5566152742114415,-0.4437798609592224,-0.3324872860254642,0.5064463711799977,-1.0725634739790966,-0.3840356986917804,1.095963818186143,0.819705968221904,-0.11527271410227291,0.23258462399352053,0.5071512044277805,-1.6222873518725474,-1.2349616329912794,0.600816541953761,0.03782745152545808,0.9621725484745419,1.0,0.0,1.0,0.0,0.0,1.0,0.03782745152545808,0.0,0.0,0.9621725484745419,0.0,0.0,0.0,0.03782745152545808,0.9621725484745419,0.0,1.0,0.0,0.0,1.0,1.0,0.0,0.0,1.0,0.0,1.0,0.0,1.0
-0.2795090373708183,-1.0347727465964471,-0.2976983184073204,0.22637737587335716,1.8032826279029948,1.1978256316338864,-3.013878975539212,-0.16225214973488297,-0.040424989171821024,0.05341331488893697,-0.641713949082426,-0.5333564800733459,-1.248236791758444,-1.4152855180074584,0.6251294204762959,0.37487057952370406,0.37487057952370406,0.6251294204762959,0.6251294204762959,0.37487057952370406,0.0,1.0,0.0,0.0,0.6251294204762959,0.37487057952370406,0.0,0.0,0.0,0.0,1.0,0.0,1.0,0.0,0.0,1.0,1.0,0.0,1.0,0.0,0.0,1.0,1.0,0.0
-0.11790886819274798,-0.4775011415997428,-1.2173734806299357,-0.3853973555021891,-1.1191120069138742,-0.3840356986917804,0.8388405184396257,0.7839148807415693,-0.14789726841943915,0.9958328199461243,-0.4973319099997758,-0.8484502561182587,-1.34850453790933,-1.0312690342016737,0.7142879137181393,0.28571208628186073,1.0,0.0,0.28571208628186073,0.7142879137181393,0.0,1.0,0.0,0.0,1.0,0.0,0.0,0.0,0.0,1.0,0.0,0.0,1.0,0.0,0.28571208628186073,0.7142879137181393,1.0,0.0,0.7142879137181393,0.28571208628186073,0.0,1.0,0.0,1.0
1.0566211509578187,-1.2518138109603956,-0.05600608221021819,-0.7620794323257384,0.11143700068845773,1.1978256316338864,-1.0756371227689079,0.659587708058574,0.48790460529568636,0.6355523792411621,1.085094246187367,-0.9492732835456794,-1.3865781839287419,-0.9198632102456714,1.0,0.0,0.0,1.0,1.0,0.0,0.13140087181053972,0.8685991281894603,0.0,0.0,1.0,0.0,0.0,0.0,0.0,0.8685991281894603,0.13140087181053972,0.0,1.0,0.0,0.0,1.0,1.0,0.0,0.13140087181053972,0.8685991281894603,0.0,1.0,0.0,1.0
1.0566211509578187,-0.07885213318359169,-0.2976983184073204,0.5563179855977891,-1.1191120069138742,1.1978256316338864,1.1352010995399686,1.5185229006591787,1.191333301805409,-0.3750882239584872,-0.8011771620977103,-1.3507775166078333,-1.8716477361207828,-1.114757497582242,0.7764041614805474,0.22359583851945264,1.0,0.0,1.0,0.0,0.0,1.0,0.0,0.0,1.0,0.0,0.0,0.0,0.0,1.0,0.0,0.0,1.0,0.0,1.0,0.0,0.7764041614805474,0.22359583851945264,1.0,0.0,0.7764041614805474,0.22359583851945264,0.22359583851945264,0.7764041614805474
0.26468993808987473,0.38116356516464567,-0.2976983184073204,0.5563179855977891,0.06618053309496807,2.721510119273079,0.13607923797491617,0.818712501387511,0.7462788183325176,-0.3750882239584872,0.018297981473693103,-1.6226733413985972,-1.9501164178934738,-0.7679672026850274,0.036777460559388686,0.9632225394406113,1.0,0.0,1.0,0.0,0.0,1.0,0.0,0.0,1.0,0.0,0.0,0.0,0.0,1.0,0.0,0.0,0.036777460559388686,0.9632225394406113,0.036777460559388686,0.9632225394406113,1.0,0.0,1.0,0.0,0.036777460559388686,0.9632225394406113,0.0,1.0
1.858803580732477,0.42478393752073007,-0.27534198144314537,0.5723424136450599,-1.1191120069138742,4.36154829228522,-0.9393389379996216,-1.0969190169870706,-1.8518460515280268,-0.35842539882861196,0.044416628822800015,-1.9904010203242968,-0.20394833070705537,3.2481115194689116,0.0,1.0,0.012154474689816341,0.9878455253101837,1.0,0.0,0.0,1.0,0.9878455253101837,0.012154474689816341,0.0,0.0,0.0,0.0,0.0,0.012154474689816341,0.9878455253101837,0.0,1.0,0.0,1.0,0.0,1.0,0.0,0.0,1.0,0.0,1.0,0.9878455253101837,0.012154474689816341
1.0318564716426128,0.41394883138682737,-1.2173734806299357,-0.7620794323257384,0.11143700068845773,-0.3840356986917804,1.1039573095536328,-0.10525282755788345,-0.1219190485144569,0.2484316724934259,0.08802594280602105,-1.2685809506126995,-1.2376660728338487,-0.05097502485891947,1.0,0.0,1.0,0.0,1.0,0.0,0.0,1.0,0.03012117329236097,0.0,0.969878826707639,0.0,0.0,0.0,0.0,1.0,0.0,0.0,1.0,0.0,0.969878826707639,0.03012117329236097,1.0,0.0,0.0,1.0,0.0,1.0,0.0,1.0
0.19896794989589292,0.37547392904438354,-1.1776803816052759,-0.705177515852292,0.058326613869472264,-0.3840356986917804,0.14269956344925033,1.6892454254921199,0.6773362634879823,-1.6572560205439264,1.2890141503434525,-1.2844470623188933,-0.9124435101228747,0.600816541953761,0.9568400880494239,0.04315991195057611,1.0,0.0,1.0,0.0,0.0,1.0,0.9568400880494239,0.0,0.0,0.04315991195057611,0.0,0.0,0.0,0.9568400880494239,0.04315991195057611,0.0,1.0,0.0,0.0,1.0,1.0,0.0,0.0,1.0,0.0,1.0,0.0,1.0
-0.5877158126017253,-1.2719106462330563,-1.2173734806299357,0.4128013477741309,-0.022516732721060695,-0.3840356986917804,-0.7135109690043753,0.7839148807415693,-0.916469978046599,0.9958328199461243,-0.37579511899928403,-0.8609515920450735,-0.9354991940208398,-0.21752853984283416,0.10885688630192891,0.8911431136980711,0.10885688630192891,0.8911431136980711,0.0,1.0,0.0,1.0,0.0,0.0,1.0,0.0,0.0,0.0,0.0,1.0,0.0,0.0,1.0,0.0,0.0,1.0,1.0,0.0,1.0,0.0,0.0,1.0,0.0,1.0
-0.19940655051293835,1.3053988043733975,0.23856732868205488,-0.7620794323257384,-0.46974993081707805,-0.3840356986917804,-0.3919703986728337,-0.6091257888480205,-0.10011523174570136,0.2723962646079128,-0.35222801024083883,-1.2685809506126995,-0.916739822779947,0.5635843665590279,1.0,0.0,0.0,1.0,1.0,0.0,0.0,1.0,0.0,1.0,0.0,0.0,0.0,0.47229889091370014,0.5277011090862999,0.0,0.0,0.0,1.0,0.0,0.0,1.0,1.0,0.0,1.0,0.0,0.0,1.0,0.47229889091370014,0.5277011090862999
1.045052905170607,-0.48377267390914747,1.528711801497407,-0.7620794323257384,0.1200941638421329,1.1978256316338864,-1.9839063628307994,-0.16225214973488297,-1.0103543730226854,-1.731542204290783,0.8883804126944507,-1.2634084965643757,-2.2936494315566347,-2.0825916416491563,1.0,0.0,0.0,1.0,1.0,0.0,0.9929647961193003,0.00703520388069967,0.0,0.0,1.0,0.0,0.0,0.0,0.0,0.0,1.0,0.0,1.0,0.0,0.0,1.0,1.0,0.0,1.0,0.0,0.0,1.0,0.00703520388069967,0.9929647961193003
-0.5877158126017253,-0.3459292503199968,-0.16196058311832104,-0.7620794323257384,-1.028301717414268,-0.3840356986917804,0.09793108077017354,-0.16225214973488297,0.7145598361838071,-1.6448400042994715,0.4435772337167792,-1.609064665764773,-1.5732784521926932,-0.07121747803331217,1.0,0.0,0.0,1.0,0.07379656473539886,0.9262034352646011,0.9262034352646011,0.07379656473539886,0.0,0.07379656473539886,0.9262034352646011,0.0,0.0,0.0,0.07379656473539886,0.9262034352646011,0.0,0.0,1.0,0.0,0.0,1.0,1.0,0.0,1.0,0.0,0.9262034352646011,0.07379656473539886,0.9262034352646011,0.07379656473539886
-0.6762704030888653,0.9076822182548809,-0.3967552138936554,-0.7620794323257384,-0.43756716688752917,-0.3840356986917804,0.672427524746863,-1.0065088835104714,0.7145598361838071,-0.7547334708297373,0.7825511767572694,-1.6361931858823764,-0.7407266846578561,1.5726756606946242,0.0,1.0,0.5538542844013208,0.4461457155986792,0.4461457155986792,0.5538542844013208,0.0,1.0,0.0,0.5538542844013208,0.0,0.4461457155986792,0.0,0.0,0.0,0.0,1.0,0.0,1.0,0.0,0.0,1.0,1.0,0.0,0.0,1.0,0.0,1.0,0.0,1.0
1.0313826632732845,1.2780335505802871,-0.2976983184073204,0.5563179855977891,-1.0813372725840484,1.2463847634770833,1.1033595400854064,0.7839148807415693,-0.12142202217082598,-0.3750882239584872,-0.7750608618651326,-1.6361931858823764,-1.6099495672374389,-0.09184721842461907,0.0,1.0,1.0,0.0,1.0,0.0,0.0,1.0,0.0,0.0,1.0,0.0,0.0,0.0,0.0,1.0,0.0,0.0,0.969302535619099,0.03069746438090104,0.969302535619099,0.03069746438090104,0.03069746438090104,0.969302535619099,1.0,0.0,0.0,1.0,0.969302535619099,0.03069746438090104
0.23445266917804672,-0.943816700654555,-0.7362933859344538,-0.7620794323257384,-1.1191120069138742,0.4434325529776995,1.1352010995399686,0.2889769468744656,1.5770169407870533,-0.43841886524186024,2.7654431635175776,-1.477860218623435,-1.5991766048259588,-0.3606668768147485,0.0,1.0,0.0,1.0,1.0,0.0,0.0,1.0,0.0,0.0,1.0,0.0,0.0,0.0,0.0,1.0,0.0,0.0,1.0,0.0,0.0,1.0,1.0,0.0,0.4769021558298512,0.5230978441701488,0.5230978441701488,0.4769021558298512,0.0,1.0
1.0566211509578187,-1.368951114586313,0.6219768438152948,0.06771810703637626,-0.3446061373702677,-0.3840356986917804,-0.5549252564220738,-0.16225214973488297,0.3949320586679257,-0.3750882239584872,-0.8011771620977103,-1.1323433555836169,-0.5463571656234143,1.0237938389141905,0.0,1.0,0.6293986381352625,0.37060136186473747,0.6293986381352625,0.37060136186473747,0.0,1.0,1.0,0.0,0.0,0.0,0.0,0.0,0.0,0.6293986381352625,0.37060136186473747,0.0,1.0,0.0,0.37060136186473747,0.6293986381352625,0.37060136186473747,0.6293986381352625,1.0,0.0,0.37060136186473747,0.6293986381352625,0.6293986381352625,0.37060136186473747
1.6286437942805683,-0.7487259645855343,-1.2173734806299357,0.15519384275526016,-1.1191120069138742,3.8802649086890986,-0.5332504454051483,0.49604232127957704,0.37691014112069854,0.7872805574928466,-0.2092591644910543,-0.9330414370344159,-0.8972969786909292,-0.012585152930254084,0.0,1.0,0.0,1.0,0.6957486889846172,0.30425131101538283,0.0,1.0,0.6957486889846172,0.0,0.30425131101538283,0.0,0.0,0.0,0.0,1.0,0.0,0.0,1.0,0.0,1.0,0.0,1.0,0.0,0.30425131101538283,0.6957486889846172,1.0,0.0,0.0,1.0
0.6829118138311376,0.41394883138682737,0.5383619365469638,-0.0429477805322539,-0.5597769507493836,0.3349852347094144,0.5694128995534843,0.7839148807415693,1.184994770144163,0.9958328199461243,0.9003510102959947,-1.4690983290412363,-1.0887202354573327,0.600816541953761,0.0,1.0,0.0,1.0,1.0,0.0,0.0,1.0,0.0,0.0,0.0,1.0,0.0,0.0,0.0,1.0,0.0,0.0,1.0,0.0,0.5454589352322268,0.45454106476777323,1.0,0.0,0.5454589352322268,0.45454106476777323,0.5454589352322268,0.45454106476777323,0.0,1.0
-0.8939258204501545,-1.368951114586313,-1.2173734806299357,0.5563179855977891,-0.3468710342536052,-0.3840356986917804,-0.16669326347589752,0.07913034995794854,-1.3315695529062581,0.7405385871236275,-0.5342252238286256,-0.9009687153430227,-0.7665922809371241,0.17907616261949827,0.37244191991593656,0.6275580800840634,0.37244191991593656,0.6275580800840634,0.0,1.0,0.0,1.0,0.37244191991593656,0.0,0.6275580800840634,0.0,0.0,0.0,0.0,1.0,0.0,0.0,1.0,0.0,0.0,1.0,1.0,0.0,1.0,0.0,0.37244191991593656,0.6275580800840634,0.37244191991593656,0.6275580800840634
-1.068120623317733,-1.368951114586313,-1.2173734806299357,1.1043569234261386,-0.6075903959763527,0.5402685160952216,0.09793108077017354,0.3906067876422883,-0.5064083433832502,-0.20574035975890792,0.22641215138006895,-2.003805421152053,-1.4532959471574103,0.8801714659631725,1.0,0.0,0.5843143119231002,0.41568568807689976,0.0,1.0,0.0,1.0,0.41568568807689976,0.0,0.5843143119231002,0.0,0.0,0.0,0.0,0.41568568807689976,0.5843143119231002,0.0,1.0,0.0,0.0,1.0,1.0,0.0,1.0,0.0,0.0,1.0,0.0,1.0
0.3969822060794781,0.32583614250908066,-0.3886008411434262,-0.6317664085746337,-1.1191120069138742,4.36154829228522,1.0326752672267128,1.636560879517896,1.4065229886167212,0.9958328199461243,-0.3337495115580277,-1.2685809506126995,-1.2135492024369303,-0.00479229848005136,0.0,1.0,0.0,1.0,1.0,0.0,0.0,1.0,0.09884198950901102,0.0,0.0,0.901158010490989,0.0,0.0,0.0,0.09884198950901102,0.901158010490989,0.0,1.0,0.0,0.09884198950901102,0.901158010490989,0.09884198950901102,0.901158010490989,0.0,1.0,0.09884198950901102,0.901158010490989,0.0,1.0
0.1970880876503242,-0.4775011415997428,-1.2173734806299357,-0.7620794323257384,-1.1191120069138742,-0.3840356986917804,1.1352010995399686,0.7839148807415693,1.49862583357907,0.9958328199461243,3.6847045707742034,-0.8842620698807835,-1.5832276606043325,-1.4152855180074584,0.04544638034145787,0.9545536196585421,0.04544638034145787,0.9545536196585421,0.9545536196585421,0.04544638034145787,0.0,1.0,0.0,0.0,1.0,0.0,0.0,0.0,0.0,1.0,0.0,0.0,1.0,0.0,0.0,1.0,1.0,0.0,1.0,0.0,0.0,1.0,0.0,1.0
0.8256220719347724,1.0549341766011833,-0.2976983184073204,0.5563179855977891,-0.7733730327883694,1.6422704364947944,0.8437664065980144,0.7839148807415693,0.09442143057636876,-0.3750882239584872,-0.5621437708493234,-1.6361931858823764,-1.6977777740603088,-0.26003429980336895,0.0,1.0,1.0,0.0,1.0,0.0,0.0,1.0,0.0,0.0,1.0,0.0,0.0,0.0,0.0,1.0,0.0,0.0,0.7190368104077697,0.2809631895922303,0.7190368104077697,0.2809631895922303,0.2809631895922303,0.7190368104077697,1.0,0.0,0.0,1.0,0.7190368104077697,0.2809631895922303
1.0973912658083065,-1.368951114586313,-1.2173734806299357,0.5563179855977891,-1.0580909078558112,1.1978256316338864,1.0837644186972943,-0.16225214973488297,-0.14789726841943915,0.9278508799306797,-0.3547010547815517,-0.9374274057076671,-1.5817740203174908,-1.3153100089037886,0.04958851592344127,0.9504114840765587,1.0,0.0,1.0,0.0,0.0,1.0,0.04958851592344127,0.0,0.0,0.9504114840765587,0.0,0.0,0.0,1.0,0.0,0.0,1.0,0.0,0.0,1.0,1.0,0.0,1.0,0.0,0.9504114840765587,0.04958851592344127,0.0,1.0
-1.229440977992173,1.2075744574873064,-1.0155301359263007,-0.7620794323257384,-0.02359879114261032,-0.3840356986917804,1.0213750125967729,-0.369909729198191,0.7145598361838071,-0.9853289019395894,0.7109998966519678,-1.6361931858823764,-0.8587861715228708,1.3465970323907919,0.0,1.0,0.8902637838909163,0.10973621610908368,0.10973621610908368,0.8902637838909163,0.0,1.0,0.0,0.8902637838909163,0.0,0.10973621610908368,0.0,0.0,0.0,0.0,1.0,0.0,1.0,0.0,0.0,1.0,1.0,0.0,0.0,1.0,0.0,1.0,0.0,1.0
1.4312477716083492,-0.9627559146243408,-0.7167545164433511,0.5563179855977891,-0.44927096425930246,3.5004727590930345,0.09793108077017354,0.26887524696491805,-0.14789726841943915,0.9958328199461243,-0.18196691854770294,-1.6687954263374962,-1.088328696112875,0.9666337226319954,0.5443432472142871,0.45565675278571294,0.0,1.0,1.0,0.0,0.5443432472142871,0.45565675278571294,1.0,0.0,0.0,0.0,0.0,0.0,0.0,1.0,0.0,0.0,1.0,0.0,0.45565675278571294,0.5443432472142871,1.0,0.0,0.5443432472142871,0.45565675278571294,0.45565675278571294,0.5443432472142871,0.5443432472142871,0.45565675278571294
-0.27540080725858873,-1.0303183291580142,-0.8680188658899806,1.0571341878095613,-1.1191120069138742,0.2168618554972359,0.09793108077017354,1.3706638993050975,1.5770169407870533,0.9958328199461243,-0.8011771620977103,-0.5333564800733459,-0.6796677607413855,-0.3265012953947918,0.0,1.0,1.0,0.0,0.37986740219846327,0.6201325978015367,0.0,1.0,0.6201325978015367,0.0,0.37986740219846327,0.0,0.0,0.0,0.0,1.0,0.0,0.0,1.0,0.0,0.6201325978015367,0.37986740219846327,1.0,0.0,0.37986740219846327,0.6201325978015367,0.0,1.0,0.0,1.0
1.6507355666517158,-0.6271367703597721,-0.9622728961742615,0.5563179855977891,-1.1191120069138742,1.1978256316338864,0.38565026564740096,0.1001967804764208,-0.7711250010773545,0.6155651190141338,-0.8011771620977103,-2.167480223026847,-1.345580892262289,1.385655807525166,0.0,1.0,1.0,0.0,1.0,0.0,0.0,1.0,0.0,0.0,1.0,0.0,0.0,0.0,0.0,0.2773811829811327,0.7226188170188673,0.0,1.0,0.0,1.0,0.0,0.7226188170188673,0.2773811829811327,1.0,0.0,0.0,1.0,1.0,0.0
1.8787896327375908,-1.368951114586313,-1.2173734806299357,0.8043364368343755,0.11143700068845773,1.4954072196169228,0.29306351964783506,-0.16225214973488297,0.014349162310520858,-0.24613859562396467,-0.03043643917419675,-1.5670375458548005,-1.248236791758444,0.4743927227399714,1.0,0.0,0.8118788402762387,0.1881211597237613,0.8118788402762387,0.1881211597237613,0.1881211597237613,0.8118788402762387,0.8118788402762387,0.0,0.1881211597237613,0.0,0.0,0.0,0.0,1.0,0.0,0.0,1.0,0.0,0.0,1.0,1.0,0.0,1.0,0.0,0.0,1.0,0.0,1.0
0.29414472377140455,-1.368951114586313,0.6219768438152948,-0.7620794323257384,-1.1191120069138742,0.34947087701646956,0.5789115339657929,-0.16225214973488297,-0.14789726841943915,-0.692935174637099,-0.6039281872228592,-0.9009687153430227,-0.8718176287220987,-0.022425664313058813,0.0,1.0,0.0,1.0,0.46369840493998216,0.5363015950600178,0.0,1.0,1.0,0.0,0.0,0.0,0.0,0.0,0.0,0.0,1.0,0.0,1.0,0.0,1.0,0.0,1.0,0.0,1.0,0.0,1.0,0.0,0.0,1.0
0.4755910212584594,0.09895299725825824,-0.2976983184073204,0.5563179855977891,-1.1191120069138742,-0.3840356986917804,0.4644527529671062,0.7839148807415693,0.9675146618101422,0.753623817290376,0.7500413176048913,-1.6361931858823764,-1.248236791758444,0.600816541953761,0.0,1.0,0.3533522280260528,0.6466477719739472,1.0,0.0,0.0,1.0,0.0,0.0,0.0,1.0,0.0,0.0,0.0,0.6466477719739472,0.3533522280260528,0.0,1.0,0.0,0.6466477719739472,0.3533522280260528,1.0,0.0,0.6466477719739472,0.3533522280260528,0.6466477719739472,0.3533522280260528,0.0,1.0
1.1941799879018793,-1.368951114586313,-1.2173734806299357,1.1052246927018414,-0.4008945576947479,1.1978256316338864,0.529792113445309,-0.5561830100419636,-0.8660547570041486,-0.9458628217231945,-0.30462350344569517,-1.4831400785190072,-1.248236791758444,0.3210192851038542,1.0,0.0,1.0,0.0,1.0,0.0,0.0,1.0,0.5836561118508721,0.0,0.4163438881491279,0.0,0.0,0.0,0.0,0.5836561118508721,0.4163438881491279,0.0,1.0,0.0,0.0,1.0,1.0,0.0,1.0,0.0,0.0,1.0,0.0,1.0
1.120532119413022,-1.368951114586313,0.47899561409311775,0.5563179855977891,0.11143700068845773,-0.2610702824499667,-0.8587071296558886,-0.16225214973488297,0.6475170462596018,-0.3750882239584872,-0.7350433247143509,-1.2971571542652744,-0.6009175235541401,1.2206102413690196,0.07773463696498484,0.9222653630350152,1.0,0.0,1.0,0.0,0.0,1.0,1.0,0.0,0.0,0.0,0.0,0.0,0.0,1.0,0.0,0.0,1.0,0.0,0.0,1.0,0.07773463696498484,0.9222653630350152,1.0,0.0,0.0,1.0,0.9222653630350152,0.07773463696498484
0.21340088707125981,0.39112308337251556,1.4945550872111912,-0.7283216128673768,0.07992855667259202,1.157321768025444,1.1352010995399686,0.7839148807415693,0.6924764561407598,0.9782814714442856,0.8894590212671005,-1.27799373260105,-0.9062828601021224,0.600816541953761,0.0,1.0,0.025605192333833515,0.9743948076661665,1.0,0.0,0.0,1.0,0.0,0.0,0.0,1.0,0.0,0.0,0.0,0.9743948076661665,0.025605192333833515,0.0,1.0,0.0,0.0,1.0,1.0,0.0,0.0,1.0,0.0,1.0,0.0,1.0
1.0339469684056626,-0.48979357306090565,1.5162887344226097,-0.7620794323257384,0.12840535538465736,1.1978256316338864,-1.9909121381018806,-0.16225214973488297,-1.0103543730226854,-1.7176532970040634,0.8856867560808127,-1.2635118515681416,-2.286538634696983,-2.0687858403545287,1.0,0.0,0.0,1.0,1.0,0.0,0.9862107444796029,0.013789255520397115,0.0,0.0,1.0,0.0,0.0,0.0,0.0,0.0,1.0,0.0,1.0,0.0,0.0,1.0,1.0,0.0,1.0,0.0,0.0,1.0,0.013789255520397115,0.9862107444796029
-0.26187118147674293,-1.368951114586313,-1.2173734806299357,1.4767725866544854,-1.1191120069138742,1.1978256316338864,0.8221132949757868,-0.5372403107512552,-1.3521663292560573,-1.5391110388098839,-0.5443839885464945,-1.4904998446110382,-1.3541638634169737,0.13162811868000635,1.0,0.0,1.0,0.0,0.6981617140197451,0.30183828598025486,0.0,1.0,0.0,0.0,1.0,0.0,0.0,0.0,0.0,0.0,1.0,0.0,1.0,0.0,0.0,1.0,1.0,0.0,1.0,0.0,0.0,1.0,0.0,1.0
-0.9691227587766995,-0.4131449319949838,0.26173005742351485,1.2631060507440628,-0.45941915532990074,-0.3840356986917804,0.579124411559784,-1.1084191802113352,-1.8728114776259317,-0.4245734921881321,-0.5731313944846059,-1.29511988244645,-0.7344947242143939,0.9610915381284628,1.0,0.0,1.0,0.0,0.0,1.0,0.0,1.0,1.0,0.0,0.0,0.0,0.0,0.0,0.0,1.0,0.0,0.0,1.0,0.0,0.0,1.0,1.0,0.0,1.0,0.0,0.4639036336558796,0.5360963663441204,1.0,0.0
-0.07874811189964148,-0.4775011415997428,-0.5823631791278283,0.5563179855977891,-1.1191120069138742,-0.3840356986917804,0.8141373831848795,0.7839148807415693,-0.14789726841943915,0.5225412594120977,0.07996649776377701,-1.6361931858823764,-1.3568623555572012,0.39280345368384395,0.0,1.0,1.0,0.0,1.0,0.0,0.0,1.0,0.0,0.0,0.30952761628632774,0.6904723837136723,0.0,0.0,0.0,0.30952761628632774,0.6904723837136723,0.0,1.0,0.0,0.30952761628632774,0.6904723837136723,1.0,0.0,0.0,1.0,0.0,1.0,0.0,1.0
-1.4098842943814975,-1.368951114586313,-1.2173734806299357,1.6292232382984564,-1.1191120069138742,1.1978256316338864,0.9420562561363659,1.553900897954219,1.2558293244545542,-1.618373104881305,-0.29658686404712364,-1.4054834086604489,-1.0279904606434966,0.600816541953761,1.0,0.0,1.0,0.0,0.8137950197069487,0.18620498029305133,0.0,1.0,0.0,0.0,1.0,0.0,0.0,0.0,0.0,0.8137950197069487,0.18620498029305133,0.0,1.0,0.0,0.8137950197069487,0.18620498029305133,1.0,0.0,0.18620498029305133,0.8137950197069487,0.0,1.0,0.0,1.0
-0.2839555172496855,-1.368951114586313,-1.2173734806299357,1.4590657954645727,-1.1191120069138742,1.1978256316338864,0.8081821969773996,-0.511825239678357,-1.3289997974442482,-1.5299049328465895,-0.5329577662091582,-1.5003743073493365,-1.3588771751284003,0.14065389945191525,1.0,0.0,1.0,0.0,0.6847311725538793,0.3152688274461207,0.0,1.0,0.0,0.0,1.0,0.0,0.0,0.0,0.0,0.0,1.0,0.0,1.0,0.0,0.0,1.0,1.0,0.0,1.0,0.0,0.0,1.0,0.0,1.0
1.1903196730906813,-0.4775011415997428,-1.2173734806299357,-0.5476856793828069,-0.08867111264172688,4.36154829228522,0.9665234238134066,0.7839148807415693,1.29651667145338,0.9958328199461243,1.1182100756915927,-0.6529164332039238,-0.8972969786909292,-0.5246832670885027,0.8373830606551087,0.1626169393448913,0.0,1.0,1.0,0.0,0.0,1.0,0.1626169393448913,0.0,0.0,0.8373830606551087,0.0,0.0,0.0,1.0,0.0,0.0,1.0,0.0,0.1626169393448913,0.8373830606551087,1.0,0.0,0.0,1.0,1.0,0.0,0.0,1.0
-0.5144829511091781,1.2259948453965956,1.4597339499876596,-0.7620794323257384,0.001828535963009914,-0.3840356986917804,0.09793108077017354,-0.3308076724221589,0.7145598361838071,-0.3750882239584872,0.1253668765882192,-1.3013252074226815,-1.1857183973121876,0.10836240879519776,0.9109271844938425,0.08907281550615753,0.0,1.0,1.0,0.0,0.0,1.0,0.0,0.9109271844938425,0.0,0.08907281550615753,0.0,0.0,0.9109271844938425,0.0,0.08907281550615753,0.0,1.0,0.0,0.0,1.0,1.0,0.0,0.9109271844938425,0.08907281550615753,0.0,1.0,0.0,1.0
1.2025254365161295,-1.368951114586313,-1.2173734806299357,1.8747154035213165,0.11143700068845773,2.7796869619595532,-0.5711853432715734,0.6160054708580202,0.7145598361838071,0.8741891058531445,-0.20084883253968194,-1.5709557050762428,-1.248236791758444,0.4815555319174288,1.0,0.0,0.0,1.0,0.822537242923169,0.177462757076831,0.177462757076831,0.822537242923169,0.0,0.0,1.0,0.0,0.0,0.0,0.0,1.0,0.0,0.0,1.0,0.0,0.822537242923169,0.177462757076831,1.0,0.0,0.177462757076831,0.822537242923169,0.0,1.0,0.822537242923169,0.177462757076831
-1.327338436233514,-0.432750275659905,-1.2173734806299357,-0.7620794323257384,0.11143700068845773,-0.3840356986917804,0.09793108077017354,0.8314125477118101,-0.9237635301565273,-1.0949589235477617,-0.6944060848597129,-0.9194228814285101,-0.5639743746687196,0.600816541953761,1.0,0.0,0.050200086708075964,0.949799913291924,1.0,0.0,0.0,1.0,1.0,0.0,0.0,0.0,0.0,0.0,0.0,1.0,0.0,0.0,0.050200086708075964,0.949799913291924,0.0,1.0,1.0,0.0,0.949799913291924,0.050200086708075964,0.0,1.0,0.0,1.0
-0.2165568815622565,-0.7220084784376825,-0.5499472740247541,2.2363260954488986,-0.7815964201564909,0.7639519282907197,0.3824340114523681,0.7839148807415693,1.5770169407870533,0.8078243710046744,-0.3344811784825096,-0.8358430739100084,-0.8972969786909292,-0.19027403387498198,0.0,1.0,1.0,0.0,1.0,0.0,0.0,1.0,0.0,0.0,1.0,0.0,0.0,0.0,0.0,1.0,0.0,0.0,1.0,0.0,0.0,1.0,1.0,0.0,0.72571950838836,0.27428049161164003,0.0,1.0,0.27428049161164003,0.72571950838836
0.04795987027147919,-1.0243301014462542,-1.2173734806299357,0.5563179855977891,-1.1191120069138742,-0.3840356986917804,0.09793108077017354,1.3643081151292669,0.9101913191933894,0.9958328199461243,-0.8011771620977103,-0.9596963919033489,-0.9533611622425215,-0.07121747803331217,0.0,1.0,1.0,0.0,0.38658480406421014,0.6134151959357899,0.0,1.0,0.6134151959357899,0.0,0.38658480406421014,0.0,0.0,0.0,0.0,1.0,0.0,0.0,1.0,0.0,1.0,0.0,1.0,0.0,0.0,1.0,0.0,1.0,0.0,1.0
0.7127549087957985,-1.368951114586313,-0.6823460506563745,-0.7620794323257384,-0.40323155255554943,1.1978256316338864,-0.07167701379260893,0.7839148807415693,0.7145598361838071,0.9958328199461243,0.31243318404474074,-1.3622224877133355,-1.5417930577036834,-0.46217794901040143,1.0,0.0,0.4182430362906189,0.5817569637093811,1.0,0.0,0.0,1.0,0.0,0.0,1.0,0.0,0.0,0.0,0.0,1.0,0.0,0.0,1.0,0.0,0.0,1.0,1.0,0.0,0.4182430362906189,0.5817569637093811,0.4182430362906189,0.5817569637093811,0.0,1.0
-0.5324072918938717,-1.249012731192652,-0.3595662613916797,-0.7620794323257384,0.11143700068845773,-0.3840356986917804,0.09793108077017354,0.8475649718821499,1.5189981433182864,-0.4673121617838498,-0.6580966861317121,-1.2685809506126995,-0.8972969786909292,0.600816541953761,1.0,0.0,1.0,0.0,0.06727151664598674,0.9327284833540133,0.0,1.0,1.0,0.0,0.0,0.0,0.0,0.0,0.0,1.0,0.0,0.0,1.0,0.0,0.9327284833540133,0.06727151664598674,1.0,0.0,0.0,1.0,0.9327284833540133,0.06727151664598674,0.0,1.0
-0.5877158126017253,-1.1301564304127385,-0.8478403381764013,1.8747154035213165,0.11143700068845773,-0.3840356986917804,0.09793108077017354,-0.2889780816798476,-1.1258685230859835,0.7204090713121891,0.36102093453962264,-1.9545688681879718,-1.2012332781767272,1.2728505619408341,1.0,0.0,0.13393611049959164,0.8660638895004084,0.0,1.0,0.0,1.0,1.0,0.0,0.0,0.0,0.0,0.0,0.0,1.0,0.0,0.0,1.0,0.0,0.0,1.0,1.0,0.0,1.0,0.0,0.0,1.0,0.13393611049959164,0.8660638895004084
-0.5505384472524192,0.41394883138682737,-0.2976983184073204,0.5563179855977891,0.11143700068845773,2.7796869619595532,-1.8828010151898322,1.6872974964015541,1.53801777749326,-1.6840180414371433,0.8618805897440656,-2.3381717836344134,-2.285187199326761,-0.10160596268324393,0.9547813298938106,0.04521867010618941,0.04521867010618941,0.9547813298938106,1.0,0.0,0.9547813298938106,0.04521867010618941,0.0,0.0,0.04521867010618941,0.9547813298938106,0.0,0.9547813298938106,0.0,0.04521867010618941,0.0,0.0,0.9547813298938106,0.04521867010618941,0.0,1.0,1.0,0.0,0.04521867010618941,0.9547813298938106,0.0,1.0,0.9547813298938106,0.04521867010618941
-1.3665281035984342,1.2818939656700845,-1.1688753775337761,-0.7620794323257384,0.07899114638738827,-0.3840356986917804,1.1078514274083013,-0.21214727366030953,0.7145598361838071,-1.0424752258096035,0.6932680074877642,-1.6361931858823764,-0.8880437575897077,1.290570065807119,0.0,1.0,0.973633025502748,0.026366974497252005,0.026366974497252005,0.973633025502748,0.0,1.0,0.0,0.973633025502748,0.0,0.026366974497252005,0.0,0.0,0.0,0.0,1.0,0.0,1.0,0.0,0.0,1.0,1.0,0.0,0.0,1.0,0.0,1.0,0.0,1.0
1.5692733179457634,-1.368951114586313,-0.5249254646210513,0.5563179855977891,0.11143700068845773,0.6023127892852953,-0.2925630828575613,-0.16225214973488297,0.17678623696739318,-0.3750882239584872,-0.27069458820945214,-1.4978006460871882,-0.9840048245605441,0.8538127317746851,0.6235366331219504,0.3764633668780496,1.0,0.0,1.0,0.0,0.0,1.0,1.0,0.0,0.0,0.0,0.0,0.0,0.0,1.0,0.0,0.0,1.0,0.0,0.0,1.0,0.6235366331219504,0.3764633668780496,1.0,0.0,0.0,1.0,0.3764633668780496,0.6235366331219504
0.7451069901391486,0.5828310595437581,0.7962062400610468,0.30655198606634493,-1.1191120069138742,0.89814727143867,-0.0985762693656298,-1.696089825792172,-1.7094218518153024,-0.11537179842966594,2.257084350801489,-1.198938037077014,-1.466207847462585,-0.6159368913325391,0.8105533307818329,0.1894466692181671,0.0,1.0,1.0,0.0,0.0,1.0,0.0,0.0,0.8105533307818329,0.0,0.1894466692181671,0.0,0.0,0.8105533307818329,0.0,0.1894466692181671,1.0,0.0,0.8105533307818329,0.1894466692181671,1.0,0.0,1.0,0.0,1.0,0.0,0.0,1.0
-0.5981769780452196,0.3912634430298727,1.506546522528776,1.8579402852641465,0.09577965424410229,-0.3840356986917804,0.11112917035448566,-1.1084191802113352,-1.8728114776259317,-1.0431053238287293,-0.38120762510741313,-1.6268382847947453,-0.8928316658912205,1.2642996879745607,1.0,0.0,1.0,0.0,0.0,1.0,0.0,1.0,1.0,0.0,0.0,0.0,0.0,0.0,0.0,1.0,0.0,0.0,1.0,0.0,0.0,1.0,1.0,0.0,1.0,0.0,0.012723870685055538,0.9872761293149445,1.0,0.0
1.7551216057449697,-0.9666837140534208,-1.0790388019032768,0.5563179855977891,-1.1191120069138742,1.1978256316338864,0.2539540122284244,-0.019932646545957805,-0.8806262566381147,0.7896231385735891,-0.8011771620977103,-2.260827477299963,-1.301024067404513,1.6416287779211218,0.0,1.0,1.0,0.0,1.0,0.0,0.0,1.0,0.0,0.0,1.0,0.0,0.0,0.0,0.0,0.15041689110352818,0.8495831088964718,0.0,1.0,0.0,1.0,0.0,0.8495831088964718,0.15041689110352818,1.0,0.0,0.0,1.0,1.0,0.0
0.38923528383786443,-0.4775011415997428,-0.8441055804302338,0.5563179855977891,-1.1191120069138742,-0.3840356986917804,0.5189271212749477,0.7839148807415693,-0.14789726841943915,0.7176254482469899,-0.2832286454944939,-1.6361931858823764,-1.456740913941791,0.2015404889178702,0.0,1.0,1.0,0.0,1.0,0.0,0.0,1.0,0.0,0.0,0.5941307153521351,0.40586928464786487,0.0,0.0,0.0,0.5941307153521351,0.40586928464786487,0.0,1.0,0.0,0.5941307153521351,0.40586928464786487,1.0,0.0,0.0,1.0,0.0,1.0,0.0,1.0
0.23445266917804672,1.3053988043733975,0.8410602853154189,0.05415246370476989,0.8732811426586842,-0.3840356986917804,1.1352010995399686,0.5585205917735285,1.0430618615636482,0.9958328199461243,-0.8011771620977103,-1.4961730466824645,-1.4655068388007426,-0.07121747803331217,1.0,0.0,0.6191091433689785,0.3808908566310215,1.0,0.0,0.0,1.0,0.0,0.0,0.0,0.6191091433689785,0.3808908566310215,0.0,0.0,0.0,1.0,0.0,0.6191091433689785,0.3808908566310215,0.0,1.0,1.0,0.0,0.0,1.0,0.0,1.0,0.0,1.0
1.0566211509578187,-1.3153114960753995,-0.2700293373369006,0.5166532053598875,0.11143700068845773,2.7796869619595532,0.09793108077017354,-0.13378614485503026,-0.09600218571731434,0.9545878347916212,-0.3310025567601371,-2.025925092089669,-1.248236791758444,1.3132876583016022,0.9699143978146032,0.030085602185396798,0.0,1.0,1.0,0.0,0.9699143978146032,0.030085602185396798,1.0,0.0,0.0,0.0,0.0,0.030085602185396798,0.0,0.9699143978146032,0.0,0.0,1.0,0.0,0.0,1.0,1.0,0.0,0.9699143978146032,0.030085602185396798,0.030085602185396798,0.9699143978146032,0.9699143978146032,0.030085602185396798
-1.4098842943814975,1.1646557226676344,-0.007299708453223808,0.34816798152092143,-1.1191120069138742,-0.3840356986917804,1.1352010995399686,1.7300819112180217,1.5770169407870533,0.9958328199461243,-0.01757285094396971,-0.5913954956462117,-0.8972969786909292,-0.6371500432553876,0.0,1.0,0.0,1.0,0.15788107686429131,0.8421189231357087,0.8421189231357087,0.15788107686429131,0.0,0.8421189231357087,0.0,0.15788107686429131,0.0,0.0,0.8421189231357087,0.0,0.15788107686429131,0.0,0.8421189231357087,0.15788107686429131,1.0,0.0,1.0,0.0,1.0,0.0,0.0,1.0,0.8421189231357087,0.15788107686429131
0.9237001075628057,-0.6216230134177028,-0.2976983184073204,-0.7620794323257384,-0.08750745128703508,-0.12829412845066712,1.1352010995399686,1.424145812464533,0.8539943934160956,-1.1713680363642016,2.4643350508890096,-1.3874456430928648,-1.5991766048259588,-0.525954277041403,0.0,1.0,0.0,1.0,1.0,0.0,0.0,1.0,0.0,0.0,1.0,0.0,0.0,0.0,0.0,0.16167129528886215,0.8383287047111379,0.0,1.0,0.0,0.8383287047111379,0.16167129528886215,1.0,0.0,0.8383287047111379,0.16167129528886215,1.0,0.0,0.0,1.0
1.108100145519201,0.8317653360250439,0.5643925971268186,1.1742418372698973,-1.1191120069138742,4.36154829228522,-0.9393389379996216,-0.6649571650035029,-1.0643559865376981,0.26745309193858435,-0.1497867298006994,-1.4869134007685427,-0.5243835323248389,1.7140638803147659,0.0,1.0,0.4686931597949703,0.5313068402050297,1.0,0.0,0.0,1.0,0.5313068402050297,0.4686931597949703,0.0,0.0,0.0,0.0,0.0,0.4686931597949703,0.5313068402050297,0.0,1.0,0.0,1.0,0.0,1.0,0.0,0.0,1.0,0.0,1.0,0.5313068402050297,0.4686931597949703
0.23445266917804672,0.9356079702201834,0.46530006780367317,-0.7620794323257384,0.11143700068845773,0.27215123112110967,1.1352010995399686,1.3375933745074733,1.219252913867951,0.9958328199461243,-0.09535009241183656,-1.2685809506126995,-1.1026601131513043,0.20755533969170603,0.5851804976623348,0.4148195023376652,0.0,1.0,1.0,0.0,0.0,1.0,0.0,0.0,0.0,0.4148195023376652,0.5851804976623348,0.0,0.0,0.4148195023376652,0.5851804976623348,0.0,0.4148195023376652,0.5851804976623348,0.0,1.0,1.0,0.0,0.0,1.0,0.0,1.0,0.0,1.0
-1.4098842943814975,-1.1252223876993477,-1.2173734806299357,0.19585880792231392,-0.7826712058780843,-0.3840356986917804,0.8516041409066103,-0.5910416654914591,-1.6370096059905233,-0.06444721046832852,-0.8011771620977103,-0.9009687153430227,-0.5463571656234143,0.600816541953761,1.0,0.0,0.7265929280692938,0.27340707193070624,0.27340707193070624,0.7265929280692938,0.0,1.0,1.0,0.0,0.0,0.0,0.0,0.0,0.0,1.0,0.0,0.0,0.7265929280692938,0.27340707193070624,0.0,1.0,1.0,0.0,1.0,0.0,0.7265929280692938,0.27340707193070624,0.7265929280692938,0.27340707193070624
-1.2708338249082773,-0.5277570765663162,-1.113679192574292,0.5563179855977891,-1.0497391954569872,-0.3840356986917804,-2.8969257506006847,-0.16225214973488297,0.7145598361838071,-1.6687229131437689,-0.8011771620977103,-1.9623567764754821,-1.2086679792459147,1.2728505619408341,0.9436245033490729,0.056375496650927115,1.0,0.0,0.056375496650927115,0.9436245033490729,0.0,1.0,1.0,0.0,0.0,0.0,0.0,0.0,0.0,1.0,0.0,0.0,1.0,0.0,0.9436245033490729,0.056375496650927115,0.9436245033490729,0.056375496650927115,1.0,0.0,0.9436245033490729,0.056375496650927115,1.0,0.0
-1.4098842943814975,-1.368951114586313,-1.2173734806299357,2.053065073369485,-0.9526462612637283,0.9838351897734099,1.1352010995399686,1.6020866836693546,1.5770169407870533,-1.4678268561210621,-0.20316110307690705,-1.3183106602595496,-0.8972969786909292,0.6917277072533763,0.8647223762550532,0.13527762374494678,1.0,0.0,1.0,0.0,0.0,1.0,0.0,0.0,1.0,0.0,0.0,0.0,0.0,1.0,0.0,0.0,1.0,0.0,0.8647223762550532,0.13527762374494678,1.0,0.0,0.0,1.0,0.0,1.0,0.13527762374494678,0.8647223762550532
-0.5877158126017253,0.9718200236597838,1.1975114164779432,-0.7620794323257384,-0.11879747684992314,-0.3840356986917804,0.09793108077017354,-0.16225214973488297,0.7145598361838071,-0.6315861678353807,0.12917547509704363,-1.3373608288630925,-1.3138972766394552,-0.07121747803331217,1.0,0.0,0.0,1.0,0.8129010091300776,0.18709899086992243,0.18709899086992243,0.8129010091300776,0.0,0.8129010091300776,0.18709899086992243,0.0,0.0,0.0,0.8129010091300776,0.18709899086992243,0.0,0.0,1.0,0.0,0.0,1.0,1.0,0.0,1.0,0.0,0.18709899086992243,0.8129010091300776,0.18709899086992243,0.8129010091300776
1.0566211509578187,-0.4772494614582905,1.5413923571715324,-0.7617072135151619,0.11108958383088607,1.1978256316338864,-1.9760232586978277,-0.16278640619185492,-1.0105978677028813,-1.7456222202297986,0.9007113004390959,-1.2685809506126995,-2.30085807159261,-2.086940071681589,1.0,0.0,0.0,1.0,1.0,0.0,0.9997176732861306,0.00028232671386940744,0.0,0.0,1.0,0.0,0.0,0.0,0.0,0.00028232671386940744,0.9997176732861306,0.0,1.0,0.0,0.00028232671386940744,0.9997176732861306,1.0,0.0,1.0,0.0,0.00028232671386940744,0.9997176732861306,0.0,1.0
-0.5877158126017253,-0.48049923309935927,-1.2173734806299357,0.5563179855977891,0.11143700068845773,-0.3840356986917804,0.0944425726986976,-1.1020549524537522,-1.0103543730226854,0.9958328199461243,-0.37579511899928403,-0.9009687153430227,-1.5968160692887603,-1.4107651982052687,0.0,1.0,0.0,1.0,0.9966368370739054,0.0033631629260946205,0.0,1.0,0.0,0.9966368370739054,0.0033631629260946205,0.0,0.0,0.0,0.0,0.0033631629260946205,0.9966368370739054,0.0,1.0,0.0,0.9966368370739054,0.0033631629260946205,1.0,0.0,1.0,0.0,0.0,1.0,0.0,1.0
1.4221311906099292,-1.368951114586313,-0.19573999272257514,0.5563179855977891,0.11143700068845773,0.3192096949042601,-0.4782015749256032,-0.16225214973488297,0.33113875219944566,-0.3750882239584872,-0.42295442336263633,-1.4320096950461454,-0.8583905938865299,0.9740855438981713,0.44456829439737255,0.5554317056026274,1.0,0.0,1.0,0.0,0.0,1.0,1.0,0.0,0.0,0.0,0.0,0.0,0.0,1.0,0.0,0.0,1.0,0.0,0.0,1.0,0.44456829439737255,0.5554317056026274,1.0,0.0,0.0,1.0,0.5554317056026274,0.44456829439737255
-1.4098842943814975,-1.368951114586313,-1.2173734806299357,1.5701490081874616,-1.1191120069138742,1.1978256316338864,0.8955786713481978,1.5115054198366757,1.178540050726396,-1.58765926089518,-0.27752651368732106,-1.438427055974536,-1.0594400053565192,0.600816541953761,1.0,0.0,1.0,0.0,0.7689874151805105,0.2310125848194895,0.0,1.0,0.0,0.0,1.0,0.0,0.0,0.0,0.0,0.7689874151805105,0.2310125848194895,0.0,1.0,0.0,0.7689874151805105,0.2310125848194895,1.0,0.0,0.2310125848194895,0.7689874151805105,0.0,1.0,0.0,1.0
0.23445266917804672,0.4631874199910698,1.4400568333766586,-0.7620794323257384,0.11143700068845773,1.1104526756261368,1.1352010995399686,0.8361757260792466,0.7621970248642819,0.9958328199461243,0.8063683436093422,-1.2685809506126995,-0.9166808831209106,0.5636972333655972,0.05523427011757198,0.944765729882428,0.0,1.0,1.0,0.0,0.0,1.0,0.0,0.0,0.0,0.944765729882428,0.05523427011757198,0.0,0.0,0.944765729882428,0.05523427011757198,0.0,0.944765729882428,0.05523427011757198,0.0,1.0,1.0,0.0,0.0,1.0,0.0,1.0,0.0,1.0
0.6857756213426793,0.5479806609059092,-0.2976983184073204,0.5563179855977891,-1.1191120069138742,-0.3840356986917804,0.2538873346643027,0.9261735626287091,1.5770169407870533,0.9958328199461243,0.7724364100183503,-1.4703788095072607,-1.1954720751485617,0.3987324050365507,0.0,1.0,0.0,1.0,0.8496473906774115,0.15035260932258854,0.15035260932258854,0.8496473906774115,0.0,0.15035260932258854,0.0,0.8496473906774115,0.0,0.0,0.15035260932258854,0.8496473906774115,0.0,0.0,1.0,0.0,1.0,0.0,1.0,0.0,1.0,0.0,0.8496473906774115,0.15035260932258854,0.15035260932258854,0.8496473906774115
0.8532593376765053,0.1934503727695744,-0.2976983184073204,-0.7620794323257384,-1.1191120069138742,1.1978256316338864,-2.2331757269072567,-0.39628476865523166,-1.8728114776259317,0.9958328199461243,-0.8011771620977103,-2.466245325976822,-4.055755296298563,-3.258032575433563,0.0,1.0,0.7526518982568023,0.24734810174319766,1.0,0.0,0.0,1.0,0.0,0.0,0.24734810174319766,0.7526518982568023,0.0,0.0,0.0,1.0,0.0,0.0,1.0,0.0,1.0,0.0,1.0,0.0,0.7526518982568023,0.24734810174319766,0.7526518982568023,0.24734810174319766,0.24734810174319766,0.7526518982568023
-0.21729262489904555,0.41394883138682737,-0.2976983184073204,0.5563179855977891,-0.44297963789842865,3.492385307211605,-1.041937109389973,1.7300819112180217,0.41129196948050395,-1.4371790497108918,1.092004395080216,-1.8745410464147683,-1.98482848171221,-0.3739984644673542,0.5494558646899065,0.4505441353100935,0.0,1.0,1.0,0.0,0.5494558646899065,0.4505441353100935,0.0,0.0,0.0,1.0,0.0,0.5494558646899065,0.0,0.0,0.4505441353100935,0.0,1.0,0.0,0.0,1.0,1.0,0.0,0.0,1.0,0.4505441353100935,0.5494558646899065,1.0,0.0
-0.3753342120763895,-0.4775011415997428,-1.2173734806299357,-0.5917959928894945,-1.1191120069138742,-0.3840356986917804,1.0012279105614816,0.7839148807415693,-0.14789726841943915,0.9958328199461243,-0.4307372149018248,-0.6757982240032416,-1.2935639727676191,-1.2416864760405815,0.870840584848505,0.12915941515149498,1.0,0.0,0.12915941515149498,0.870840584848505,0.0,1.0,0.0,0.0,1.0,0.0,0.0,0.0,0.0,1.0,0.0,0.0,1.0,0.0,0.12915941515149498,0.870840584848505,1.0,0.0,0.870840584848505,0.12915941515149498,0.0,1.0,0.0,1.0
0.23445266917804672,0.4549100418958,-0.21318206048772637,0.6168969926161281,-1.1191120069138742,4.36154829228522,0.050269588952375655,1.6431311050339055,-0.9707253550327496,-0.9660601253955677,1.2475495817825866,-1.251689546034933,-1.5669259570170222,-0.7123722251547882,0.0,1.0,0.04594897274127763,0.9540510272587224,1.0,0.0,0.0,1.0,0.0,0.04594897274127763,0.0,0.9540510272587224,0.0,0.0,0.0,0.04594897274127763,0.9540510272587224,0.0,1.0,0.0,0.04594897274127763,0.9540510272587224,1.0,0.0,0.0,1.0,0.9540510272587224,0.04594897274127763,0.9540510272587224,0.04594897274127763
-0.5877158126017253,0.41394883138682737,-0.659889725356088,-0.7620794323257384,-1.1191120069138742,-0.3840356986917804,-0.9393389379996216,-2.0545862106877877,-0.14789726841943915,-0.914991705213202,-0.5433213576205532,-1.4914181629469667,-1.9501164178934738,-1.007915541603239,1.0,0.0,0.0,1.0,1.0,0.0,0.0,1.0,0.0,0.0,0.39382536554911995,0.60617463445088,0.0,0.60617463445088,0.0,0.39382536554911995,0.0,0.0,1.0,0.0,1.0,0.0,1.0,0.0,0.60617463445088,0.39382536554911995,0.0,1.0,0.0,1.0
0.6104184857193461,0.8977515587941266,0.9108206783106173,1.57327331911876,-1.1191120069138742,4.36154829228522,-0.7021746108434662,0.05408213458813341,-0.14789726841943915,0.9958328199461243,-0.27853457525446496,-0.9850206081524806,-0.8972969786909292,0.08243826569030237,0.0,1.0,0.7713571944965373,0.22864280550346272,1.0,0.0,0.0,1.0,0.22864280550346272,0.7713571944965373,0.0,0.0,0.0,0.0,0.0,1.0,0.0,0.0,1.0,0.0,1.0,0.0,1.0,0.0,0.0,1.0,0.22864280550346272,0.7713571944965373,0.0,1.0
-0.04788111285897534,-0.18483872558183434,-0.5996270447339377,0.12348901561240933,-0.7151236099129764,-0.3840356986917804,1.1352010995399686,0.4732888921984071,-0.14789726841943915,0.3103722979938185,0.3353163335823167,-1.5155063406393083,-1.248236791758444,0.380188233136024,0.32829931559414327,0.6717006844058567,1.0,0.0,1.0,0.0,0.0,1.0,0.0,0.0,0.32829931559414327,0.6717006844058567,0.0,0.0,0.0,0.32829931559414327,0.6717006844058567,0.0,1.0,0.0,0.32829931559414327,0.6717006844058567,1.0,0.0,0.0,1.0,0.0,1.0,0.0,1.0
0.23445266917804672,0.7543684011149702,1.5416520060379102,-0.258620690567514,0.5813489154243504,0.5937574620708104,1.1352010995399686,0.42260041199279874,0.7145598361838071,0.9958328199461243,0.25058545319354975,-1.408961681724337,-1.1653249865098672,0.34418572826914373,0.38187175954210417,0.6181282404578958,0.38187175954210417,0.6181282404578958,1.0,0.0,0.0,1.0,0.0,0.0,0.0,1.0,0.0,0.0,0.0,0.6181282404578958,0.38187175954210417,0.0,1.0,0.0,0.0,1.0,1.0,0.0,0.0,1.0,0.0,1.0,0.0,1.0
0.8233928654084008,-0.796785286914915,-1.2173734806299357,0.5563179855977891,-0.6783752296784085,1.1978256316338864,-0.5678274887430563,-0.16225214973488297,-0.7014543922512528,0.5048200126528295,0.5956390327790042,-1.400245947979015,-1.248236791758444,0.16948005317579418,0.3581627180328405,0.6418372819671595,1.0,0.0,0.3581627180328405,0.6418372819671595,0.0,1.0,1.0,0.0,0.0,0.0,0.0,0.0,0.0,1.0,0.0,0.0,1.0,0.0,0.6418372819671595,0.3581627180328405,0.3581627180328405,0.6418372819671595,0.3581627180328405,0.6418372819671595,0.6418372819671595,0.3581627180328405,0.0,1.0
1.0566211509578187,-0.2750393166021843,-1.1129373836021323,0.5563179855977891,-1.1191120069138742,-0.20440333482629566,0.21572096656253548,0.7839148807415693,-0.14789726841943915,0.8401543271045147,-0.8011771620977103,-1.6361931858823764,-1.5991766048259588,-0.07121747803331217,0.0,1.0,1.0,0.0,1.0,0.0,0.0,1.0,0.0,0.0,1.0,0.0,0.0,0.0,0.0,1.0,0.0,0.0,1.0,0.0,1.0,0.0,0.886442407800371,0.11355759219962902,0.11355759219962902,0.886442407800371,0.0,1.0,0.11355759219962902,0.886442407800371
-1.4098842943814975,-0.7702772075166071,-1.2173734806299357,-0.32908238141840995,-0.29270827754482787,-0.3840356986917804,0.43859835834213423,0.1624216522319064,-1.2936084038258162,-0.6103015283666182,-0.8011771620977103,-0.9009687153430227,-0.5463571656234143,0.600816541953761,1.0,0.0,0.3284268044072004,0.6715731955927996,0.6715731955927996,0.3284268044072004,0.0,1.0,1.0,0.0,0.0,0.0,0.0,0.0,0.0,1.0,0.0,0.0,0.3284268044072004,0.6715731955927996,0.0,1.0,1.0,0.0,1.0,0.0,0.3284268044072004,0.6715731955927996,0.3284268044072004,0.6715731955927996
1.4510090402271953,-1.368951114586313,-0.7388594113955635,-0.12965434379949892,0.11143700068845773,1.1978256316338864,-1.9344798181741187,-0.5776922337932711,0.7145598361838071,-0.31940771491382525,1.4191207672173967,-1.2536502319678364,-1.248236791758444,-0.09851240978345477,1.0,0.0,0.0,1.0,1.0,0.0,0.0,1.0,0.0,0.0,1.0,0.0,0.0,0.0,0.0,1.0,0.0,0.0,1.0,0.0,0.0,1.0,1.0,0.0,0.4796922990962067,0.5203077009037933,0.0,1.0,0.0,1.0
0.23445266917804672,1.3053988043733975,0.1210879216239431,-0.46190458788132904,0.39161037778746965,-0.3840356986917804,1.1352010995399686,1.2992322488468355,1.3806513201519623,0.9958328199461243,-0.8011771620977103,-1.352279495556556,-1.32813933280165,-0.07121747803331217,1.0,0.0,0.22768160826436068,0.7723183917356393,1.0,0.0,0.0,1.0,0.0,0.0,0.0,0.22768160826436068,0.7723183917356393,0.0,0.0,0.0,1.0,0.0,0.22768160826436068,0.7723183917356393,0.0,1.0,1.0,0.0,0.0,1.0,0.0,1.0,0.0,1.0
1.4511275967510924,-1.368951114586313,-0.2606105760950236,0.5563179855977891,0.11143700068845773,0.37499910377801215,-0.44161892379162626,-0.16225214973488297,0.3007214386698982,-0.3750882239584872,-0.3929495015973583,-1.4449747185328954,-0.88314462806887,0.9503841106566042,0.4798364988880066,0.5201635011119934,1.0,0.0,1.0,0.0,0.0,1.0,1.0,0.0,0.0,0.0,0.0,0.0,0.0,1.0,0.0,0.0,1.0,0.0,0.0,1.0,0.4798364988880066,0.5201635011119934,1.0,0.0,0.0,1.0,0.5201635011119934,0.4798364988880066
-0.5877158126017253,-1.1054055194904073,-1.0814284779558854,0.5563179855977891,0.11143700068845773,4.127719923732362,-1.0926666359387327,0.9237758716346607,0.10707696206469652,-1.7460092678630987,-0.5496598204887363,-1.7448729640465994,-1.702927398118223,-0.07121747803331217,1.0,0.0,0.8521815003185401,0.14781849968145988,1.0,0.0,0.14781849968145988,0.8521815003185401,0.8521815003185401,0.0,0.0,0.14781849968145988,0.0,0.14781849968145988,0.0,0.8521815003185401,0.0,0.0,0.14781849968145988,0.8521815003185401,0.0,1.0,1.0,0.0,0.8521815003185401,0.14781849968145988,0.0,1.0,1.0,0.0
-0.13395540488263313,0.014496194916875704,0.7174517045560712,-0.17131456557682911,-0.43996359417099085,0.4890043875078606,1.1352010995399686,0.7839148807415693,0.3280987057607343,0.6886826477692245,0.7097402258754528,-1.4333054792198665,-1.054550708928243,0.600816541953761,0.0,1.0,0.44809316122551446,0.5519068387744855,1.0,0.0,0.0,1.0,0.0,0.0,0.0,1.0,0.0,0.0,0.0,0.5519068387744855,0.44809316122551446,0.0,1.0,0.0,0.0,1.0,1.0,0.0,0.0,1.0,0.0,1.0,0.0,1.0
1.4176041123077172,0.41394883138682737,0.21818240156131063,-0.18322118768972528,-0.4288503427145395,3.474222206402073,-0.3574947977364207,-0.04693715059309289,0.06232827754377812,-0.3750882239584872,0.6461192750571659,-2.4162207442795767,-0.7859837531751978,2.9119832219277337,0.0,1.0,0.0,1.0,1.0,0.0,0.0,1.0,1.0,0.0,0.0,0.0,0.0,0.5609379715353863,0.0,0.0,0.43906202846461373,0.0,1.0,0.0,0.43906202846461373,0.5609379715353863,1.0,0.0,0.0,1.0,0.5609379715353863,0.43906202846461373,0.43906202846461373,0.5609379715353863
-0.6891273328371184,1.1954416617951884,1.5416520060379102,-0.7620794323257384,-1.1191120069138742,-0.3840356986917804,0.22587460065593867,1.7300819112180217,1.5770169407870533,0.39492138389656584,1.4887683839427297,-0.9009687153430227,-0.8972969786909292,-0.07121747803331217,0.0,1.0,0.0,1.0,1.0,0.0,0.0,1.0,0.0,0.0,0.0,1.0,0.0,0.0,0.0,0.0,1.0,0.0,0.0,1.0,0.12334639734165498,0.876653602658345,1.0,0.0,0.12334639734165498,0.876653602658345,0.0,1.0,0.0,1.0
0.39315935988182393,-0.8371859317853281,-1.2173734806299357,0.5563179855977891,-1.1191120069138742,-0.3840356986917804,0.09793108077017354,1.1656770661138807,0.5480760606816867,0.9958328199461243,-0.8011771620977103,-1.1912174708583105,-1.1743819998923877,-0.07121747803331217,0.0,1.0,1.0,0.0,0.596517133787603,0.40348286621239704,0.0,1.0,0.40348286621239704,0.0,0.596517133787603,0.0,0.0,0.0,0.0,1.0,0.0,0.0,1.0,0.0,1.0,0.0,1.0,0.0,0.0,1.0,0.0,1.0,0.0,1.0
3.9045626904343766,0.41394883138682737,-0.970872526698648,-0.7620794323257384,-0.9541997005403384,4.149554784724391,0.9961911210095341,0.7839148807415693,1.5770169407870533,-1.5622849709764313,1.6656035889658933,-1.7839900989551256,-1.248236791758444,0.8710049200992712,0.0,1.0,0.0,1.0,1.0,0.0,0.0,1.0,0.13401522845064073,0.0,0.0,0.8659847715493593,0.0,0.13401522845064073,0.0,0.0,0.8659847715493593,0.0,1.0,0.0,0.8659847715493593,0.13401522845064073,1.0,0.0,0.8659847715493593,0.13401522845064073,1.0,0.0,0.0,1.0
1.8551254234514942,-1.368951114586313,-1.2173734806299357,1.8367683973888818,0.0760185069149393,2.734156759316202,1.1352010995399686,-0.16225214973488297,0.6897360125078724,0.3301016863227441,-0.37579511899928403,-1.2580000866361094,-1.25833777880343,-0.10990335337099197,0.971217323686661,0.028782676313338973,0.028782676313338973,0.971217323686661,0.028782676313338973,0.971217323686661,0.971217323686661,0.028782676313338973,0.0,0.0,0.971217323686661,0.028782676313338973,0.0,0.0,0.0,1.0,0.0,0.0,1.0,0.0,0.0,1.0,1.0,0.0,1.0,0.0,0.028782676313338973,0.971217323686661,0.0,1.0
-0.5877158126017253,-0.25921825478457305,-1.2173734806299357,0.23349157573221946,-0.18987860634115394,-0.3840356986917804,-0.15605770263327523,-1.3401002358849419,-0.7991707595257499,0.3244578418155837,-0.47995533345952757,-0.990983256119111,-1.6851086905470576,-1.4152855180074584,0.244862744326381,0.755137255673619,0.0,1.0,1.0,0.0,0.0,1.0,0.0,0.755137255673619,0.244862744326381,0.0,0.0,0.0,0.0,0.244862744326381,0.755137255673619,0.0,1.0,0.0,1.0,0.0,1.0,0.0,0.755137255673619,0.244862744326381,0.0,1.0,0.0,1.0
0.1201125918278112,0.75242387157604,-0.2976983184073204,0.5563179855977891,-1.1191120069138742,-0.3840356986917804,0.4917725995644773,1.1431654650377336,1.5770169407870533,0.9958328199461243,0.5773240127155521,-1.2174566222698786,-1.114988296686908,0.09048674484450792,0.0,1.0,0.0,1.0,0.6203095513534647,0.37969044864653534,0.37969044864653534,0.6203095513534647,0.0,0.37969044864653534,0.0,0.6203095513534647,0.0,0.0,0.37969044864653534,0.6203095513534647,0.0,0.0,1.0,0.0,1.0,0.0,1.0,0.0,1.0,0.0,0.6203095513534647,0.37969044864653534,0.37969044864653534,0.6203095513534647
-0.5877158126017253,-0.7412992243338695,-0.6730725060733347,0.16617751594847396,-0.25270734700649466,0.08406907301306177,0.40488026526825405,-0.8284292131358745,-0.7551358666240205,0.38730791010126353,-0.37579511899928403,-0.9009687153430227,-1.4953264139598046,-1.2164170549676727,0.0,1.0,0.0,1.0,1.0,0.0,0.0,1.0,0.29592023190077643,0.7040797680992236,0.0,0.0,0.0,0.0,0.0,0.0,1.0,0.0,1.0,0.0,1.0,0.0,1.0,0.0,1.0,0.0,0.29592023190077643,0.7040797680992236,0.0,1.0
-0.5877158126017253,0.41394883138682737,-1.021515630846625,-0.7620794323257384,-1.1191120069138742,-0.3840356986917804,-0.9393389379996216,-2.0545862106877877,-0.14789726841943915,-1.4540522172530326,-0.7105860319683066,-1.3468691820573226,-1.9501164178934738,-1.2721663564354488,1.0,0.0,0.0,1.0,1.0,0.0,0.0,1.0,0.0,0.0,0.7870358384910893,0.21296416150891073,0.0,0.21296416150891073,0.0,0.7870358384910893,0.0,0.0,1.0,0.0,1.0,0.0,1.0,0.0,0.21296416150891073,0.7870358384910893,0.0,1.0,0.0,1.0
1.0566211509578187,1.0622621079174683,-0.2976983184073204,-0.40249582974170117,0.11143700068845773,-0.16831493490161858,0.9937470564984153,-0.16225214973488297,-1.6375823816558561,0.9023555571110109,-0.8011771620977103,-2.1708903645518234,-4.055755296298563,-3.7979726617692613,1.0,0.0,1.0,0.0,0.13637147558676976,0.8636285244132302,0.8636285244132302,0.13637147558676976,0.13637147558676976,0.0,0.0,0.0,0.8636285244132302,0.0,0.0,1.0,0.0,0.0,1.0,0.0,1.0,0.0,1.0,0.0,0.0,1.0,0.0,1.0,0.13637147558676976,0.8636285244132302
-0.5877158126017253,-1.355985272769581,-1.2173734806299357,0.5371423359366926,-1.1191120069138742,-0.3840356986917804,0.11301782640049782,1.716320228093769,1.551928640308366,0.9958328199461243,-0.7949901224997231,-0.5333564800733459,-0.5565657701246463,-0.0907664983096215,0.014544665667881929,0.9854553343321181,1.0,0.0,0.0,1.0,0.0,1.0,0.9854553343321181,0.0,0.014544665667881929,0.0,0.0,0.0,0.0,1.0,0.0,0.0,1.0,0.0,0.9854553343321181,0.014544665667881929,1.0,0.0,0.014544665667881929,0.9854553343321181,0.0,1.0,0.0,1.0
0.5226947101329431,-0.7900324114273112,0.024728351611367327,1.4125016712345861,1.7097046707587573,0.643244729464455,-2.2865710481316612,-0.16225214973488297,1.2746502099087955,-0.3750882239584872,-0.5249287710493239,-0.7911170323746106,-1.002166527055677,-0.47285845199845133,0.0,1.0,1.0,0.0,0.350587558806597,0.649412441193403,0.0,1.0,0.350587558806597,0.0,0.0,0.649412441193403,0.0,0.0,0.0,0.350587558806597,0.649412441193403,0.0,1.0,0.0,0.0,1.0,0.649412441193403,0.350587558806597,1.0,0.0,0.0,1.0,1.0,0.0
1.393777903761282,-0.4775011415997428,-1.2173734806299357,-0.2214279695387792,-0.3931893827878422,4.36154829228522,0.7098350108865128,0.7839148807415693,0.8696601318983436,0.9958328199461243,0.8024080967815066,-0.8348590316332016,-0.8972969786909292,-0.1920729671630279,0.5899176868546331,0.4100823131453669,0.0,1.0,1.0,0.0,0.0,1.0,0.4100823131453669,0.0,0.0,0.5899176868546331,0.0,0.0,0.0,1.0,0.0,0.0,1.0,0.0,0.4100823131453669,0.5899176868546331,1.0,0.0,0.0,1.0,1.0,0.0,0.0,1.0
0.23445266917804672,0.9557328609650981,0.4237758932085819,-0.7620794323257384,0.11143700068845773,0.23643998830200302,1.1352010995399686,1.3589535278439362,1.238723277352473,0.9958328199461243,-0.13376286890684874,-1.2685809506126995,-1.1105827398942982,0.1923838644110517,0.6077559549002677,0.3922440450997323,0.0,1.0,1.0,0.0,0.0,1.0,0.0,0.0,0.0,0.3922440450997323,0.6077559549002677,0.0,0.0,0.3922440450997323,0.6077559549002677,0.0,0.3922440450997323,0.6077559549002677,0.0,1.0,1.0,0.0,0.0,1.0,0.0,1.0,0.0,1.0
1.5191115402806172,0.41394883138682737,0.10463650147317854,-0.02044782200459172,-0.5807776757666668,3.6695236301486465,-0.48555931742075353,-0.28057048445311683,-0.3635980592854664,-0.3750882239584872,0.5148218644360887,-2.3254476890711944,-0.6559994546260988,2.9949545914109157,0.0,1.0,0.0,1.0,1.0,0.0,0.0,1.0,1.0,0.0,0.0,0.0,0.0,0.43747492202372906,0.0,0.0,0.5625250779762709,0.0,1.0,0.0,0.5625250779762709,0.43747492202372906,1.0,0.0,0.0,1.0,0.43747492202372906,0.5625250779762709,0.5625250779762709,0.43747492202372906
1.7999919320977247,-1.368951114586313,-1.1292306124408467,1.7483584738114544,0.11143700068845773,2.7796869619595532,1.0357877867785774,-0.16225214973488297,0.6319008213354902,0.3760677292907241,-0.37579511899928403,-1.3390458237093337,-1.248236791758444,0.05759975760703884,1.0,0.0,0.0,1.0,0.09584130550625158,0.9041586944937484,1.0,0.0,0.09584130550625158,0.0,0.9041586944937484,0.0,0.0,0.0,0.0,1.0,0.0,0.0,1.0,0.0,0.0,1.0,1.0,0.0,1.0,0.0,0.0,1.0,0.09584130550625158,0.9041586944937484
0.7702964823637664,0.10349650471648092,-0.6179802215368868,-0.30294032382446706,-1.1191120069138742,1.1978256316338864,-1.6153740019534744,-0.16225214973488297,-1.5724560758747648,0.9958328199461243,-0.2086106737674378,-2.226938008982124,-3.078021628323386,-1.8231954720370283,0.0,1.0,1.0,0.0,0.6517445329766997,0.34825546702330035,0.0,1.0,0.34825546702330035,0.0,0.0,0.6517445329766997,0.0,0.0,0.0,1.0,0.0,0.0,1.0,0.0,1.0,0.0,0.6517445329766997,0.34825546702330035,0.6517445329766997,0.34825546702330035,1.0,0.0,0.0,1.0
2.2323652883104956,0.41394883138682737,-0.7446701138061675,-0.08443701697761097,-1.1191120069138742,4.36154829228522,0.6020552124716944,1.2702347893960162,0.24713528093523718,-1.3936897643456159,1.5324731974629304,-1.447244360867219,-1.4286161670028554,-0.09002030330857858,0.0,1.0,0.0,1.0,1.0,0.0,0.0,1.0,0.0,0.0,0.0,1.0,0.0,0.0,0.0,0.0,1.0,0.0,1.0,0.0,0.4860105108401892,0.5139894891598108,1.0,0.0,0.4860105108401892,0.5139894891598108,1.0,0.0,0.5139894891598108,0.4860105108401892
-1.0541369462770134,-0.28463862565210896,-1.2173734806299357,-0.7620794323257384,0.11143700068845773,-0.3840356986917804,0.09793108077017354,0.9886152672288089,-0.6371743805808671,-1.2088460647200578,-0.34102654480590155,-0.9805005149231114,-0.6222819368897576,0.600816541953761,1.0,0.0,0.21634698725885693,0.7836530127411431,1.0,0.0,0.0,1.0,1.0,0.0,0.0,0.0,0.0,0.0,0.0,1.0,0.0,0.0,0.21634698725885693,0.7836530127411431,0.0,1.0,1.0,0.0,0.7836530127411431,0.21634698725885693,0.0,1.0,0.0,1.0
1.5527646554357855,-1.0154530619979973,-0.8526829329704143,0.5563179855977891,-0.3765283265688488,3.1069969059376885,-0.11669505947680026,1.7300819112180217,1.0565609760759251,-1.2023804227703838,-0.8011771620977103,-1.2685809506126995,-3.2207793968919702,-3.848548197328565,1.0,0.0,1.0,0.0,1.0,0.0,0.6034572176787298,0.39654278232127016,0.6034572176787298,0.0,0.39654278232127016,0.0,0.0,0.6034572176787298,0.0,0.39654278232127016,0.0,0.0,1.0,0.0,0.39654278232127016,0.6034572176787298,1.0,0.0,0.39654278232127016,0.6034572176787298,1.0,0.0,0.6034572176787298,0.39654278232127016
0.5451610730960799,-0.4775011415997428,-0.8698160053559214,-0.7620794323257384,-0.6540711709195614,-0.3840356986917804,1.1352010995399686,1.1414839853645198,1.2510829304745266,0.21869887680256417,3.3957527172715727,-1.0398942682103935,-1.5991766048259588,-1.1613149239550165,0.0,1.0,0.0,1.0,1.0,0.0,0.0,1.0,0.0,0.0,1.0,0.0,0.0,0.0,0.0,0.6220867002278735,0.3779132997721265,0.0,1.0,0.0,0.3779132997721265,0.6220867002278735,1.0,0.0,1.0,0.0,0.3779132997721265,0.6220867002278735,0.0,1.0
1.0566211509578187,-0.2321094053603714,-1.0907928021438793,0.5563179855977891,-1.1191120069138742,-0.1663141719088157,0.24069707918184224,0.7839148807415693,-0.14789726841943915,0.807144331862053,-0.8011771620977103,-1.6361931858823764,-1.5991766048259588,-0.07121747803331217,0.0,1.0,1.0,0.0,1.0,0.0,0.0,1.0,0.0,0.0,1.0,0.0,0.0,0.0,0.0,1.0,0.0,0.0,1.0,0.0,1.0,0.0,0.8623637087467452,0.13763629125325483,0.13763629125325483,0.8623637087467452,0.0,1.0,0.13763629125325483,0.8623637087467452
0.27595522138663287,-0.38750146424619514,-0.2976983184073204,1.808163524093162,-1.1191120069138742,1.1978256316338864,0.15029182441629874,0.7839148807415693,1.4899443472622382,0.9266295806352054,-0.8011771620977103,-0.5890269891900461,-0.9327274244856327,-0.7093276398105902,0.0,1.0,1.0,0.0,1.0,0.0,0.0,1.0,0.0,0.0,1.0,0.0,0.0,0.0,0.0,1.0,0.0,0.0,1.0,0.0,0.050479376342357885,0.9495206236576421,0.9495206236576421,0.050479376342357885,1.0,0.0,0.0,1.0,0.050479376342357885,0.9495206236576421
-1.1680459333305109,-0.3463924909985111,-1.2173734806299357,-0.7620794323257384,0.11143700068845773,-0.3840356986917804,0.09793108077017354,0.9230709594540323,-0.7566652359707278,-1.1613618109137538,-0.48836507308175237,-0.9550347264162385,-0.5979711055278396,0.600816541953761,1.0,0.0,0.14707348092903794,0.8529265190709621,1.0,0.0,0.0,1.0,1.0,0.0,0.0,0.0,0.0,0.0,0.0,1.0,0.0,0.0,0.14707348092903794,0.8529265190709621,0.0,1.0,1.0,0.0,0.8529265190709621,0.14707348092903794,0.0,1.0,0.0,1.0
0.996263810192997,-0.4775011415997428,-0.2976983184073204,0.6531046710285091,-1.1191120069138742,1.1978256316338864,1.0590526441132966,1.6606215425168487,1.5770169407870533,-0.27444565440936664,-0.8011771620977103,-1.2146063761910226,-1.8728264425854713,-1.3659499046279397,0.9265876251614944,0.0734123748385056,1.0,0.0,1.0,0.0,0.0,1.0,0.0,0.0,1.0,0.0,0.0,0.0,0.0,1.0,0.0,0.0,1.0,0.0,0.9265876251614944,0.0734123748385056,1.0,0.0,1.0,0.0,0.9265876251614944,0.0734123748385056,0.0,1.0
-0.5877158126017253,-0.9161981977717482,-0.2976983184073204,-0.7620794323257384,-0.5135387908399102,-0.3840356986917804,0.09793108077017354,0.3033720619372632,1.1389890294412681,-1.0713566856320305,-0.15304333537902515,-1.4552852153707798,-1.253770205024336,0.2595014127060665,1.0,0.0,0.4921162930795382,0.5078837069204618,0.0,1.0,0.5078837069204618,0.4921162930795382,0.4921162930795382,0.0,0.5078837069204618,0.0,0.0,0.0,0.0,1.0,0.0,0.0,1.0,0.0,0.4921162930795382,0.5078837069204618,1.0,0.0,0.5078837069204618,0.4921162930795382,1.0,0.0,0.5078837069204618,0.4921162930795382
-1.197563897725597,-1.1387391616132732,-0.9798725309280111,2.5121753519916687,-0.20634537505169676,-0.3840356986917804,1.1352010995399686,0.7839148807415693,1.1315675259623412,0.3103722979938185,0.7904984847826805,-1.6361931858823764,-0.9879252160463003,1.0993015475331824,0.0,1.0,1.0,0.0,1.0,0.0,0.0,1.0,0.0,0.0,0.7417556117010417,0.25824438829895835,0.0,0.0,0.0,0.7417556117010417,0.25824438829895835,0.0,1.0,0.0,0.0,1.0,1.0,0.0,0.0,1.0,0.0,1.0,0.7417556117010417,0.25824438829895835
1.501302685100372,-0.5503579995947799,-0.3728619784286835,0.5563179855977891,-0.45355204850528097,1.1978256316338864,-1.5851357120657759,-2.0545862106877877,-0.4733948486514109,-1.1165703976270083,1.9464232025410197,-1.4674092642393957,-1.4093658082253115,-0.016293154015446287,1.0,0.0,0.0,1.0,1.0,0.0,0.0,1.0,0.0,0.0,1.0,0.0,0.0,0.0,0.0,1.0,0.0,0.0,1.0,0.0,0.4591357562382613,0.5408642437617387,1.0,0.0,1.0,0.0,0.4591357562382613,0.5408642437617387,0.0,1.0
1.8459564582124084,-1.368951114586313,-1.2173734806299357,0.5299929844115795,0.08686610602162714,1.1978256316338864,0.11864269177859144,-0.14335963078648073,-0.13067622111376842,-0.3477144612247668,0.03259935625818666,-1.643533455514261,-1.2622515203519526,0.587397753254071,1.0,0.0,1.0,0.0,1.0,0.0,0.0,1.0,0.980032575285477,0.0,0.019967424714522952,0.0,0.0,0.0,0.0,1.0,0.0,0.0,1.0,0.0,0.0,1.0,1.0,0.0,1.0,0.0,0.019967424714522952,0.980032575285477,0.0,1.0
-0.18270074216636267,-0.916645528182382,-1.2173734806299357,-0.7620794323257384,-1.1191120069138742,0.3952178148142747,1.1352010995399686,0.7839148807415693,0.27696470660082106,0.9958328199461243,-0.5853460102892235,-1.257726234741372,-1.5939953953975103,-0.7531732819586624,1.0,0.0,1.0,0.0,0.4926180939928696,0.5073819060071304,0.0,1.0,0.0,0.0,1.0,0.0,0.0,0.0,0.0,1.0,0.0,0.0,1.0,0.0,0.0,1.0,1.0,0.0,1.0,0.0,0.4926180939928696,0.5073819060071304,0.0,1.0
-0.3174266002889894,1.0123331902633068,1.5416520060379102,-0.7620794323257384,-0.7145670391269124,0.13600376090432248,-0.2573305600525736,0.14880178513520062,-0.4432860491382471,0.9958328199461243,2.0424990560657084,-1.0218218296493193,-0.8972969786909292,0.1497147882054256,0.0,1.0,0.0,1.0,1.0,0.0,0.0,1.0,0.0,0.0,0.0,0.3287516102875082,0.6712483897124918,0.0,0.0,0.3287516102875082,0.0,0.6712483897124918,1.0,0.0,0.0,1.0,1.0,0.0,0.6712483897124918,0.3287516102875082,0.6712483897124918,0.3287516102875082,0.0,1.0
-0.8070717683251393,-1.368951114586313,-0.20591709429912353,3.193112821444844,-0.3396812142199581,0.1958733135950168,1.1352010995399686,1.1307789057879174,1.260840903051033,0.5616615397411451,1.3681850910626614,-1.3666605230972118,-0.8972969786909292,0.7801163667461193,0.36659914568327423,0.6334008543167258,1.0,0.0,0.6334008543167258,0.36659914568327423,0.36659914568327423,0.6334008543167258,0.0,0.0,1.0,0.0,0.0,0.0,0.0,1.0,0.0,0.0,1.0,0.0,0.0,1.0,1.0,0.0,0.36659914568327423,0.6334008543167258,0.0,1.0,0.6334008543167258,0.36659914568327423
-1.4098842943814975,-0.4775011415997428,0.18026492200152477,-0.7620794323257384,1.0464750554232363,-0.3840356986917804,0.8861052490424283,0.06496571726641015,-1.0103543730226854,0.5020017963693453,-0.4779487529562876,-0.6216369477826171,-0.8130203201279274,-0.42047944688080086,0.24014561877819307,0.7598543812218069,0.0,1.0,1.0,0.0,0.0,1.0,0.24014561877819307,0.0,0.7598543812218069,0.0,0.0,0.0,0.0,1.0,0.0,0.0,0.0,1.0,0.7598543812218069,0.24014561877819307,1.0,0.0,1.0,0.0,0.0,1.0,0.0,1.0
1.8787896327375908,-1.368951114586313,-1.2173734806299357,0.5563179855977891,0.11143700068845773,1.1978256316338864,-2.7778067082255733,-1.911027450930517,0.6491309698776427,-1.6420066348982911,1.6220315064644084,-1.6361931858823764,-1.248236791758444,0.600816541953761,1.0,0.0,0.07586332810866392,0.9241366718913361,1.0,0.0,0.0,1.0,0.07586332810866392,0.0,0.9241366718913361,0.0,0.0,0.0,0.0,1.0,0.0,0.0,1.0,0.0,0.0,1.0,1.0,0.0,1.0,0.0,0.0,1.0,0.0,1.0
1.7728287874421131,-0.4775011415997428,-1.2173734806299357,0.38640329300808696,-0.9605191930166603,4.36154829228522,0.2316141523354786,0.7839148807415693,0.07440919518282102,0.9958328199461243,0.21405628236006913,-1.1738254253076832,-0.8972969786909292,0.4275934267329017,0.12887972191064923,0.8711202780893508,0.0,1.0,1.0,0.0,0.0,1.0,0.8711202780893508,0.0,0.0,0.12887972191064923,0.0,0.0,0.0,1.0,0.0,0.0,1.0,0.0,0.8711202780893508,0.12887972191064923,1.0,0.0,0.0,1.0,1.0,0.0,0.0,1.0
-0.5877158126017253,-1.368951114586313,-1.0996129029145154,0.38750268214001016,-0.9615453268567793,-0.3840356986917804,0.09793108077017354,1.6089291600064801,1.5770169407870533,0.8202920847344931,-0.8011771620977103,-0.6274989142258415,-0.5912935484113281,0.014833681864097017,0.12804583895777244,0.8719541610422276,1.0,0.0,0.0,1.0,0.0,1.0,1.0,0.0,0.0,0.0,0.0,0.0,0.0,1.0,0.0,0.0,1.0,0.0,1.0,0.0,1.0,0.0,0.0,1.0,0.12804583895777244,0.8719541610422276,0.0,1.0
1.8787896327375908,-1.368951114586313,-1.2173734806299357,0.756586104500027,0.11143700068845773,1.4381146284732964,0.2554951905208535,-0.16225214973488297,-0.01688771119139143,-0.2709649243775888,-0.015029754019271618,-1.580351897176837,-1.248236791758444,0.4987327641858295,1.0,0.0,0.8480973064877056,0.15190269351229435,0.8480973064877056,0.15190269351229435,0.15190269351229435,0.8480973064877056,0.8480973064877056,0.0,0.15190269351229435,0.0,0.0,0.0,0.0,1.0,0.0,0.0,1.0,0.0,0.0,1.0,1.0,0.0,1.0,0.0,0.0,1.0,0.0,1.0
0.12031334341110289,-1.2451936352781943,1.2863002009834035,2.8270540495276317,-1.1191120069138742,0.9782202956213395,1.1352010995399686,1.5987282175228876,0.5948273548203419,0.9006722737206967,1.9402787942345374,-1.0030378498506607,-0.9460169607092048,0.02207910488571037,0.8611728273505899,0.13882717264941014,1.0,0.0,0.13882717264941014,0.8611728273505899,0.8611728273505899,0.13882717264941014,0.0,0.0,0.8611728273505899,0.13882717264941014,0.0,0.0,0.0,0.8611728273505899,0.13882717264941014,0.0,1.0,0.0,0.0,1.0,1.0,0.0,0.8611728273505899,0.13882717264941014,0.0,1.0,0.0,1.0
-0.3560702624897818,0.985256605329428,0.3628588362553631,-0.7620794323257384,-0.3304842256988807,-0.3840356986917804,1.1352010995399686,1.7300819112180217,1.5770169407870533,0.9958328199461243,-0.648411727313858,-1.1365621128080161,-1.1222054418318606,-0.07121747803331217,0.6408747448032146,0.3591252551967854,0.0,1.0,1.0,0.0,0.0,1.0,0.0,0.0,0.0,0.3591252551967854,0.6408747448032146,0.0,0.0,0.0,1.0,0.0,0.0,1.0,0.3591252551967854,0.6408747448032146,1.0,0.0,0.3591252551967854,0.6408747448032146,0.0,1.0,0.0,1.0
1.2061572238142404,-1.368951114586313,-1.2173734806299357,1.8747154035213165,0.11143700068845773,2.7796869619595532,-0.5620214208825158,0.611825941382824,0.7145598361838071,0.871161202361157,-0.20178835840038212,-1.5693318415053692,-1.248236791758444,0.47858693767941557,1.0,0.0,0.0,1.0,0.8181199156008552,0.18188008439914483,0.18188008439914483,0.8181199156008552,0.0,0.0,1.0,0.0,0.0,0.0,0.0,1.0,0.0,0.0,1.0,0.0,0.8181199156008552,0.18188008439914483,1.0,0.0,0.18188008439914483,0.8181199156008552,0.0,1.0,0.8181199156008552,0.18188008439914483
0.23445266917804672,0.9972537139919986,0.3381049113245289,-0.7620794323257384,0.11143700068845773,0.16276200995696505,1.1352010995399686,1.4030229242226195,1.2788937364554842,0.9958328199461243,-0.2130145412473603,-1.2685809506126995,-1.126928379965212,0.16108269595683417,0.6543327166761368,0.3456672833238632,0.0,1.0,1.0,0.0,0.0,1.0,0.0,0.0,0.0,0.3456672833238632,0.6543327166761368,0.0,0.0,0.3456672833238632,0.6543327166761368,0.0,0.3456672833238632,0.6543327166761368,0.0,1.0,1.0,0.0,0.0,1.0,0.0,1.0,0.0,1.0
-1.4098842943814975,-1.368951114586313,-1.2173734806299357,1.738641509641621,-1.1191120069138742,1.1978256316338864,1.028142811545917,1.6324265075080402,1.398985802479137,-1.6752617974457462,-0.33189076193366607,-1.3444646372930769,-0.9697390909588995,0.600816541953761,1.0,0.0,1.0,0.0,0.8967884099060118,0.10321159009398817,0.0,1.0,0.0,0.0,1.0,0.0,0.0,0.0,0.0,0.8967884099060118,0.10321159009398817,0.0,1.0,0.0,0.8967884099060118,0.10321159009398817,1.0,0.0,0.10321159009398817,0.8967884099060118,0.0,1.0,0.0,1.0
0.6241289913748229,-0.5239249317682968,0.13819242998873354,-0.7620794323257384,-0.5358789808468232,1.9475672224234488,0.6435749000483362,0.28619472799238754,1.5770169407870533,-1.0962452812231798,1.4486929401648942,-2.352273617170287,-1.4328445953909337,1.5563715812303365,0.0,1.0,0.0,1.0,1.0,0.0,0.0,1.0,0.47396164026287235,0.0,0.5260383597371276,0.0,0.0,0.47396164026287235,0.0,0.5260383597371276,0.0,0.0,1.0,0.0,0.0,1.0,1.0,0.0,0.0,1.0,1.0,0.0,0.0,1.0
